[
  {
    "name": "Application Start",
    "start": 1572055976585,
    "end": 1572055977080,
    "duration": 495,
    "pid": 14128,
    "index": 0
  },
  {
    "name": "Load Plugin",
    "start": 1572055976591,
    "end": 1572055976607,
    "duration": 16,
    "pid": 14128,
    "index": 1
  },
  {
    "name": "Load Config",
    "start": 1572055976607,
    "end": 1572055976629,
    "duration": 22,
    "pid": 14128,
    "index": 2
  },
  {
    "name": "Require(0) config/config.default.js",
    "start": 1572055976608,
    "end": 1572055976608,
    "duration": 0,
    "pid": 14128,
    "index": 3
  },
  {
    "name": "Require(1) node_modules/egg-session/config/config.default.js",
    "start": 1572055976610,
    "end": 1572055976611,
    "duration": 1,
    "pid": 14128,
    "index": 4
  },
  {
    "name": "Require(2) node_modules/egg-security/config/config.default.js",
    "start": 1572055976611,
    "end": 1572055976611,
    "duration": 0,
    "pid": 14128,
    "index": 5
  },
  {
    "name": "Require(3) node_modules/egg-jsonp/config/config.default.js",
    "start": 1572055976612,
    "end": 1572055976613,
    "duration": 1,
    "pid": 14128,
    "index": 6
  },
  {
    "name": "Require(4) node_modules/egg-onerror/config/config.default.js",
    "start": 1572055976613,
    "end": 1572055976613,
    "duration": 0,
    "pid": 14128,
    "index": 7
  },
  {
    "name": "Require(5) node_modules/egg-i18n/config/config.default.js",
    "start": 1572055976614,
    "end": 1572055976614,
    "duration": 0,
    "pid": 14128,
    "index": 8
  },
  {
    "name": "Require(6) node_modules/egg-watcher/config/config.default.js",
    "start": 1572055976615,
    "end": 1572055976615,
    "duration": 0,
    "pid": 14128,
    "index": 9
  },
  {
    "name": "Require(7) node_modules/egg-schedule/config/config.default.js",
    "start": 1572055976616,
    "end": 1572055976616,
    "duration": 0,
    "pid": 14128,
    "index": 10
  },
  {
    "name": "Require(8) node_modules/egg-multipart/config/config.default.js",
    "start": 1572055976616,
    "end": 1572055976617,
    "duration": 1,
    "pid": 14128,
    "index": 11
  },
  {
    "name": "Require(9) node_modules/egg-development/config/config.default.js",
    "start": 1572055976617,
    "end": 1572055976618,
    "duration": 1,
    "pid": 14128,
    "index": 12
  },
  {
    "name": "Require(10) node_modules/egg-logrotator/config/config.default.js",
    "start": 1572055976618,
    "end": 1572055976620,
    "duration": 2,
    "pid": 14128,
    "index": 13
  },
  {
    "name": "Require(11) node_modules/egg-static/config/config.default.js",
    "start": 1572055976621,
    "end": 1572055976621,
    "duration": 0,
    "pid": 14128,
    "index": 14
  },
  {
    "name": "Require(12) node_modules/egg-view/config/config.default.js",
    "start": 1572055976621,
    "end": 1572055976622,
    "duration": 1,
    "pid": 14128,
    "index": 15
  },
  {
    "name": "Require(13) node_modules/egg-mysql/config/config.default.js",
    "start": 1572055976622,
    "end": 1572055976623,
    "duration": 1,
    "pid": 14128,
    "index": 16
  },
  {
    "name": "Require(14) node_modules/egg/config/config.default.js",
    "start": 1572055976623,
    "end": 1572055976624,
    "duration": 1,
    "pid": 14128,
    "index": 17
  },
  {
    "name": "Require(15) config/config.default.js",
    "start": 1572055976625,
    "end": 1572055976625,
    "duration": 0,
    "pid": 14128,
    "index": 18
  },
  {
    "name": "Require(16) node_modules/egg-security/config/config.local.js",
    "start": 1572055976626,
    "end": 1572055976626,
    "duration": 0,
    "pid": 14128,
    "index": 19
  },
  {
    "name": "Require(17) node_modules/egg-watcher/config/config.local.js",
    "start": 1572055976627,
    "end": 1572055976627,
    "duration": 0,
    "pid": 14128,
    "index": 20
  },
  {
    "name": "Require(18) node_modules/egg-view/config/config.local.js",
    "start": 1572055976628,
    "end": 1572055976628,
    "duration": 0,
    "pid": 14128,
    "index": 21
  },
  {
    "name": "Require(19) node_modules/egg/config/config.local.js",
    "start": 1572055976628,
    "end": 1572055976629,
    "duration": 1,
    "pid": 14128,
    "index": 22
  },
  {
    "name": "Load extend/application.js",
    "start": 1572055976631,
    "end": 1572055976642,
    "duration": 11,
    "pid": 14128,
    "index": 23
  },
  {
    "name": "Require(20) node_modules/egg-session/app/extend/application.js",
    "start": 1572055976631,
    "end": 1572055976632,
    "duration": 1,
    "pid": 14128,
    "index": 24
  },
  {
    "name": "Require(21) node_modules/egg-security/app/extend/application.js",
    "start": 1572055976632,
    "end": 1572055976633,
    "duration": 1,
    "pid": 14128,
    "index": 25
  },
  {
    "name": "Require(22) node_modules/egg-jsonp/app/extend/application.js",
    "start": 1572055976634,
    "end": 1572055976635,
    "duration": 1,
    "pid": 14128,
    "index": 26
  },
  {
    "name": "Require(23) node_modules/egg-logrotator/app/extend/application.js",
    "start": 1572055976636,
    "end": 1572055976638,
    "duration": 2,
    "pid": 14128,
    "index": 27
  },
  {
    "name": "Require(24) node_modules/egg-view/app/extend/application.js",
    "start": 1572055976638,
    "end": 1572055976640,
    "duration": 2,
    "pid": 14128,
    "index": 28
  },
  {
    "name": "Load extend/request.js",
    "start": 1572055976642,
    "end": 1572055976646,
    "duration": 4,
    "pid": 14128,
    "index": 29
  },
  {
    "name": "Require(25) node_modules/egg/app/extend/request.js",
    "start": 1572055976643,
    "end": 1572055976644,
    "duration": 1,
    "pid": 14128,
    "index": 30
  },
  {
    "name": "Load extend/response.js",
    "start": 1572055976646,
    "end": 1572055976651,
    "duration": 5,
    "pid": 14128,
    "index": 31
  },
  {
    "name": "Require(26) node_modules/egg/app/extend/response.js",
    "start": 1572055976647,
    "end": 1572055976649,
    "duration": 2,
    "pid": 14128,
    "index": 32
  },
  {
    "name": "Load extend/context.js",
    "start": 1572055976651,
    "end": 1572055976727,
    "duration": 76,
    "pid": 14128,
    "index": 33
  },
  {
    "name": "Require(27) node_modules/egg-security/app/extend/context.js",
    "start": 1572055976652,
    "end": 1572055976664,
    "duration": 12,
    "pid": 14128,
    "index": 34
  },
  {
    "name": "Require(28) node_modules/egg-jsonp/app/extend/context.js",
    "start": 1572055976665,
    "end": 1572055976666,
    "duration": 1,
    "pid": 14128,
    "index": 35
  },
  {
    "name": "Require(29) node_modules/egg-i18n/app/extend/context.js",
    "start": 1572055976667,
    "end": 1572055976667,
    "duration": 0,
    "pid": 14128,
    "index": 36
  },
  {
    "name": "Require(30) node_modules/egg-multipart/app/extend/context.js",
    "start": 1572055976668,
    "end": 1572055976721,
    "duration": 53,
    "pid": 14128,
    "index": 37
  },
  {
    "name": "Require(31) node_modules/egg-view/app/extend/context.js",
    "start": 1572055976722,
    "end": 1572055976723,
    "duration": 1,
    "pid": 14128,
    "index": 38
  },
  {
    "name": "Require(32) node_modules/egg/app/extend/context.js",
    "start": 1572055976724,
    "end": 1572055976726,
    "duration": 2,
    "pid": 14128,
    "index": 39
  },
  {
    "name": "Load extend/helper.js",
    "start": 1572055976727,
    "end": 1572055976746,
    "duration": 19,
    "pid": 14128,
    "index": 40
  },
  {
    "name": "Require(33) node_modules/egg-security/app/extend/helper.js",
    "start": 1572055976728,
    "end": 1572055976744,
    "duration": 16,
    "pid": 14128,
    "index": 41
  },
  {
    "name": "Require(34) node_modules/egg/app/extend/helper.js",
    "start": 1572055976745,
    "end": 1572055976745,
    "duration": 0,
    "pid": 14128,
    "index": 42
  },
  {
    "name": "Load app.js",
    "start": 1572055976747,
    "end": 1572055976798,
    "duration": 51,
    "pid": 14128,
    "index": 43
  },
  {
    "name": "Require(35) node_modules/egg-session/app.js",
    "start": 1572055976747,
    "end": 1572055976747,
    "duration": 0,
    "pid": 14128,
    "index": 44
  },
  {
    "name": "Require(36) node_modules/egg-security/app.js",
    "start": 1572055976748,
    "end": 1572055976749,
    "duration": 1,
    "pid": 14128,
    "index": 45
  },
  {
    "name": "Require(37) node_modules/egg-onerror/app.js",
    "start": 1572055976750,
    "end": 1572055976757,
    "duration": 7,
    "pid": 14128,
    "index": 46
  },
  {
    "name": "Require(38) node_modules/egg-i18n/app.js",
    "start": 1572055976757,
    "end": 1572055976771,
    "duration": 14,
    "pid": 14128,
    "index": 47
  },
  {
    "name": "Require(39) node_modules/egg-watcher/app.js",
    "start": 1572055976771,
    "end": 1572055976774,
    "duration": 3,
    "pid": 14128,
    "index": 48
  },
  {
    "name": "Require(40) node_modules/egg-schedule/app.js",
    "start": 1572055976775,
    "end": 1572055976776,
    "duration": 1,
    "pid": 14128,
    "index": 49
  },
  {
    "name": "Require(41) node_modules/egg-multipart/app.js",
    "start": 1572055976777,
    "end": 1572055976779,
    "duration": 2,
    "pid": 14128,
    "index": 50
  },
  {
    "name": "Require(42) node_modules/egg-development/app.js",
    "start": 1572055976780,
    "end": 1572055976780,
    "duration": 0,
    "pid": 14128,
    "index": 51
  },
  {
    "name": "Require(43) node_modules/egg-logrotator/app.js",
    "start": 1572055976780,
    "end": 1572055976781,
    "duration": 1,
    "pid": 14128,
    "index": 52
  },
  {
    "name": "Require(44) node_modules/egg-static/app.js",
    "start": 1572055976781,
    "end": 1572055976781,
    "duration": 0,
    "pid": 14128,
    "index": 53
  },
  {
    "name": "Require(45) node_modules/egg-mysql/app.js",
    "start": 1572055976782,
    "end": 1572055976797,
    "duration": 15,
    "pid": 14128,
    "index": 54
  },
  {
    "name": "Before Start in node_modules/egg-watcher/lib/init.js:15:14",
    "start": 1572055976811,
    "end": 1572055977069,
    "duration": 258,
    "pid": 14128,
    "index": 55
  },
  {
    "name": "Before Start in node_modules/egg-mysql/lib/mysql.js:20:7",
    "start": 1572055976911,
    "end": 1572055977079,
    "duration": 168,
    "pid": 14128,
    "index": 56
  },
  {
    "name": "Load Service",
    "start": 1572055976911,
    "end": 1572055976914,
    "duration": 3,
    "pid": 14128,
    "index": 57
  },
  {
    "name": "Load \"service\" to Context",
    "start": 1572055976911,
    "end": 1572055976914,
    "duration": 3,
    "pid": 14128,
    "index": 58
  },
  {
    "name": "Load Middleware",
    "start": 1572055976914,
    "end": 1572055977018,
    "duration": 104,
    "pid": 14128,
    "index": 59
  },
  {
    "name": "Load \"middlewares\" to Application",
    "start": 1572055976914,
    "end": 1572055977004,
    "duration": 90,
    "pid": 14128,
    "index": 60
  },
  {
    "name": "Load Controller",
    "start": 1572055977018,
    "end": 1572055977029,
    "duration": 11,
    "pid": 14128,
    "index": 61
  },
  {
    "name": "Load \"controller\" to Application",
    "start": 1572055977019,
    "end": 1572055977029,
    "duration": 10,
    "pid": 14128,
    "index": 62
  },
  {
    "name": "Load Router",
    "start": 1572055977029,
    "end": 1572055977034,
    "duration": 5,
    "pid": 14128,
    "index": 63
  },
  {
    "name": "Require(46) app/router.js",
    "start": 1572055977031,
    "end": 1572055977032,
    "duration": 1,
    "pid": 14128,
    "index": 64
  },
  {
    "name": "Before Start in node_modules/egg-core/lib/egg.js:303:10",
    "start": 1572055977032,
    "end": 1572055977047,
    "duration": 15,
    "pid": 14128,
    "index": 65
  }
]