[
  {
    "name": "Application Start",
    "start": 1572056740937,
    "end": 1572056741401,
    "duration": 464,
    "pid": 8588,
    "index": 0
  },
  {
    "name": "Load Plugin",
    "start": 1572056740942,
    "end": 1572056740963,
    "duration": 21,
    "pid": 8588,
    "index": 1
  },
  {
    "name": "Load Config",
    "start": 1572056740963,
    "end": 1572056740989,
    "duration": 26,
    "pid": 8588,
    "index": 2
  },
  {
    "name": "Require(0) config/config.default.js",
    "start": 1572056740964,
    "end": 1572056740964,
    "duration": 0,
    "pid": 8588,
    "index": 3
  },
  {
    "name": "Require(1) node_modules/egg-session/config/config.default.js",
    "start": 1572056740966,
    "end": 1572056740966,
    "duration": 0,
    "pid": 8588,
    "index": 4
  },
  {
    "name": "Require(2) node_modules/egg-security/config/config.default.js",
    "start": 1572056740966,
    "end": 1572056740967,
    "duration": 1,
    "pid": 8588,
    "index": 5
  },
  {
    "name": "Require(3) node_modules/egg-jsonp/config/config.default.js",
    "start": 1572056740967,
    "end": 1572056740968,
    "duration": 1,
    "pid": 8588,
    "index": 6
  },
  {
    "name": "Require(4) node_modules/egg-onerror/config/config.default.js",
    "start": 1572056740968,
    "end": 1572056740969,
    "duration": 1,
    "pid": 8588,
    "index": 7
  },
  {
    "name": "Require(5) node_modules/egg-i18n/config/config.default.js",
    "start": 1572056740971,
    "end": 1572056740972,
    "duration": 1,
    "pid": 8588,
    "index": 8
  },
  {
    "name": "Require(6) node_modules/egg-watcher/config/config.default.js",
    "start": 1572056740973,
    "end": 1572056740973,
    "duration": 0,
    "pid": 8588,
    "index": 9
  },
  {
    "name": "Require(7) node_modules/egg-schedule/config/config.default.js",
    "start": 1572056740974,
    "end": 1572056740974,
    "duration": 0,
    "pid": 8588,
    "index": 10
  },
  {
    "name": "Require(8) node_modules/egg-multipart/config/config.default.js",
    "start": 1572056740975,
    "end": 1572056740975,
    "duration": 0,
    "pid": 8588,
    "index": 11
  },
  {
    "name": "Require(9) node_modules/egg-development/config/config.default.js",
    "start": 1572056740976,
    "end": 1572056740976,
    "duration": 0,
    "pid": 8588,
    "index": 12
  },
  {
    "name": "Require(10) node_modules/egg-logrotator/config/config.default.js",
    "start": 1572056740977,
    "end": 1572056740979,
    "duration": 2,
    "pid": 8588,
    "index": 13
  },
  {
    "name": "Require(11) node_modules/egg-static/config/config.default.js",
    "start": 1572056740979,
    "end": 1572056740979,
    "duration": 0,
    "pid": 8588,
    "index": 14
  },
  {
    "name": "Require(12) node_modules/egg-view/config/config.default.js",
    "start": 1572056740980,
    "end": 1572056740980,
    "duration": 0,
    "pid": 8588,
    "index": 15
  },
  {
    "name": "Require(13) node_modules/egg-mysql/config/config.default.js",
    "start": 1572056740981,
    "end": 1572056740981,
    "duration": 0,
    "pid": 8588,
    "index": 16
  },
  {
    "name": "Require(14) node_modules/egg/config/config.default.js",
    "start": 1572056740981,
    "end": 1572056740982,
    "duration": 1,
    "pid": 8588,
    "index": 17
  },
  {
    "name": "Require(15) config/config.default.js",
    "start": 1572056740983,
    "end": 1572056740983,
    "duration": 0,
    "pid": 8588,
    "index": 18
  },
  {
    "name": "Require(16) node_modules/egg-security/config/config.local.js",
    "start": 1572056740984,
    "end": 1572056740984,
    "duration": 0,
    "pid": 8588,
    "index": 19
  },
  {
    "name": "Require(17) node_modules/egg-watcher/config/config.local.js",
    "start": 1572056740985,
    "end": 1572056740985,
    "duration": 0,
    "pid": 8588,
    "index": 20
  },
  {
    "name": "Require(18) node_modules/egg-view/config/config.local.js",
    "start": 1572056740987,
    "end": 1572056740988,
    "duration": 1,
    "pid": 8588,
    "index": 21
  },
  {
    "name": "Require(19) node_modules/egg/config/config.local.js",
    "start": 1572056740988,
    "end": 1572056740989,
    "duration": 1,
    "pid": 8588,
    "index": 22
  },
  {
    "name": "Load extend/application.js",
    "start": 1572056740991,
    "end": 1572056741007,
    "duration": 16,
    "pid": 8588,
    "index": 23
  },
  {
    "name": "Require(20) node_modules/egg-session/app/extend/application.js",
    "start": 1572056740992,
    "end": 1572056740993,
    "duration": 1,
    "pid": 8588,
    "index": 24
  },
  {
    "name": "Require(21) node_modules/egg-security/app/extend/application.js",
    "start": 1572056740993,
    "end": 1572056740995,
    "duration": 2,
    "pid": 8588,
    "index": 25
  },
  {
    "name": "Require(22) node_modules/egg-jsonp/app/extend/application.js",
    "start": 1572056740995,
    "end": 1572056740997,
    "duration": 2,
    "pid": 8588,
    "index": 26
  },
  {
    "name": "Require(23) node_modules/egg-logrotator/app/extend/application.js",
    "start": 1572056740998,
    "end": 1572056741002,
    "duration": 4,
    "pid": 8588,
    "index": 27
  },
  {
    "name": "Require(24) node_modules/egg-view/app/extend/application.js",
    "start": 1572056741003,
    "end": 1572056741006,
    "duration": 3,
    "pid": 8588,
    "index": 28
  },
  {
    "name": "Load extend/request.js",
    "start": 1572056741007,
    "end": 1572056741010,
    "duration": 3,
    "pid": 8588,
    "index": 29
  },
  {
    "name": "Require(25) node_modules/egg/app/extend/request.js",
    "start": 1572056741008,
    "end": 1572056741009,
    "duration": 1,
    "pid": 8588,
    "index": 30
  },
  {
    "name": "Load extend/response.js",
    "start": 1572056741011,
    "end": 1572056741015,
    "duration": 4,
    "pid": 8588,
    "index": 31
  },
  {
    "name": "Require(26) node_modules/egg/app/extend/response.js",
    "start": 1572056741012,
    "end": 1572056741013,
    "duration": 1,
    "pid": 8588,
    "index": 32
  },
  {
    "name": "Load extend/context.js",
    "start": 1572056741015,
    "end": 1572056741077,
    "duration": 62,
    "pid": 8588,
    "index": 33
  },
  {
    "name": "Require(27) node_modules/egg-security/app/extend/context.js",
    "start": 1572056741015,
    "end": 1572056741028,
    "duration": 13,
    "pid": 8588,
    "index": 34
  },
  {
    "name": "Require(28) node_modules/egg-jsonp/app/extend/context.js",
    "start": 1572056741028,
    "end": 1572056741030,
    "duration": 2,
    "pid": 8588,
    "index": 35
  },
  {
    "name": "Require(29) node_modules/egg-i18n/app/extend/context.js",
    "start": 1572056741030,
    "end": 1572056741030,
    "duration": 0,
    "pid": 8588,
    "index": 36
  },
  {
    "name": "Require(30) node_modules/egg-multipart/app/extend/context.js",
    "start": 1572056741031,
    "end": 1572056741073,
    "duration": 42,
    "pid": 8588,
    "index": 37
  },
  {
    "name": "Require(31) node_modules/egg-view/app/extend/context.js",
    "start": 1572056741074,
    "end": 1572056741075,
    "duration": 1,
    "pid": 8588,
    "index": 38
  },
  {
    "name": "Require(32) node_modules/egg/app/extend/context.js",
    "start": 1572056741075,
    "end": 1572056741076,
    "duration": 1,
    "pid": 8588,
    "index": 39
  },
  {
    "name": "Load extend/helper.js",
    "start": 1572056741077,
    "end": 1572056741100,
    "duration": 23,
    "pid": 8588,
    "index": 40
  },
  {
    "name": "Require(33) node_modules/egg-security/app/extend/helper.js",
    "start": 1572056741078,
    "end": 1572056741096,
    "duration": 18,
    "pid": 8588,
    "index": 41
  },
  {
    "name": "Require(34) node_modules/egg/app/extend/helper.js",
    "start": 1572056741097,
    "end": 1572056741098,
    "duration": 1,
    "pid": 8588,
    "index": 42
  },
  {
    "name": "Load app.js",
    "start": 1572056741100,
    "end": 1572056741156,
    "duration": 56,
    "pid": 8588,
    "index": 43
  },
  {
    "name": "Require(35) node_modules/egg-session/app.js",
    "start": 1572056741101,
    "end": 1572056741101,
    "duration": 0,
    "pid": 8588,
    "index": 44
  },
  {
    "name": "Require(36) node_modules/egg-security/app.js",
    "start": 1572056741102,
    "end": 1572056741104,
    "duration": 2,
    "pid": 8588,
    "index": 45
  },
  {
    "name": "Require(37) node_modules/egg-onerror/app.js",
    "start": 1572056741104,
    "end": 1572056741113,
    "duration": 9,
    "pid": 8588,
    "index": 46
  },
  {
    "name": "Require(38) node_modules/egg-i18n/app.js",
    "start": 1572056741114,
    "end": 1572056741128,
    "duration": 14,
    "pid": 8588,
    "index": 47
  },
  {
    "name": "Require(39) node_modules/egg-watcher/app.js",
    "start": 1572056741129,
    "end": 1572056741132,
    "duration": 3,
    "pid": 8588,
    "index": 48
  },
  {
    "name": "Require(40) node_modules/egg-schedule/app.js",
    "start": 1572056741132,
    "end": 1572056741134,
    "duration": 2,
    "pid": 8588,
    "index": 49
  },
  {
    "name": "Require(41) node_modules/egg-multipart/app.js",
    "start": 1572056741134,
    "end": 1572056741137,
    "duration": 3,
    "pid": 8588,
    "index": 50
  },
  {
    "name": "Require(42) node_modules/egg-development/app.js",
    "start": 1572056741137,
    "end": 1572056741137,
    "duration": 0,
    "pid": 8588,
    "index": 51
  },
  {
    "name": "Require(43) node_modules/egg-logrotator/app.js",
    "start": 1572056741138,
    "end": 1572056741138,
    "duration": 0,
    "pid": 8588,
    "index": 52
  },
  {
    "name": "Require(44) node_modules/egg-static/app.js",
    "start": 1572056741138,
    "end": 1572056741138,
    "duration": 0,
    "pid": 8588,
    "index": 53
  },
  {
    "name": "Require(45) node_modules/egg-mysql/app.js",
    "start": 1572056741139,
    "end": 1572056741155,
    "duration": 16,
    "pid": 8588,
    "index": 54
  },
  {
    "name": "Before Start in node_modules/egg-watcher/lib/init.js:15:14",
    "start": 1572056741169,
    "end": 1572056741390,
    "duration": 221,
    "pid": 8588,
    "index": 55
  },
  {
    "name": "Before Start in node_modules/egg-mysql/lib/mysql.js:20:7",
    "start": 1572056741267,
    "end": 1572056741401,
    "duration": 134,
    "pid": 8588,
    "index": 56
  },
  {
    "name": "Load Service",
    "start": 1572056741268,
    "end": 1572056741272,
    "duration": 4,
    "pid": 8588,
    "index": 57
  },
  {
    "name": "Load \"service\" to Context",
    "start": 1572056741268,
    "end": 1572056741272,
    "duration": 4,
    "pid": 8588,
    "index": 58
  },
  {
    "name": "Load Middleware",
    "start": 1572056741272,
    "end": 1572056741348,
    "duration": 76,
    "pid": 8588,
    "index": 59
  },
  {
    "name": "Load \"middlewares\" to Application",
    "start": 1572056741272,
    "end": 1572056741341,
    "duration": 69,
    "pid": 8588,
    "index": 60
  },
  {
    "name": "Load Controller",
    "start": 1572056741348,
    "end": 1572056741356,
    "duration": 8,
    "pid": 8588,
    "index": 61
  },
  {
    "name": "Load \"controller\" to Application",
    "start": 1572056741349,
    "end": 1572056741356,
    "duration": 7,
    "pid": 8588,
    "index": 62
  },
  {
    "name": "Load Router",
    "start": 1572056741356,
    "end": 1572056741359,
    "duration": 3,
    "pid": 8588,
    "index": 63
  },
  {
    "name": "Require(46) app/router.js",
    "start": 1572056741357,
    "end": 1572056741357,
    "duration": 0,
    "pid": 8588,
    "index": 64
  },
  {
    "name": "Before Start in node_modules/egg-core/lib/egg.js:303:10",
    "start": 1572056741357,
    "end": 1572056741373,
    "duration": 16,
    "pid": 8588,
    "index": 65
  }
]