[
  {
    "name": "Application Start",
    "start": 1572056219960,
    "end": 1572056220466,
    "duration": 506,
    "pid": 12216,
    "index": 0
  },
  {
    "name": "Load Plugin",
    "start": 1572056219965,
    "end": 1572056219994,
    "duration": 29,
    "pid": 12216,
    "index": 1
  },
  {
    "name": "Load Config",
    "start": 1572056219994,
    "end": 1572056220018,
    "duration": 24,
    "pid": 12216,
    "index": 2
  },
  {
    "name": "Require(0) config/config.default.js",
    "start": 1572056219995,
    "end": 1572056219996,
    "duration": 1,
    "pid": 12216,
    "index": 3
  },
  {
    "name": "Require(1) node_modules/egg-session/config/config.default.js",
    "start": 1572056219997,
    "end": 1572056219997,
    "duration": 0,
    "pid": 12216,
    "index": 4
  },
  {
    "name": "Require(2) node_modules/egg-security/config/config.default.js",
    "start": 1572056219998,
    "end": 1572056219998,
    "duration": 0,
    "pid": 12216,
    "index": 5
  },
  {
    "name": "Require(3) node_modules/egg-jsonp/config/config.default.js",
    "start": 1572056219999,
    "end": 1572056220000,
    "duration": 1,
    "pid": 12216,
    "index": 6
  },
  {
    "name": "Require(4) node_modules/egg-onerror/config/config.default.js",
    "start": 1572056220001,
    "end": 1572056220001,
    "duration": 0,
    "pid": 12216,
    "index": 7
  },
  {
    "name": "Require(5) node_modules/egg-i18n/config/config.default.js",
    "start": 1572056220002,
    "end": 1572056220002,
    "duration": 0,
    "pid": 12216,
    "index": 8
  },
  {
    "name": "Require(6) node_modules/egg-watcher/config/config.default.js",
    "start": 1572056220003,
    "end": 1572056220003,
    "duration": 0,
    "pid": 12216,
    "index": 9
  },
  {
    "name": "Require(7) node_modules/egg-schedule/config/config.default.js",
    "start": 1572056220003,
    "end": 1572056220004,
    "duration": 1,
    "pid": 12216,
    "index": 10
  },
  {
    "name": "Require(8) node_modules/egg-multipart/config/config.default.js",
    "start": 1572056220004,
    "end": 1572056220004,
    "duration": 0,
    "pid": 12216,
    "index": 11
  },
  {
    "name": "Require(9) node_modules/egg-development/config/config.default.js",
    "start": 1572056220006,
    "end": 1572056220006,
    "duration": 0,
    "pid": 12216,
    "index": 12
  },
  {
    "name": "Require(10) node_modules/egg-logrotator/config/config.default.js",
    "start": 1572056220007,
    "end": 1572056220009,
    "duration": 2,
    "pid": 12216,
    "index": 13
  },
  {
    "name": "Require(11) node_modules/egg-static/config/config.default.js",
    "start": 1572056220009,
    "end": 1572056220010,
    "duration": 1,
    "pid": 12216,
    "index": 14
  },
  {
    "name": "Require(12) node_modules/egg-view/config/config.default.js",
    "start": 1572056220010,
    "end": 1572056220011,
    "duration": 1,
    "pid": 12216,
    "index": 15
  },
  {
    "name": "Require(13) node_modules/egg-mysql/config/config.default.js",
    "start": 1572056220011,
    "end": 1572056220011,
    "duration": 0,
    "pid": 12216,
    "index": 16
  },
  {
    "name": "Require(14) node_modules/egg/config/config.default.js",
    "start": 1572056220012,
    "end": 1572056220012,
    "duration": 0,
    "pid": 12216,
    "index": 17
  },
  {
    "name": "Require(15) config/config.default.js",
    "start": 1572056220014,
    "end": 1572056220014,
    "duration": 0,
    "pid": 12216,
    "index": 18
  },
  {
    "name": "Require(16) node_modules/egg-security/config/config.local.js",
    "start": 1572056220014,
    "end": 1572056220014,
    "duration": 0,
    "pid": 12216,
    "index": 19
  },
  {
    "name": "Require(17) node_modules/egg-watcher/config/config.local.js",
    "start": 1572056220015,
    "end": 1572056220015,
    "duration": 0,
    "pid": 12216,
    "index": 20
  },
  {
    "name": "Require(18) node_modules/egg-view/config/config.local.js",
    "start": 1572056220017,
    "end": 1572056220017,
    "duration": 0,
    "pid": 12216,
    "index": 21
  },
  {
    "name": "Require(19) node_modules/egg/config/config.local.js",
    "start": 1572056220017,
    "end": 1572056220018,
    "duration": 1,
    "pid": 12216,
    "index": 22
  },
  {
    "name": "Load extend/application.js",
    "start": 1572056220019,
    "end": 1572056220030,
    "duration": 11,
    "pid": 12216,
    "index": 23
  },
  {
    "name": "Require(20) node_modules/egg-session/app/extend/application.js",
    "start": 1572056220020,
    "end": 1572056220021,
    "duration": 1,
    "pid": 12216,
    "index": 24
  },
  {
    "name": "Require(21) node_modules/egg-security/app/extend/application.js",
    "start": 1572056220021,
    "end": 1572056220022,
    "duration": 1,
    "pid": 12216,
    "index": 25
  },
  {
    "name": "Require(22) node_modules/egg-jsonp/app/extend/application.js",
    "start": 1572056220023,
    "end": 1572056220024,
    "duration": 1,
    "pid": 12216,
    "index": 26
  },
  {
    "name": "Require(23) node_modules/egg-logrotator/app/extend/application.js",
    "start": 1572056220025,
    "end": 1572056220027,
    "duration": 2,
    "pid": 12216,
    "index": 27
  },
  {
    "name": "Require(24) node_modules/egg-view/app/extend/application.js",
    "start": 1572056220027,
    "end": 1572056220029,
    "duration": 2,
    "pid": 12216,
    "index": 28
  },
  {
    "name": "Load extend/request.js",
    "start": 1572056220030,
    "end": 1572056220034,
    "duration": 4,
    "pid": 12216,
    "index": 29
  },
  {
    "name": "Require(25) node_modules/egg/app/extend/request.js",
    "start": 1572056220031,
    "end": 1572056220033,
    "duration": 2,
    "pid": 12216,
    "index": 30
  },
  {
    "name": "Load extend/response.js",
    "start": 1572056220034,
    "end": 1572056220039,
    "duration": 5,
    "pid": 12216,
    "index": 31
  },
  {
    "name": "Require(26) node_modules/egg/app/extend/response.js",
    "start": 1572056220036,
    "end": 1572056220037,
    "duration": 1,
    "pid": 12216,
    "index": 32
  },
  {
    "name": "Load extend/context.js",
    "start": 1572056220039,
    "end": 1572056220100,
    "duration": 61,
    "pid": 12216,
    "index": 33
  },
  {
    "name": "Require(27) node_modules/egg-security/app/extend/context.js",
    "start": 1572056220039,
    "end": 1572056220047,
    "duration": 8,
    "pid": 12216,
    "index": 34
  },
  {
    "name": "Require(28) node_modules/egg-jsonp/app/extend/context.js",
    "start": 1572056220048,
    "end": 1572056220051,
    "duration": 3,
    "pid": 12216,
    "index": 35
  },
  {
    "name": "Require(29) node_modules/egg-i18n/app/extend/context.js",
    "start": 1572056220051,
    "end": 1572056220051,
    "duration": 0,
    "pid": 12216,
    "index": 36
  },
  {
    "name": "Require(30) node_modules/egg-multipart/app/extend/context.js",
    "start": 1572056220052,
    "end": 1572056220094,
    "duration": 42,
    "pid": 12216,
    "index": 37
  },
  {
    "name": "Require(31) node_modules/egg-view/app/extend/context.js",
    "start": 1572056220095,
    "end": 1572056220097,
    "duration": 2,
    "pid": 12216,
    "index": 38
  },
  {
    "name": "Require(32) node_modules/egg/app/extend/context.js",
    "start": 1572056220097,
    "end": 1572056220099,
    "duration": 2,
    "pid": 12216,
    "index": 39
  },
  {
    "name": "Load extend/helper.js",
    "start": 1572056220100,
    "end": 1572056220120,
    "duration": 20,
    "pid": 12216,
    "index": 40
  },
  {
    "name": "Require(33) node_modules/egg-security/app/extend/helper.js",
    "start": 1572056220100,
    "end": 1572056220117,
    "duration": 17,
    "pid": 12216,
    "index": 41
  },
  {
    "name": "Require(34) node_modules/egg/app/extend/helper.js",
    "start": 1572056220118,
    "end": 1572056220119,
    "duration": 1,
    "pid": 12216,
    "index": 42
  },
  {
    "name": "Load app.js",
    "start": 1572056220120,
    "end": 1572056220179,
    "duration": 59,
    "pid": 12216,
    "index": 43
  },
  {
    "name": "Require(35) node_modules/egg-session/app.js",
    "start": 1572056220121,
    "end": 1572056220121,
    "duration": 0,
    "pid": 12216,
    "index": 44
  },
  {
    "name": "Require(36) node_modules/egg-security/app.js",
    "start": 1572056220121,
    "end": 1572056220123,
    "duration": 2,
    "pid": 12216,
    "index": 45
  },
  {
    "name": "Require(37) node_modules/egg-onerror/app.js",
    "start": 1572056220123,
    "end": 1572056220135,
    "duration": 12,
    "pid": 12216,
    "index": 46
  },
  {
    "name": "Require(38) node_modules/egg-i18n/app.js",
    "start": 1572056220135,
    "end": 1572056220151,
    "duration": 16,
    "pid": 12216,
    "index": 47
  },
  {
    "name": "Require(39) node_modules/egg-watcher/app.js",
    "start": 1572056220152,
    "end": 1572056220155,
    "duration": 3,
    "pid": 12216,
    "index": 48
  },
  {
    "name": "Require(40) node_modules/egg-schedule/app.js",
    "start": 1572056220155,
    "end": 1572056220157,
    "duration": 2,
    "pid": 12216,
    "index": 49
  },
  {
    "name": "Require(41) node_modules/egg-multipart/app.js",
    "start": 1572056220157,
    "end": 1572056220159,
    "duration": 2,
    "pid": 12216,
    "index": 50
  },
  {
    "name": "Require(42) node_modules/egg-development/app.js",
    "start": 1572056220160,
    "end": 1572056220160,
    "duration": 0,
    "pid": 12216,
    "index": 51
  },
  {
    "name": "Require(43) node_modules/egg-logrotator/app.js",
    "start": 1572056220160,
    "end": 1572056220161,
    "duration": 1,
    "pid": 12216,
    "index": 52
  },
  {
    "name": "Require(44) node_modules/egg-static/app.js",
    "start": 1572056220161,
    "end": 1572056220161,
    "duration": 0,
    "pid": 12216,
    "index": 53
  },
  {
    "name": "Require(45) node_modules/egg-mysql/app.js",
    "start": 1572056220162,
    "end": 1572056220178,
    "duration": 16,
    "pid": 12216,
    "index": 54
  },
  {
    "name": "Before Start in node_modules/egg-watcher/lib/init.js:15:14",
    "start": 1572056220194,
    "end": 1572056220454,
    "duration": 260,
    "pid": 12216,
    "index": 55
  },
  {
    "name": "Before Start in node_modules/egg-mysql/lib/mysql.js:20:7",
    "start": 1572056220308,
    "end": 1572056220466,
    "duration": 158,
    "pid": 12216,
    "index": 56
  },
  {
    "name": "Load Service",
    "start": 1572056220308,
    "end": 1572056220311,
    "duration": 3,
    "pid": 12216,
    "index": 57
  },
  {
    "name": "Load \"service\" to Context",
    "start": 1572056220308,
    "end": 1572056220311,
    "duration": 3,
    "pid": 12216,
    "index": 58
  },
  {
    "name": "Load Middleware",
    "start": 1572056220312,
    "end": 1572056220405,
    "duration": 93,
    "pid": 12216,
    "index": 59
  },
  {
    "name": "Load \"middlewares\" to Application",
    "start": 1572056220312,
    "end": 1572056220395,
    "duration": 83,
    "pid": 12216,
    "index": 60
  },
  {
    "name": "Load Controller",
    "start": 1572056220406,
    "end": 1572056220413,
    "duration": 7,
    "pid": 12216,
    "index": 61
  },
  {
    "name": "Load \"controller\" to Application",
    "start": 1572056220406,
    "end": 1572056220413,
    "duration": 7,
    "pid": 12216,
    "index": 62
  },
  {
    "name": "Load Router",
    "start": 1572056220413,
    "end": 1572056220415,
    "duration": 2,
    "pid": 12216,
    "index": 63
  },
  {
    "name": "Require(46) app/router.js",
    "start": 1572056220414,
    "end": 1572056220414,
    "duration": 0,
    "pid": 12216,
    "index": 64
  },
  {
    "name": "Before Start in node_modules/egg-core/lib/egg.js:303:10",
    "start": 1572056220414,
    "end": 1572056220428,
    "duration": 14,
    "pid": 12216,
    "index": 65
  }
]