[
  {
    "name": "Application Start",
    "start": 1572056953444,
    "end": 1572056953920,
    "duration": 476,
    "pid": 17400,
    "index": 0
  },
  {
    "name": "Load Plugin",
    "start": 1572056953448,
    "end": 1572056953468,
    "duration": 20,
    "pid": 17400,
    "index": 1
  },
  {
    "name": "Load Config",
    "start": 1572056953468,
    "end": 1572056953492,
    "duration": 24,
    "pid": 17400,
    "index": 2
  },
  {
    "name": "Require(0) config/config.default.js",
    "start": 1572056953469,
    "end": 1572056953469,
    "duration": 0,
    "pid": 17400,
    "index": 3
  },
  {
    "name": "Require(1) node_modules/egg-session/config/config.default.js",
    "start": 1572056953472,
    "end": 1572056953472,
    "duration": 0,
    "pid": 17400,
    "index": 4
  },
  {
    "name": "Require(2) node_modules/egg-security/config/config.default.js",
    "start": 1572056953472,
    "end": 1572056953473,
    "duration": 1,
    "pid": 17400,
    "index": 5
  },
  {
    "name": "Require(3) node_modules/egg-jsonp/config/config.default.js",
    "start": 1572056953474,
    "end": 1572056953474,
    "duration": 0,
    "pid": 17400,
    "index": 6
  },
  {
    "name": "Require(4) node_modules/egg-onerror/config/config.default.js",
    "start": 1572056953474,
    "end": 1572056953475,
    "duration": 1,
    "pid": 17400,
    "index": 7
  },
  {
    "name": "Require(5) node_modules/egg-i18n/config/config.default.js",
    "start": 1572056953475,
    "end": 1572056953475,
    "duration": 0,
    "pid": 17400,
    "index": 8
  },
  {
    "name": "Require(6) node_modules/egg-watcher/config/config.default.js",
    "start": 1572056953476,
    "end": 1572056953476,
    "duration": 0,
    "pid": 17400,
    "index": 9
  },
  {
    "name": "Require(7) node_modules/egg-schedule/config/config.default.js",
    "start": 1572056953477,
    "end": 1572056953477,
    "duration": 0,
    "pid": 17400,
    "index": 10
  },
  {
    "name": "Require(8) node_modules/egg-multipart/config/config.default.js",
    "start": 1572056953478,
    "end": 1572056953478,
    "duration": 0,
    "pid": 17400,
    "index": 11
  },
  {
    "name": "Require(9) node_modules/egg-development/config/config.default.js",
    "start": 1572056953479,
    "end": 1572056953479,
    "duration": 0,
    "pid": 17400,
    "index": 12
  },
  {
    "name": "Require(10) node_modules/egg-logrotator/config/config.default.js",
    "start": 1572056953480,
    "end": 1572056953482,
    "duration": 2,
    "pid": 17400,
    "index": 13
  },
  {
    "name": "Require(11) node_modules/egg-static/config/config.default.js",
    "start": 1572056953482,
    "end": 1572056953482,
    "duration": 0,
    "pid": 17400,
    "index": 14
  },
  {
    "name": "Require(12) node_modules/egg-view/config/config.default.js",
    "start": 1572056953483,
    "end": 1572056953483,
    "duration": 0,
    "pid": 17400,
    "index": 15
  },
  {
    "name": "Require(13) node_modules/egg-mysql/config/config.default.js",
    "start": 1572056953484,
    "end": 1572056953484,
    "duration": 0,
    "pid": 17400,
    "index": 16
  },
  {
    "name": "Require(14) node_modules/egg/config/config.default.js",
    "start": 1572056953484,
    "end": 1572056953485,
    "duration": 1,
    "pid": 17400,
    "index": 17
  },
  {
    "name": "Require(15) config/config.default.js",
    "start": 1572056953487,
    "end": 1572056953487,
    "duration": 0,
    "pid": 17400,
    "index": 18
  },
  {
    "name": "Require(16) node_modules/egg-security/config/config.local.js",
    "start": 1572056953488,
    "end": 1572056953488,
    "duration": 0,
    "pid": 17400,
    "index": 19
  },
  {
    "name": "Require(17) node_modules/egg-watcher/config/config.local.js",
    "start": 1572056953489,
    "end": 1572056953490,
    "duration": 1,
    "pid": 17400,
    "index": 20
  },
  {
    "name": "Require(18) node_modules/egg-view/config/config.local.js",
    "start": 1572056953490,
    "end": 1572056953491,
    "duration": 1,
    "pid": 17400,
    "index": 21
  },
  {
    "name": "Require(19) node_modules/egg/config/config.local.js",
    "start": 1572056953491,
    "end": 1572056953491,
    "duration": 0,
    "pid": 17400,
    "index": 22
  },
  {
    "name": "Load extend/application.js",
    "start": 1572056953493,
    "end": 1572056953502,
    "duration": 9,
    "pid": 17400,
    "index": 23
  },
  {
    "name": "Require(20) node_modules/egg-session/app/extend/application.js",
    "start": 1572056953494,
    "end": 1572056953494,
    "duration": 0,
    "pid": 17400,
    "index": 24
  },
  {
    "name": "Require(21) node_modules/egg-security/app/extend/application.js",
    "start": 1572056953495,
    "end": 1572056953496,
    "duration": 1,
    "pid": 17400,
    "index": 25
  },
  {
    "name": "Require(22) node_modules/egg-jsonp/app/extend/application.js",
    "start": 1572056953496,
    "end": 1572056953497,
    "duration": 1,
    "pid": 17400,
    "index": 26
  },
  {
    "name": "Require(23) node_modules/egg-logrotator/app/extend/application.js",
    "start": 1572056953498,
    "end": 1572056953500,
    "duration": 2,
    "pid": 17400,
    "index": 27
  },
  {
    "name": "Require(24) node_modules/egg-view/app/extend/application.js",
    "start": 1572056953500,
    "end": 1572056953501,
    "duration": 1,
    "pid": 17400,
    "index": 28
  },
  {
    "name": "Load extend/request.js",
    "start": 1572056953503,
    "end": 1572056953507,
    "duration": 4,
    "pid": 17400,
    "index": 29
  },
  {
    "name": "Require(25) node_modules/egg/app/extend/request.js",
    "start": 1572056953504,
    "end": 1572056953506,
    "duration": 2,
    "pid": 17400,
    "index": 30
  },
  {
    "name": "Load extend/response.js",
    "start": 1572056953507,
    "end": 1572056953511,
    "duration": 4,
    "pid": 17400,
    "index": 31
  },
  {
    "name": "Require(26) node_modules/egg/app/extend/response.js",
    "start": 1572056953508,
    "end": 1572056953509,
    "duration": 1,
    "pid": 17400,
    "index": 32
  },
  {
    "name": "Load extend/context.js",
    "start": 1572056953511,
    "end": 1572056953576,
    "duration": 65,
    "pid": 17400,
    "index": 33
  },
  {
    "name": "Require(27) node_modules/egg-security/app/extend/context.js",
    "start": 1572056953511,
    "end": 1572056953519,
    "duration": 8,
    "pid": 17400,
    "index": 34
  },
  {
    "name": "Require(28) node_modules/egg-jsonp/app/extend/context.js",
    "start": 1572056953520,
    "end": 1572056953522,
    "duration": 2,
    "pid": 17400,
    "index": 35
  },
  {
    "name": "Require(29) node_modules/egg-i18n/app/extend/context.js",
    "start": 1572056953522,
    "end": 1572056953523,
    "duration": 1,
    "pid": 17400,
    "index": 36
  },
  {
    "name": "Require(30) node_modules/egg-multipart/app/extend/context.js",
    "start": 1572056953523,
    "end": 1572056953569,
    "duration": 46,
    "pid": 17400,
    "index": 37
  },
  {
    "name": "Require(31) node_modules/egg-view/app/extend/context.js",
    "start": 1572056953570,
    "end": 1572056953572,
    "duration": 2,
    "pid": 17400,
    "index": 38
  },
  {
    "name": "Require(32) node_modules/egg/app/extend/context.js",
    "start": 1572056953572,
    "end": 1572056953575,
    "duration": 3,
    "pid": 17400,
    "index": 39
  },
  {
    "name": "Load extend/helper.js",
    "start": 1572056953576,
    "end": 1572056953595,
    "duration": 19,
    "pid": 17400,
    "index": 40
  },
  {
    "name": "Require(33) node_modules/egg-security/app/extend/helper.js",
    "start": 1572056953577,
    "end": 1572056953593,
    "duration": 16,
    "pid": 17400,
    "index": 41
  },
  {
    "name": "Require(34) node_modules/egg/app/extend/helper.js",
    "start": 1572056953594,
    "end": 1572056953594,
    "duration": 0,
    "pid": 17400,
    "index": 42
  },
  {
    "name": "Load app.js",
    "start": 1572056953596,
    "end": 1572056953648,
    "duration": 52,
    "pid": 17400,
    "index": 43
  },
  {
    "name": "Require(35) node_modules/egg-session/app.js",
    "start": 1572056953596,
    "end": 1572056953596,
    "duration": 0,
    "pid": 17400,
    "index": 44
  },
  {
    "name": "Require(36) node_modules/egg-security/app.js",
    "start": 1572056953597,
    "end": 1572056953598,
    "duration": 1,
    "pid": 17400,
    "index": 45
  },
  {
    "name": "Require(37) node_modules/egg-onerror/app.js",
    "start": 1572056953598,
    "end": 1572056953606,
    "duration": 8,
    "pid": 17400,
    "index": 46
  },
  {
    "name": "Require(38) node_modules/egg-i18n/app.js",
    "start": 1572056953606,
    "end": 1572056953621,
    "duration": 15,
    "pid": 17400,
    "index": 47
  },
  {
    "name": "Require(39) node_modules/egg-watcher/app.js",
    "start": 1572056953622,
    "end": 1572056953625,
    "duration": 3,
    "pid": 17400,
    "index": 48
  },
  {
    "name": "Require(40) node_modules/egg-schedule/app.js",
    "start": 1572056953625,
    "end": 1572056953627,
    "duration": 2,
    "pid": 17400,
    "index": 49
  },
  {
    "name": "Require(41) node_modules/egg-multipart/app.js",
    "start": 1572056953627,
    "end": 1572056953630,
    "duration": 3,
    "pid": 17400,
    "index": 50
  },
  {
    "name": "Require(42) node_modules/egg-development/app.js",
    "start": 1572056953630,
    "end": 1572056953630,
    "duration": 0,
    "pid": 17400,
    "index": 51
  },
  {
    "name": "Require(43) node_modules/egg-logrotator/app.js",
    "start": 1572056953631,
    "end": 1572056953631,
    "duration": 0,
    "pid": 17400,
    "index": 52
  },
  {
    "name": "Require(44) node_modules/egg-static/app.js",
    "start": 1572056953631,
    "end": 1572056953632,
    "duration": 1,
    "pid": 17400,
    "index": 53
  },
  {
    "name": "Require(45) node_modules/egg-mysql/app.js",
    "start": 1572056953632,
    "end": 1572056953648,
    "duration": 16,
    "pid": 17400,
    "index": 54
  },
  {
    "name": "Before Start in node_modules/egg-watcher/lib/init.js:15:14",
    "start": 1572056953662,
    "end": 1572056953910,
    "duration": 248,
    "pid": 17400,
    "index": 55
  },
  {
    "name": "Before Start in node_modules/egg-mysql/lib/mysql.js:20:7",
    "start": 1572056953762,
    "end": 1572056953919,
    "duration": 157,
    "pid": 17400,
    "index": 56
  },
  {
    "name": "Load Service",
    "start": 1572056953762,
    "end": 1572056953764,
    "duration": 2,
    "pid": 17400,
    "index": 57
  },
  {
    "name": "Load \"service\" to Context",
    "start": 1572056953762,
    "end": 1572056953764,
    "duration": 2,
    "pid": 17400,
    "index": 58
  },
  {
    "name": "Load Middleware",
    "start": 1572056953765,
    "end": 1572056953859,
    "duration": 94,
    "pid": 17400,
    "index": 59
  },
  {
    "name": "Load \"middlewares\" to Application",
    "start": 1572056953765,
    "end": 1572056953851,
    "duration": 86,
    "pid": 17400,
    "index": 60
  },
  {
    "name": "Load Controller",
    "start": 1572056953859,
    "end": 1572056953870,
    "duration": 11,
    "pid": 17400,
    "index": 61
  },
  {
    "name": "Load \"controller\" to Application",
    "start": 1572056953859,
    "end": 1572056953870,
    "duration": 11,
    "pid": 17400,
    "index": 62
  },
  {
    "name": "Load Router",
    "start": 1572056953870,
    "end": 1572056953873,
    "duration": 3,
    "pid": 17400,
    "index": 63
  },
  {
    "name": "Require(46) app/router.js",
    "start": 1572056953870,
    "end": 1572056953871,
    "duration": 1,
    "pid": 17400,
    "index": 64
  },
  {
    "name": "Before Start in node_modules/egg-core/lib/egg.js:303:10",
    "start": 1572056953871,
    "end": 1572056953891,
    "duration": 20,
    "pid": 17400,
    "index": 65
  }
]