[
  {
    "name": "Application Start",
    "start": 1572056780809,
    "end": 1572056781261,
    "duration": 452,
    "pid": 7772,
    "index": 0
  },
  {
    "name": "Load Plugin",
    "start": 1572056780814,
    "end": 1572056780830,
    "duration": 16,
    "pid": 7772,
    "index": 1
  },
  {
    "name": "Load Config",
    "start": 1572056780830,
    "end": 1572056780851,
    "duration": 21,
    "pid": 7772,
    "index": 2
  },
  {
    "name": "Require(0) config/config.default.js",
    "start": 1572056780831,
    "end": 1572056780831,
    "duration": 0,
    "pid": 7772,
    "index": 3
  },
  {
    "name": "Require(1) node_modules/egg-session/config/config.default.js",
    "start": 1572056780832,
    "end": 1572056780833,
    "duration": 1,
    "pid": 7772,
    "index": 4
  },
  {
    "name": "Require(2) node_modules/egg-security/config/config.default.js",
    "start": 1572056780833,
    "end": 1572056780834,
    "duration": 1,
    "pid": 7772,
    "index": 5
  },
  {
    "name": "Require(3) node_modules/egg-jsonp/config/config.default.js",
    "start": 1572056780834,
    "end": 1572056780835,
    "duration": 1,
    "pid": 7772,
    "index": 6
  },
  {
    "name": "Require(4) node_modules/egg-onerror/config/config.default.js",
    "start": 1572056780835,
    "end": 1572056780835,
    "duration": 0,
    "pid": 7772,
    "index": 7
  },
  {
    "name": "Require(5) node_modules/egg-i18n/config/config.default.js",
    "start": 1572056780836,
    "end": 1572056780836,
    "duration": 0,
    "pid": 7772,
    "index": 8
  },
  {
    "name": "Require(6) node_modules/egg-watcher/config/config.default.js",
    "start": 1572056780837,
    "end": 1572056780837,
    "duration": 0,
    "pid": 7772,
    "index": 9
  },
  {
    "name": "Require(7) node_modules/egg-schedule/config/config.default.js",
    "start": 1572056780838,
    "end": 1572056780838,
    "duration": 0,
    "pid": 7772,
    "index": 10
  },
  {
    "name": "Require(8) node_modules/egg-multipart/config/config.default.js",
    "start": 1572056780838,
    "end": 1572056780839,
    "duration": 1,
    "pid": 7772,
    "index": 11
  },
  {
    "name": "Require(9) node_modules/egg-development/config/config.default.js",
    "start": 1572056780839,
    "end": 1572056780840,
    "duration": 1,
    "pid": 7772,
    "index": 12
  },
  {
    "name": "Require(10) node_modules/egg-logrotator/config/config.default.js",
    "start": 1572056780840,
    "end": 1572056780842,
    "duration": 2,
    "pid": 7772,
    "index": 13
  },
  {
    "name": "Require(11) node_modules/egg-static/config/config.default.js",
    "start": 1572056780843,
    "end": 1572056780844,
    "duration": 1,
    "pid": 7772,
    "index": 14
  },
  {
    "name": "Require(12) node_modules/egg-view/config/config.default.js",
    "start": 1572056780845,
    "end": 1572056780845,
    "duration": 0,
    "pid": 7772,
    "index": 15
  },
  {
    "name": "Require(13) node_modules/egg-mysql/config/config.default.js",
    "start": 1572056780846,
    "end": 1572056780846,
    "duration": 0,
    "pid": 7772,
    "index": 16
  },
  {
    "name": "Require(14) node_modules/egg/config/config.default.js",
    "start": 1572056780846,
    "end": 1572056780847,
    "duration": 1,
    "pid": 7772,
    "index": 17
  },
  {
    "name": "Require(15) config/config.default.js",
    "start": 1572056780848,
    "end": 1572056780848,
    "duration": 0,
    "pid": 7772,
    "index": 18
  },
  {
    "name": "Require(16) node_modules/egg-security/config/config.local.js",
    "start": 1572056780848,
    "end": 1572056780849,
    "duration": 1,
    "pid": 7772,
    "index": 19
  },
  {
    "name": "Require(17) node_modules/egg-watcher/config/config.local.js",
    "start": 1572056780849,
    "end": 1572056780850,
    "duration": 1,
    "pid": 7772,
    "index": 20
  },
  {
    "name": "Require(18) node_modules/egg-view/config/config.local.js",
    "start": 1572056780850,
    "end": 1572056780851,
    "duration": 1,
    "pid": 7772,
    "index": 21
  },
  {
    "name": "Require(19) node_modules/egg/config/config.local.js",
    "start": 1572056780851,
    "end": 1572056780851,
    "duration": 0,
    "pid": 7772,
    "index": 22
  },
  {
    "name": "Load extend/application.js",
    "start": 1572056780853,
    "end": 1572056780863,
    "duration": 10,
    "pid": 7772,
    "index": 23
  },
  {
    "name": "Require(20) node_modules/egg-session/app/extend/application.js",
    "start": 1572056780853,
    "end": 1572056780854,
    "duration": 1,
    "pid": 7772,
    "index": 24
  },
  {
    "name": "Require(21) node_modules/egg-security/app/extend/application.js",
    "start": 1572056780854,
    "end": 1572056780855,
    "duration": 1,
    "pid": 7772,
    "index": 25
  },
  {
    "name": "Require(22) node_modules/egg-jsonp/app/extend/application.js",
    "start": 1572056780855,
    "end": 1572056780857,
    "duration": 2,
    "pid": 7772,
    "index": 26
  },
  {
    "name": "Require(23) node_modules/egg-logrotator/app/extend/application.js",
    "start": 1572056780858,
    "end": 1572056780860,
    "duration": 2,
    "pid": 7772,
    "index": 27
  },
  {
    "name": "Require(24) node_modules/egg-view/app/extend/application.js",
    "start": 1572056780860,
    "end": 1572056780862,
    "duration": 2,
    "pid": 7772,
    "index": 28
  },
  {
    "name": "Load extend/request.js",
    "start": 1572056780863,
    "end": 1572056780867,
    "duration": 4,
    "pid": 7772,
    "index": 29
  },
  {
    "name": "Require(25) node_modules/egg/app/extend/request.js",
    "start": 1572056780864,
    "end": 1572056780865,
    "duration": 1,
    "pid": 7772,
    "index": 30
  },
  {
    "name": "Load extend/response.js",
    "start": 1572056780867,
    "end": 1572056780871,
    "duration": 4,
    "pid": 7772,
    "index": 31
  },
  {
    "name": "Require(26) node_modules/egg/app/extend/response.js",
    "start": 1572056780868,
    "end": 1572056780869,
    "duration": 1,
    "pid": 7772,
    "index": 32
  },
  {
    "name": "Load extend/context.js",
    "start": 1572056780871,
    "end": 1572056780933,
    "duration": 62,
    "pid": 7772,
    "index": 33
  },
  {
    "name": "Require(27) node_modules/egg-security/app/extend/context.js",
    "start": 1572056780871,
    "end": 1572056780881,
    "duration": 10,
    "pid": 7772,
    "index": 34
  },
  {
    "name": "Require(28) node_modules/egg-jsonp/app/extend/context.js",
    "start": 1572056780882,
    "end": 1572056780883,
    "duration": 1,
    "pid": 7772,
    "index": 35
  },
  {
    "name": "Require(29) node_modules/egg-i18n/app/extend/context.js",
    "start": 1572056780885,
    "end": 1572056780886,
    "duration": 1,
    "pid": 7772,
    "index": 36
  },
  {
    "name": "Require(30) node_modules/egg-multipart/app/extend/context.js",
    "start": 1572056780886,
    "end": 1572056780929,
    "duration": 43,
    "pid": 7772,
    "index": 37
  },
  {
    "name": "Require(31) node_modules/egg-view/app/extend/context.js",
    "start": 1572056780929,
    "end": 1572056780930,
    "duration": 1,
    "pid": 7772,
    "index": 38
  },
  {
    "name": "Require(32) node_modules/egg/app/extend/context.js",
    "start": 1572056780931,
    "end": 1572056780932,
    "duration": 1,
    "pid": 7772,
    "index": 39
  },
  {
    "name": "Load extend/helper.js",
    "start": 1572056780933,
    "end": 1572056780953,
    "duration": 20,
    "pid": 7772,
    "index": 40
  },
  {
    "name": "Require(33) node_modules/egg-security/app/extend/helper.js",
    "start": 1572056780934,
    "end": 1572056780950,
    "duration": 16,
    "pid": 7772,
    "index": 41
  },
  {
    "name": "Require(34) node_modules/egg/app/extend/helper.js",
    "start": 1572056780951,
    "end": 1572056780952,
    "duration": 1,
    "pid": 7772,
    "index": 42
  },
  {
    "name": "Load app.js",
    "start": 1572056780954,
    "end": 1572056781013,
    "duration": 59,
    "pid": 7772,
    "index": 43
  },
  {
    "name": "Require(35) node_modules/egg-session/app.js",
    "start": 1572056780954,
    "end": 1572056780954,
    "duration": 0,
    "pid": 7772,
    "index": 44
  },
  {
    "name": "Require(36) node_modules/egg-security/app.js",
    "start": 1572056780955,
    "end": 1572056780956,
    "duration": 1,
    "pid": 7772,
    "index": 45
  },
  {
    "name": "Require(37) node_modules/egg-onerror/app.js",
    "start": 1572056780957,
    "end": 1572056780964,
    "duration": 7,
    "pid": 7772,
    "index": 46
  },
  {
    "name": "Require(38) node_modules/egg-i18n/app.js",
    "start": 1572056780965,
    "end": 1572056780979,
    "duration": 14,
    "pid": 7772,
    "index": 47
  },
  {
    "name": "Require(39) node_modules/egg-watcher/app.js",
    "start": 1572056780979,
    "end": 1572056780982,
    "duration": 3,
    "pid": 7772,
    "index": 48
  },
  {
    "name": "Require(40) node_modules/egg-schedule/app.js",
    "start": 1572056780983,
    "end": 1572056780985,
    "duration": 2,
    "pid": 7772,
    "index": 49
  },
  {
    "name": "Require(41) node_modules/egg-multipart/app.js",
    "start": 1572056780986,
    "end": 1572056780989,
    "duration": 3,
    "pid": 7772,
    "index": 50
  },
  {
    "name": "Require(42) node_modules/egg-development/app.js",
    "start": 1572056780989,
    "end": 1572056780990,
    "duration": 1,
    "pid": 7772,
    "index": 51
  },
  {
    "name": "Require(43) node_modules/egg-logrotator/app.js",
    "start": 1572056780990,
    "end": 1572056780990,
    "duration": 0,
    "pid": 7772,
    "index": 52
  },
  {
    "name": "Require(44) node_modules/egg-static/app.js",
    "start": 1572056780990,
    "end": 1572056780991,
    "duration": 1,
    "pid": 7772,
    "index": 53
  },
  {
    "name": "Require(45) node_modules/egg-mysql/app.js",
    "start": 1572056780991,
    "end": 1572056781013,
    "duration": 22,
    "pid": 7772,
    "index": 54
  },
  {
    "name": "Before Start in node_modules/egg-watcher/lib/init.js:15:14",
    "start": 1572056781030,
    "end": 1572056781257,
    "duration": 227,
    "pid": 7772,
    "index": 55
  },
  {
    "name": "Before Start in node_modules/egg-mysql/lib/mysql.js:20:7",
    "start": 1572056781131,
    "end": 1572056781260,
    "duration": 129,
    "pid": 7772,
    "index": 56
  },
  {
    "name": "Load Service",
    "start": 1572056781132,
    "end": 1572056781136,
    "duration": 4,
    "pid": 7772,
    "index": 57
  },
  {
    "name": "Load \"service\" to Context",
    "start": 1572056781132,
    "end": 1572056781136,
    "duration": 4,
    "pid": 7772,
    "index": 58
  },
  {
    "name": "Load Middleware",
    "start": 1572056781136,
    "end": 1572056781212,
    "duration": 76,
    "pid": 7772,
    "index": 59
  },
  {
    "name": "Load \"middlewares\" to Application",
    "start": 1572056781136,
    "end": 1572056781204,
    "duration": 68,
    "pid": 7772,
    "index": 60
  },
  {
    "name": "Load Controller",
    "start": 1572056781212,
    "end": 1572056781220,
    "duration": 8,
    "pid": 7772,
    "index": 61
  },
  {
    "name": "Load \"controller\" to Application",
    "start": 1572056781212,
    "end": 1572056781220,
    "duration": 8,
    "pid": 7772,
    "index": 62
  },
  {
    "name": "Load Router",
    "start": 1572056781220,
    "end": 1572056781222,
    "duration": 2,
    "pid": 7772,
    "index": 63
  },
  {
    "name": "Require(46) app/router.js",
    "start": 1572056781220,
    "end": 1572056781221,
    "duration": 1,
    "pid": 7772,
    "index": 64
  },
  {
    "name": "Before Start in node_modules/egg-core/lib/egg.js:303:10",
    "start": 1572056781221,
    "end": 1572056781234,
    "duration": 13,
    "pid": 7772,
    "index": 65
  }
]