[
  {
    "name": "Application Start",
    "start": 1572057000398,
    "end": 1572057000915,
    "duration": 517,
    "pid": 18408,
    "index": 0
  },
  {
    "name": "Load Plugin",
    "start": 1572057000410,
    "end": 1572057000433,
    "duration": 23,
    "pid": 18408,
    "index": 1
  },
  {
    "name": "Load Config",
    "start": 1572057000434,
    "end": 1572057000481,
    "duration": 47,
    "pid": 18408,
    "index": 2
  },
  {
    "name": "Require(0) config/config.default.js",
    "start": 1572057000436,
    "end": 1572057000438,
    "duration": 2,
    "pid": 18408,
    "index": 3
  },
  {
    "name": "Require(1) node_modules/egg-session/config/config.default.js",
    "start": 1572057000441,
    "end": 1572057000441,
    "duration": 0,
    "pid": 18408,
    "index": 4
  },
  {
    "name": "Require(2) node_modules/egg-security/config/config.default.js",
    "start": 1572057000442,
    "end": 1572057000442,
    "duration": 0,
    "pid": 18408,
    "index": 5
  },
  {
    "name": "Require(3) node_modules/egg-jsonp/config/config.default.js",
    "start": 1572057000443,
    "end": 1572057000443,
    "duration": 0,
    "pid": 18408,
    "index": 6
  },
  {
    "name": "Require(4) node_modules/egg-onerror/config/config.default.js",
    "start": 1572057000444,
    "end": 1572057000444,
    "duration": 0,
    "pid": 18408,
    "index": 7
  },
  {
    "name": "Require(5) node_modules/egg-i18n/config/config.default.js",
    "start": 1572057000445,
    "end": 1572057000445,
    "duration": 0,
    "pid": 18408,
    "index": 8
  },
  {
    "name": "Require(6) node_modules/egg-watcher/config/config.default.js",
    "start": 1572057000446,
    "end": 1572057000446,
    "duration": 0,
    "pid": 18408,
    "index": 9
  },
  {
    "name": "Require(7) node_modules/egg-schedule/config/config.default.js",
    "start": 1572057000447,
    "end": 1572057000447,
    "duration": 0,
    "pid": 18408,
    "index": 10
  },
  {
    "name": "Require(8) node_modules/egg-multipart/config/config.default.js",
    "start": 1572057000448,
    "end": 1572057000448,
    "duration": 0,
    "pid": 18408,
    "index": 11
  },
  {
    "name": "Require(9) node_modules/egg-development/config/config.default.js",
    "start": 1572057000450,
    "end": 1572057000452,
    "duration": 2,
    "pid": 18408,
    "index": 12
  },
  {
    "name": "Require(10) node_modules/egg-logrotator/config/config.default.js",
    "start": 1572057000454,
    "end": 1572057000459,
    "duration": 5,
    "pid": 18408,
    "index": 13
  },
  {
    "name": "Require(11) node_modules/egg-static/config/config.default.js",
    "start": 1572057000460,
    "end": 1572057000461,
    "duration": 1,
    "pid": 18408,
    "index": 14
  },
  {
    "name": "Require(12) node_modules/egg-view/config/config.default.js",
    "start": 1572057000462,
    "end": 1572057000462,
    "duration": 0,
    "pid": 18408,
    "index": 15
  },
  {
    "name": "Require(13) node_modules/egg-mysql/config/config.default.js",
    "start": 1572057000463,
    "end": 1572057000463,
    "duration": 0,
    "pid": 18408,
    "index": 16
  },
  {
    "name": "Require(14) node_modules/egg/config/config.default.js",
    "start": 1572057000464,
    "end": 1572057000465,
    "duration": 1,
    "pid": 18408,
    "index": 17
  },
  {
    "name": "Require(15) config/config.default.js",
    "start": 1572057000467,
    "end": 1572057000467,
    "duration": 0,
    "pid": 18408,
    "index": 18
  },
  {
    "name": "Require(16) node_modules/egg-security/config/config.local.js",
    "start": 1572057000471,
    "end": 1572057000473,
    "duration": 2,
    "pid": 18408,
    "index": 19
  },
  {
    "name": "Require(17) node_modules/egg-watcher/config/config.local.js",
    "start": 1572057000477,
    "end": 1572057000477,
    "duration": 0,
    "pid": 18408,
    "index": 20
  },
  {
    "name": "Require(18) node_modules/egg-view/config/config.local.js",
    "start": 1572057000479,
    "end": 1572057000480,
    "duration": 1,
    "pid": 18408,
    "index": 21
  },
  {
    "name": "Require(19) node_modules/egg/config/config.local.js",
    "start": 1572057000480,
    "end": 1572057000481,
    "duration": 1,
    "pid": 18408,
    "index": 22
  },
  {
    "name": "Load extend/application.js",
    "start": 1572057000482,
    "end": 1572057000498,
    "duration": 16,
    "pid": 18408,
    "index": 23
  },
  {
    "name": "Require(20) node_modules/egg-session/app/extend/application.js",
    "start": 1572057000484,
    "end": 1572057000486,
    "duration": 2,
    "pid": 18408,
    "index": 24
  },
  {
    "name": "Require(21) node_modules/egg-security/app/extend/application.js",
    "start": 1572057000488,
    "end": 1572057000491,
    "duration": 3,
    "pid": 18408,
    "index": 25
  },
  {
    "name": "Require(22) node_modules/egg-jsonp/app/extend/application.js",
    "start": 1572057000491,
    "end": 1572057000493,
    "duration": 2,
    "pid": 18408,
    "index": 26
  },
  {
    "name": "Require(23) node_modules/egg-logrotator/app/extend/application.js",
    "start": 1572057000494,
    "end": 1572057000495,
    "duration": 1,
    "pid": 18408,
    "index": 27
  },
  {
    "name": "Require(24) node_modules/egg-view/app/extend/application.js",
    "start": 1572057000496,
    "end": 1572057000497,
    "duration": 1,
    "pid": 18408,
    "index": 28
  },
  {
    "name": "Load extend/request.js",
    "start": 1572057000498,
    "end": 1572057000507,
    "duration": 9,
    "pid": 18408,
    "index": 29
  },
  {
    "name": "Require(25) node_modules/egg/app/extend/request.js",
    "start": 1572057000502,
    "end": 1572057000505,
    "duration": 3,
    "pid": 18408,
    "index": 30
  },
  {
    "name": "Load extend/response.js",
    "start": 1572057000507,
    "end": 1572057000512,
    "duration": 5,
    "pid": 18408,
    "index": 31
  },
  {
    "name": "Require(26) node_modules/egg/app/extend/response.js",
    "start": 1572057000509,
    "end": 1572057000510,
    "duration": 1,
    "pid": 18408,
    "index": 32
  },
  {
    "name": "Load extend/context.js",
    "start": 1572057000512,
    "end": 1572057000584,
    "duration": 72,
    "pid": 18408,
    "index": 33
  },
  {
    "name": "Require(27) node_modules/egg-security/app/extend/context.js",
    "start": 1572057000512,
    "end": 1572057000526,
    "duration": 14,
    "pid": 18408,
    "index": 34
  },
  {
    "name": "Require(28) node_modules/egg-jsonp/app/extend/context.js",
    "start": 1572057000526,
    "end": 1572057000528,
    "duration": 2,
    "pid": 18408,
    "index": 35
  },
  {
    "name": "Require(29) node_modules/egg-i18n/app/extend/context.js",
    "start": 1572057000528,
    "end": 1572057000528,
    "duration": 0,
    "pid": 18408,
    "index": 36
  },
  {
    "name": "Require(30) node_modules/egg-multipart/app/extend/context.js",
    "start": 1572057000529,
    "end": 1572057000579,
    "duration": 50,
    "pid": 18408,
    "index": 37
  },
  {
    "name": "Require(31) node_modules/egg-view/app/extend/context.js",
    "start": 1572057000579,
    "end": 1572057000580,
    "duration": 1,
    "pid": 18408,
    "index": 38
  },
  {
    "name": "Require(32) node_modules/egg/app/extend/context.js",
    "start": 1572057000581,
    "end": 1572057000582,
    "duration": 1,
    "pid": 18408,
    "index": 39
  },
  {
    "name": "Load extend/helper.js",
    "start": 1572057000585,
    "end": 1572057000606,
    "duration": 21,
    "pid": 18408,
    "index": 40
  },
  {
    "name": "Require(33) node_modules/egg-security/app/extend/helper.js",
    "start": 1572057000585,
    "end": 1572057000603,
    "duration": 18,
    "pid": 18408,
    "index": 41
  },
  {
    "name": "Require(34) node_modules/egg/app/extend/helper.js",
    "start": 1572057000604,
    "end": 1572057000605,
    "duration": 1,
    "pid": 18408,
    "index": 42
  },
  {
    "name": "Load app.js",
    "start": 1572057000606,
    "end": 1572057000665,
    "duration": 59,
    "pid": 18408,
    "index": 43
  },
  {
    "name": "Require(35) node_modules/egg-session/app.js",
    "start": 1572057000607,
    "end": 1572057000607,
    "duration": 0,
    "pid": 18408,
    "index": 44
  },
  {
    "name": "Require(36) node_modules/egg-security/app.js",
    "start": 1572057000607,
    "end": 1572057000609,
    "duration": 2,
    "pid": 18408,
    "index": 45
  },
  {
    "name": "Require(37) node_modules/egg-onerror/app.js",
    "start": 1572057000609,
    "end": 1572057000619,
    "duration": 10,
    "pid": 18408,
    "index": 46
  },
  {
    "name": "Require(38) node_modules/egg-i18n/app.js",
    "start": 1572057000619,
    "end": 1572057000634,
    "duration": 15,
    "pid": 18408,
    "index": 47
  },
  {
    "name": "Require(39) node_modules/egg-watcher/app.js",
    "start": 1572057000635,
    "end": 1572057000639,
    "duration": 4,
    "pid": 18408,
    "index": 48
  },
  {
    "name": "Require(40) node_modules/egg-schedule/app.js",
    "start": 1572057000639,
    "end": 1572057000641,
    "duration": 2,
    "pid": 18408,
    "index": 49
  },
  {
    "name": "Require(41) node_modules/egg-multipart/app.js",
    "start": 1572057000641,
    "end": 1572057000643,
    "duration": 2,
    "pid": 18408,
    "index": 50
  },
  {
    "name": "Require(42) node_modules/egg-development/app.js",
    "start": 1572057000643,
    "end": 1572057000644,
    "duration": 1,
    "pid": 18408,
    "index": 51
  },
  {
    "name": "Require(43) node_modules/egg-logrotator/app.js",
    "start": 1572057000644,
    "end": 1572057000644,
    "duration": 0,
    "pid": 18408,
    "index": 52
  },
  {
    "name": "Require(44) node_modules/egg-static/app.js",
    "start": 1572057000645,
    "end": 1572057000645,
    "duration": 0,
    "pid": 18408,
    "index": 53
  },
  {
    "name": "Require(45) node_modules/egg-mysql/app.js",
    "start": 1572057000646,
    "end": 1572057000664,
    "duration": 18,
    "pid": 18408,
    "index": 54
  },
  {
    "name": "Before Start in node_modules/egg-watcher/lib/init.js:15:14",
    "start": 1572057000681,
    "end": 1572057000911,
    "duration": 230,
    "pid": 18408,
    "index": 55
  },
  {
    "name": "Before Start in node_modules/egg-mysql/lib/mysql.js:20:7",
    "start": 1572057000784,
    "end": 1572057000914,
    "duration": 130,
    "pid": 18408,
    "index": 56
  },
  {
    "name": "Load Service",
    "start": 1572057000785,
    "end": 1572057000788,
    "duration": 3,
    "pid": 18408,
    "index": 57
  },
  {
    "name": "Load \"service\" to Context",
    "start": 1572057000785,
    "end": 1572057000788,
    "duration": 3,
    "pid": 18408,
    "index": 58
  },
  {
    "name": "Load Middleware",
    "start": 1572057000788,
    "end": 1572057000865,
    "duration": 77,
    "pid": 18408,
    "index": 59
  },
  {
    "name": "Load \"middlewares\" to Application",
    "start": 1572057000788,
    "end": 1572057000857,
    "duration": 69,
    "pid": 18408,
    "index": 60
  },
  {
    "name": "Load Controller",
    "start": 1572057000865,
    "end": 1572057000871,
    "duration": 6,
    "pid": 18408,
    "index": 61
  },
  {
    "name": "Load \"controller\" to Application",
    "start": 1572057000865,
    "end": 1572057000871,
    "duration": 6,
    "pid": 18408,
    "index": 62
  },
  {
    "name": "Load Router",
    "start": 1572057000871,
    "end": 1572057000873,
    "duration": 2,
    "pid": 18408,
    "index": 63
  },
  {
    "name": "Require(46) app/router.js",
    "start": 1572057000872,
    "end": 1572057000872,
    "duration": 0,
    "pid": 18408,
    "index": 64
  },
  {
    "name": "Before Start in node_modules/egg-core/lib/egg.js:303:10",
    "start": 1572057000872,
    "end": 1572057000887,
    "duration": 15,
    "pid": 18408,
    "index": 65
  }
]