[
  {
    "name": "Application Start",
    "start": 1572056347550,
    "end": 1572056347981,
    "duration": 431,
    "pid": 16548,
    "index": 0
  },
  {
    "name": "Load Plugin",
    "start": 1572056347555,
    "end": 1572056347571,
    "duration": 16,
    "pid": 16548,
    "index": 1
  },
  {
    "name": "Load Config",
    "start": 1572056347571,
    "end": 1572056347593,
    "duration": 22,
    "pid": 16548,
    "index": 2
  },
  {
    "name": "Require(0) config/config.default.js",
    "start": 1572056347572,
    "end": 1572056347572,
    "duration": 0,
    "pid": 16548,
    "index": 3
  },
  {
    "name": "Require(1) node_modules/egg-session/config/config.default.js",
    "start": 1572056347575,
    "end": 1572056347575,
    "duration": 0,
    "pid": 16548,
    "index": 4
  },
  {
    "name": "Require(2) node_modules/egg-security/config/config.default.js",
    "start": 1572056347576,
    "end": 1572056347576,
    "duration": 0,
    "pid": 16548,
    "index": 5
  },
  {
    "name": "Require(3) node_modules/egg-jsonp/config/config.default.js",
    "start": 1572056347577,
    "end": 1572056347578,
    "duration": 1,
    "pid": 16548,
    "index": 6
  },
  {
    "name": "Require(4) node_modules/egg-onerror/config/config.default.js",
    "start": 1572056347578,
    "end": 1572056347578,
    "duration": 0,
    "pid": 16548,
    "index": 7
  },
  {
    "name": "Require(5) node_modules/egg-i18n/config/config.default.js",
    "start": 1572056347579,
    "end": 1572056347579,
    "duration": 0,
    "pid": 16548,
    "index": 8
  },
  {
    "name": "Require(6) node_modules/egg-watcher/config/config.default.js",
    "start": 1572056347580,
    "end": 1572056347580,
    "duration": 0,
    "pid": 16548,
    "index": 9
  },
  {
    "name": "Require(7) node_modules/egg-schedule/config/config.default.js",
    "start": 1572056347581,
    "end": 1572056347581,
    "duration": 0,
    "pid": 16548,
    "index": 10
  },
  {
    "name": "Require(8) node_modules/egg-multipart/config/config.default.js",
    "start": 1572056347581,
    "end": 1572056347582,
    "duration": 1,
    "pid": 16548,
    "index": 11
  },
  {
    "name": "Require(9) node_modules/egg-development/config/config.default.js",
    "start": 1572056347582,
    "end": 1572056347582,
    "duration": 0,
    "pid": 16548,
    "index": 12
  },
  {
    "name": "Require(10) node_modules/egg-logrotator/config/config.default.js",
    "start": 1572056347583,
    "end": 1572056347585,
    "duration": 2,
    "pid": 16548,
    "index": 13
  },
  {
    "name": "Require(11) node_modules/egg-static/config/config.default.js",
    "start": 1572056347586,
    "end": 1572056347586,
    "duration": 0,
    "pid": 16548,
    "index": 14
  },
  {
    "name": "Require(12) node_modules/egg-view/config/config.default.js",
    "start": 1572056347586,
    "end": 1572056347587,
    "duration": 1,
    "pid": 16548,
    "index": 15
  },
  {
    "name": "Require(13) node_modules/egg-mysql/config/config.default.js",
    "start": 1572056347587,
    "end": 1572056347587,
    "duration": 0,
    "pid": 16548,
    "index": 16
  },
  {
    "name": "Require(14) node_modules/egg/config/config.default.js",
    "start": 1572056347588,
    "end": 1572056347588,
    "duration": 0,
    "pid": 16548,
    "index": 17
  },
  {
    "name": "Require(15) config/config.default.js",
    "start": 1572056347589,
    "end": 1572056347589,
    "duration": 0,
    "pid": 16548,
    "index": 18
  },
  {
    "name": "Require(16) node_modules/egg-security/config/config.local.js",
    "start": 1572056347590,
    "end": 1572056347590,
    "duration": 0,
    "pid": 16548,
    "index": 19
  },
  {
    "name": "Require(17) node_modules/egg-watcher/config/config.local.js",
    "start": 1572056347591,
    "end": 1572056347591,
    "duration": 0,
    "pid": 16548,
    "index": 20
  },
  {
    "name": "Require(18) node_modules/egg-view/config/config.local.js",
    "start": 1572056347592,
    "end": 1572056347592,
    "duration": 0,
    "pid": 16548,
    "index": 21
  },
  {
    "name": "Require(19) node_modules/egg/config/config.local.js",
    "start": 1572056347593,
    "end": 1572056347593,
    "duration": 0,
    "pid": 16548,
    "index": 22
  },
  {
    "name": "Load extend/application.js",
    "start": 1572056347594,
    "end": 1572056347605,
    "duration": 11,
    "pid": 16548,
    "index": 23
  },
  {
    "name": "Require(20) node_modules/egg-session/app/extend/application.js",
    "start": 1572056347595,
    "end": 1572056347595,
    "duration": 0,
    "pid": 16548,
    "index": 24
  },
  {
    "name": "Require(21) node_modules/egg-security/app/extend/application.js",
    "start": 1572056347596,
    "end": 1572056347598,
    "duration": 2,
    "pid": 16548,
    "index": 25
  },
  {
    "name": "Require(22) node_modules/egg-jsonp/app/extend/application.js",
    "start": 1572056347598,
    "end": 1572056347600,
    "duration": 2,
    "pid": 16548,
    "index": 26
  },
  {
    "name": "Require(23) node_modules/egg-logrotator/app/extend/application.js",
    "start": 1572056347600,
    "end": 1572056347602,
    "duration": 2,
    "pid": 16548,
    "index": 27
  },
  {
    "name": "Require(24) node_modules/egg-view/app/extend/application.js",
    "start": 1572056347602,
    "end": 1572056347603,
    "duration": 1,
    "pid": 16548,
    "index": 28
  },
  {
    "name": "Load extend/request.js",
    "start": 1572056347605,
    "end": 1572056347608,
    "duration": 3,
    "pid": 16548,
    "index": 29
  },
  {
    "name": "Require(25) node_modules/egg/app/extend/request.js",
    "start": 1572056347606,
    "end": 1572056347607,
    "duration": 1,
    "pid": 16548,
    "index": 30
  },
  {
    "name": "Load extend/response.js",
    "start": 1572056347608,
    "end": 1572056347614,
    "duration": 6,
    "pid": 16548,
    "index": 31
  },
  {
    "name": "Require(26) node_modules/egg/app/extend/response.js",
    "start": 1572056347610,
    "end": 1572056347611,
    "duration": 1,
    "pid": 16548,
    "index": 32
  },
  {
    "name": "Load extend/context.js",
    "start": 1572056347614,
    "end": 1572056347675,
    "duration": 61,
    "pid": 16548,
    "index": 33
  },
  {
    "name": "Require(27) node_modules/egg-security/app/extend/context.js",
    "start": 1572056347614,
    "end": 1572056347622,
    "duration": 8,
    "pid": 16548,
    "index": 34
  },
  {
    "name": "Require(28) node_modules/egg-jsonp/app/extend/context.js",
    "start": 1572056347622,
    "end": 1572056347624,
    "duration": 2,
    "pid": 16548,
    "index": 35
  },
  {
    "name": "Require(29) node_modules/egg-i18n/app/extend/context.js",
    "start": 1572056347626,
    "end": 1572056347626,
    "duration": 0,
    "pid": 16548,
    "index": 36
  },
  {
    "name": "Require(30) node_modules/egg-multipart/app/extend/context.js",
    "start": 1572056347627,
    "end": 1572056347669,
    "duration": 42,
    "pid": 16548,
    "index": 37
  },
  {
    "name": "Require(31) node_modules/egg-view/app/extend/context.js",
    "start": 1572056347670,
    "end": 1572056347671,
    "duration": 1,
    "pid": 16548,
    "index": 38
  },
  {
    "name": "Require(32) node_modules/egg/app/extend/context.js",
    "start": 1572056347671,
    "end": 1572056347673,
    "duration": 2,
    "pid": 16548,
    "index": 39
  },
  {
    "name": "Load extend/helper.js",
    "start": 1572056347675,
    "end": 1572056347695,
    "duration": 20,
    "pid": 16548,
    "index": 40
  },
  {
    "name": "Require(33) node_modules/egg-security/app/extend/helper.js",
    "start": 1572056347676,
    "end": 1572056347692,
    "duration": 16,
    "pid": 16548,
    "index": 41
  },
  {
    "name": "Require(34) node_modules/egg/app/extend/helper.js",
    "start": 1572056347693,
    "end": 1572056347693,
    "duration": 0,
    "pid": 16548,
    "index": 42
  },
  {
    "name": "Load app.js",
    "start": 1572056347696,
    "end": 1572056347747,
    "duration": 51,
    "pid": 16548,
    "index": 43
  },
  {
    "name": "Require(35) node_modules/egg-session/app.js",
    "start": 1572056347696,
    "end": 1572056347696,
    "duration": 0,
    "pid": 16548,
    "index": 44
  },
  {
    "name": "Require(36) node_modules/egg-security/app.js",
    "start": 1572056347697,
    "end": 1572056347698,
    "duration": 1,
    "pid": 16548,
    "index": 45
  },
  {
    "name": "Require(37) node_modules/egg-onerror/app.js",
    "start": 1572056347699,
    "end": 1572056347705,
    "duration": 6,
    "pid": 16548,
    "index": 46
  },
  {
    "name": "Require(38) node_modules/egg-i18n/app.js",
    "start": 1572056347706,
    "end": 1572056347720,
    "duration": 14,
    "pid": 16548,
    "index": 47
  },
  {
    "name": "Require(39) node_modules/egg-watcher/app.js",
    "start": 1572056347720,
    "end": 1572056347723,
    "duration": 3,
    "pid": 16548,
    "index": 48
  },
  {
    "name": "Require(40) node_modules/egg-schedule/app.js",
    "start": 1572056347724,
    "end": 1572056347726,
    "duration": 2,
    "pid": 16548,
    "index": 49
  },
  {
    "name": "Require(41) node_modules/egg-multipart/app.js",
    "start": 1572056347726,
    "end": 1572056347728,
    "duration": 2,
    "pid": 16548,
    "index": 50
  },
  {
    "name": "Require(42) node_modules/egg-development/app.js",
    "start": 1572056347729,
    "end": 1572056347729,
    "duration": 0,
    "pid": 16548,
    "index": 51
  },
  {
    "name": "Require(43) node_modules/egg-logrotator/app.js",
    "start": 1572056347729,
    "end": 1572056347730,
    "duration": 1,
    "pid": 16548,
    "index": 52
  },
  {
    "name": "Require(44) node_modules/egg-static/app.js",
    "start": 1572056347730,
    "end": 1572056347730,
    "duration": 0,
    "pid": 16548,
    "index": 53
  },
  {
    "name": "Require(45) node_modules/egg-mysql/app.js",
    "start": 1572056347731,
    "end": 1572056347746,
    "duration": 15,
    "pid": 16548,
    "index": 54
  },
  {
    "name": "Before Start in node_modules/egg-watcher/lib/init.js:15:14",
    "start": 1572056347759,
    "end": 1572056347970,
    "duration": 211,
    "pid": 16548,
    "index": 55
  },
  {
    "name": "Before Start in node_modules/egg-mysql/lib/mysql.js:20:7",
    "start": 1572056347850,
    "end": 1572056347980,
    "duration": 130,
    "pid": 16548,
    "index": 56
  },
  {
    "name": "Load Service",
    "start": 1572056347850,
    "end": 1572056347853,
    "duration": 3,
    "pid": 16548,
    "index": 57
  },
  {
    "name": "Load \"service\" to Context",
    "start": 1572056347850,
    "end": 1572056347853,
    "duration": 3,
    "pid": 16548,
    "index": 58
  },
  {
    "name": "Load Middleware",
    "start": 1572056347853,
    "end": 1572056347927,
    "duration": 74,
    "pid": 16548,
    "index": 59
  },
  {
    "name": "Load \"middlewares\" to Application",
    "start": 1572056347853,
    "end": 1572056347919,
    "duration": 66,
    "pid": 16548,
    "index": 60
  },
  {
    "name": "Load Controller",
    "start": 1572056347927,
    "end": 1572056347935,
    "duration": 8,
    "pid": 16548,
    "index": 61
  },
  {
    "name": "Load \"controller\" to Application",
    "start": 1572056347927,
    "end": 1572056347935,
    "duration": 8,
    "pid": 16548,
    "index": 62
  },
  {
    "name": "Load Router",
    "start": 1572056347935,
    "end": 1572056347937,
    "duration": 2,
    "pid": 16548,
    "index": 63
  },
  {
    "name": "Require(46) app/router.js",
    "start": 1572056347936,
    "end": 1572056347936,
    "duration": 0,
    "pid": 16548,
    "index": 64
  },
  {
    "name": "Before Start in node_modules/egg-core/lib/egg.js:303:10",
    "start": 1572056347936,
    "end": 1572056347950,
    "duration": 14,
    "pid": 16548,
    "index": 65
  }
]