[
  {
    "name": "Application Start",
    "start": 1572057006462,
    "end": 1572057007003,
    "duration": 541,
    "pid": 10908,
    "index": 0
  },
  {
    "name": "Load Plugin",
    "start": 1572057006471,
    "end": 1572057006491,
    "duration": 20,
    "pid": 10908,
    "index": 1
  },
  {
    "name": "Load Config",
    "start": 1572057006491,
    "end": 1572057006526,
    "duration": 35,
    "pid": 10908,
    "index": 2
  },
  {
    "name": "Require(0) config/config.default.js",
    "start": 1572057006492,
    "end": 1572057006492,
    "duration": 0,
    "pid": 10908,
    "index": 3
  },
  {
    "name": "Require(1) node_modules/egg-session/config/config.default.js",
    "start": 1572057006494,
    "end": 1572057006494,
    "duration": 0,
    "pid": 10908,
    "index": 4
  },
  {
    "name": "Require(2) node_modules/egg-security/config/config.default.js",
    "start": 1572057006495,
    "end": 1572057006495,
    "duration": 0,
    "pid": 10908,
    "index": 5
  },
  {
    "name": "Require(3) node_modules/egg-jsonp/config/config.default.js",
    "start": 1572057006496,
    "end": 1572057006496,
    "duration": 0,
    "pid": 10908,
    "index": 6
  },
  {
    "name": "Require(4) node_modules/egg-onerror/config/config.default.js",
    "start": 1572057006497,
    "end": 1572057006497,
    "duration": 0,
    "pid": 10908,
    "index": 7
  },
  {
    "name": "Require(5) node_modules/egg-i18n/config/config.default.js",
    "start": 1572057006498,
    "end": 1572057006498,
    "duration": 0,
    "pid": 10908,
    "index": 8
  },
  {
    "name": "Require(6) node_modules/egg-watcher/config/config.default.js",
    "start": 1572057006499,
    "end": 1572057006499,
    "duration": 0,
    "pid": 10908,
    "index": 9
  },
  {
    "name": "Require(7) node_modules/egg-schedule/config/config.default.js",
    "start": 1572057006500,
    "end": 1572057006501,
    "duration": 1,
    "pid": 10908,
    "index": 10
  },
  {
    "name": "Require(8) node_modules/egg-multipart/config/config.default.js",
    "start": 1572057006504,
    "end": 1572057006505,
    "duration": 1,
    "pid": 10908,
    "index": 11
  },
  {
    "name": "Require(9) node_modules/egg-development/config/config.default.js",
    "start": 1572057006506,
    "end": 1572057006507,
    "duration": 1,
    "pid": 10908,
    "index": 12
  },
  {
    "name": "Require(10) node_modules/egg-logrotator/config/config.default.js",
    "start": 1572057006508,
    "end": 1572057006511,
    "duration": 3,
    "pid": 10908,
    "index": 13
  },
  {
    "name": "Require(11) node_modules/egg-static/config/config.default.js",
    "start": 1572057006512,
    "end": 1572057006512,
    "duration": 0,
    "pid": 10908,
    "index": 14
  },
  {
    "name": "Require(12) node_modules/egg-view/config/config.default.js",
    "start": 1572057006513,
    "end": 1572057006513,
    "duration": 0,
    "pid": 10908,
    "index": 15
  },
  {
    "name": "Require(13) node_modules/egg-mysql/config/config.default.js",
    "start": 1572057006513,
    "end": 1572057006514,
    "duration": 1,
    "pid": 10908,
    "index": 16
  },
  {
    "name": "Require(14) node_modules/egg/config/config.default.js",
    "start": 1572057006514,
    "end": 1572057006515,
    "duration": 1,
    "pid": 10908,
    "index": 17
  },
  {
    "name": "Require(15) config/config.default.js",
    "start": 1572057006516,
    "end": 1572057006516,
    "duration": 0,
    "pid": 10908,
    "index": 18
  },
  {
    "name": "Require(16) node_modules/egg-security/config/config.local.js",
    "start": 1572057006519,
    "end": 1572057006520,
    "duration": 1,
    "pid": 10908,
    "index": 19
  },
  {
    "name": "Require(17) node_modules/egg-watcher/config/config.local.js",
    "start": 1572057006522,
    "end": 1572057006522,
    "duration": 0,
    "pid": 10908,
    "index": 20
  },
  {
    "name": "Require(18) node_modules/egg-view/config/config.local.js",
    "start": 1572057006523,
    "end": 1572057006524,
    "duration": 1,
    "pid": 10908,
    "index": 21
  },
  {
    "name": "Require(19) node_modules/egg/config/config.local.js",
    "start": 1572057006525,
    "end": 1572057006525,
    "duration": 0,
    "pid": 10908,
    "index": 22
  },
  {
    "name": "Load extend/application.js",
    "start": 1572057006527,
    "end": 1572057006543,
    "duration": 16,
    "pid": 10908,
    "index": 23
  },
  {
    "name": "Require(20) node_modules/egg-session/app/extend/application.js",
    "start": 1572057006528,
    "end": 1572057006528,
    "duration": 0,
    "pid": 10908,
    "index": 24
  },
  {
    "name": "Require(21) node_modules/egg-security/app/extend/application.js",
    "start": 1572057006529,
    "end": 1572057006530,
    "duration": 1,
    "pid": 10908,
    "index": 25
  },
  {
    "name": "Require(22) node_modules/egg-jsonp/app/extend/application.js",
    "start": 1572057006530,
    "end": 1572057006532,
    "duration": 2,
    "pid": 10908,
    "index": 26
  },
  {
    "name": "Require(23) node_modules/egg-logrotator/app/extend/application.js",
    "start": 1572057006533,
    "end": 1572057006538,
    "duration": 5,
    "pid": 10908,
    "index": 27
  },
  {
    "name": "Require(24) node_modules/egg-view/app/extend/application.js",
    "start": 1572057006539,
    "end": 1572057006541,
    "duration": 2,
    "pid": 10908,
    "index": 28
  },
  {
    "name": "Load extend/request.js",
    "start": 1572057006543,
    "end": 1572057006546,
    "duration": 3,
    "pid": 10908,
    "index": 29
  },
  {
    "name": "Require(25) node_modules/egg/app/extend/request.js",
    "start": 1572057006544,
    "end": 1572057006545,
    "duration": 1,
    "pid": 10908,
    "index": 30
  },
  {
    "name": "Load extend/response.js",
    "start": 1572057006546,
    "end": 1572057006554,
    "duration": 8,
    "pid": 10908,
    "index": 31
  },
  {
    "name": "Require(26) node_modules/egg/app/extend/response.js",
    "start": 1572057006548,
    "end": 1572057006549,
    "duration": 1,
    "pid": 10908,
    "index": 32
  },
  {
    "name": "Load extend/context.js",
    "start": 1572057006554,
    "end": 1572057006635,
    "duration": 81,
    "pid": 10908,
    "index": 33
  },
  {
    "name": "Require(27) node_modules/egg-security/app/extend/context.js",
    "start": 1572057006554,
    "end": 1572057006565,
    "duration": 11,
    "pid": 10908,
    "index": 34
  },
  {
    "name": "Require(28) node_modules/egg-jsonp/app/extend/context.js",
    "start": 1572057006565,
    "end": 1572057006569,
    "duration": 4,
    "pid": 10908,
    "index": 35
  },
  {
    "name": "Require(29) node_modules/egg-i18n/app/extend/context.js",
    "start": 1572057006571,
    "end": 1572057006572,
    "duration": 1,
    "pid": 10908,
    "index": 36
  },
  {
    "name": "Require(30) node_modules/egg-multipart/app/extend/context.js",
    "start": 1572057006573,
    "end": 1572057006628,
    "duration": 55,
    "pid": 10908,
    "index": 37
  },
  {
    "name": "Require(31) node_modules/egg-view/app/extend/context.js",
    "start": 1572057006628,
    "end": 1572057006630,
    "duration": 2,
    "pid": 10908,
    "index": 38
  },
  {
    "name": "Require(32) node_modules/egg/app/extend/context.js",
    "start": 1572057006630,
    "end": 1572057006631,
    "duration": 1,
    "pid": 10908,
    "index": 39
  },
  {
    "name": "Load extend/helper.js",
    "start": 1572057006635,
    "end": 1572057006664,
    "duration": 29,
    "pid": 10908,
    "index": 40
  },
  {
    "name": "Require(33) node_modules/egg-security/app/extend/helper.js",
    "start": 1572057006637,
    "end": 1572057006661,
    "duration": 24,
    "pid": 10908,
    "index": 41
  },
  {
    "name": "Require(34) node_modules/egg/app/extend/helper.js",
    "start": 1572057006662,
    "end": 1572057006663,
    "duration": 1,
    "pid": 10908,
    "index": 42
  },
  {
    "name": "Load app.js",
    "start": 1572057006664,
    "end": 1572057006730,
    "duration": 66,
    "pid": 10908,
    "index": 43
  },
  {
    "name": "Require(35) node_modules/egg-session/app.js",
    "start": 1572057006664,
    "end": 1572057006665,
    "duration": 1,
    "pid": 10908,
    "index": 44
  },
  {
    "name": "Require(36) node_modules/egg-security/app.js",
    "start": 1572057006665,
    "end": 1572057006669,
    "duration": 4,
    "pid": 10908,
    "index": 45
  },
  {
    "name": "Require(37) node_modules/egg-onerror/app.js",
    "start": 1572057006670,
    "end": 1572057006679,
    "duration": 9,
    "pid": 10908,
    "index": 46
  },
  {
    "name": "Require(38) node_modules/egg-i18n/app.js",
    "start": 1572057006679,
    "end": 1572057006697,
    "duration": 18,
    "pid": 10908,
    "index": 47
  },
  {
    "name": "Require(39) node_modules/egg-watcher/app.js",
    "start": 1572057006698,
    "end": 1572057006703,
    "duration": 5,
    "pid": 10908,
    "index": 48
  },
  {
    "name": "Require(40) node_modules/egg-schedule/app.js",
    "start": 1572057006703,
    "end": 1572057006705,
    "duration": 2,
    "pid": 10908,
    "index": 49
  },
  {
    "name": "Require(41) node_modules/egg-multipart/app.js",
    "start": 1572057006705,
    "end": 1572057006707,
    "duration": 2,
    "pid": 10908,
    "index": 50
  },
  {
    "name": "Require(42) node_modules/egg-development/app.js",
    "start": 1572057006708,
    "end": 1572057006708,
    "duration": 0,
    "pid": 10908,
    "index": 51
  },
  {
    "name": "Require(43) node_modules/egg-logrotator/app.js",
    "start": 1572057006708,
    "end": 1572057006709,
    "duration": 1,
    "pid": 10908,
    "index": 52
  },
  {
    "name": "Require(44) node_modules/egg-static/app.js",
    "start": 1572057006709,
    "end": 1572057006709,
    "duration": 0,
    "pid": 10908,
    "index": 53
  },
  {
    "name": "Require(45) node_modules/egg-mysql/app.js",
    "start": 1572057006710,
    "end": 1572057006730,
    "duration": 20,
    "pid": 10908,
    "index": 54
  },
  {
    "name": "Before Start in node_modules/egg-watcher/lib/init.js:15:14",
    "start": 1572057006746,
    "end": 1572057006992,
    "duration": 246,
    "pid": 10908,
    "index": 55
  },
  {
    "name": "Before Start in node_modules/egg-mysql/lib/mysql.js:20:7",
    "start": 1572057006859,
    "end": 1572057007003,
    "duration": 144,
    "pid": 10908,
    "index": 56
  },
  {
    "name": "Load Service",
    "start": 1572057006859,
    "end": 1572057006862,
    "duration": 3,
    "pid": 10908,
    "index": 57
  },
  {
    "name": "Load \"service\" to Context",
    "start": 1572057006860,
    "end": 1572057006862,
    "duration": 2,
    "pid": 10908,
    "index": 58
  },
  {
    "name": "Load Middleware",
    "start": 1572057006862,
    "end": 1572057006949,
    "duration": 87,
    "pid": 10908,
    "index": 59
  },
  {
    "name": "Load \"middlewares\" to Application",
    "start": 1572057006863,
    "end": 1572057006940,
    "duration": 77,
    "pid": 10908,
    "index": 60
  },
  {
    "name": "Load Controller",
    "start": 1572057006950,
    "end": 1572057006957,
    "duration": 7,
    "pid": 10908,
    "index": 61
  },
  {
    "name": "Load \"controller\" to Application",
    "start": 1572057006950,
    "end": 1572057006957,
    "duration": 7,
    "pid": 10908,
    "index": 62
  },
  {
    "name": "Load Router",
    "start": 1572057006957,
    "end": 1572057006959,
    "duration": 2,
    "pid": 10908,
    "index": 63
  },
  {
    "name": "Require(46) app/router.js",
    "start": 1572057006957,
    "end": 1572057006958,
    "duration": 1,
    "pid": 10908,
    "index": 64
  },
  {
    "name": "Before Start in node_modules/egg-core/lib/egg.js:303:10",
    "start": 1572057006958,
    "end": 1572057006972,
    "duration": 14,
    "pid": 10908,
    "index": 65
  }
]