[
  {
    "name": "Application Start",
    "start": 1572057084385,
    "end": 1572057084911,
    "duration": 526,
    "pid": 1240,
    "index": 0
  },
  {
    "name": "Load Plugin",
    "start": 1572057084390,
    "end": 1572057084410,
    "duration": 20,
    "pid": 1240,
    "index": 1
  },
  {
    "name": "Load Config",
    "start": 1572057084410,
    "end": 1572057084435,
    "duration": 25,
    "pid": 1240,
    "index": 2
  },
  {
    "name": "Require(0) config/config.default.js",
    "start": 1572057084411,
    "end": 1572057084411,
    "duration": 0,
    "pid": 1240,
    "index": 3
  },
  {
    "name": "Require(1) node_modules/egg-session/config/config.default.js",
    "start": 1572057084413,
    "end": 1572057084414,
    "duration": 1,
    "pid": 1240,
    "index": 4
  },
  {
    "name": "Require(2) node_modules/egg-security/config/config.default.js",
    "start": 1572057084414,
    "end": 1572057084415,
    "duration": 1,
    "pid": 1240,
    "index": 5
  },
  {
    "name": "Require(3) node_modules/egg-jsonp/config/config.default.js",
    "start": 1572057084417,
    "end": 1572057084417,
    "duration": 0,
    "pid": 1240,
    "index": 6
  },
  {
    "name": "Require(4) node_modules/egg-onerror/config/config.default.js",
    "start": 1572057084418,
    "end": 1572057084418,
    "duration": 0,
    "pid": 1240,
    "index": 7
  },
  {
    "name": "Require(5) node_modules/egg-i18n/config/config.default.js",
    "start": 1572057084418,
    "end": 1572057084419,
    "duration": 1,
    "pid": 1240,
    "index": 8
  },
  {
    "name": "Require(6) node_modules/egg-watcher/config/config.default.js",
    "start": 1572057084419,
    "end": 1572057084420,
    "duration": 1,
    "pid": 1240,
    "index": 9
  },
  {
    "name": "Require(7) node_modules/egg-schedule/config/config.default.js",
    "start": 1572057084420,
    "end": 1572057084421,
    "duration": 1,
    "pid": 1240,
    "index": 10
  },
  {
    "name": "Require(8) node_modules/egg-multipart/config/config.default.js",
    "start": 1572057084421,
    "end": 1572057084421,
    "duration": 0,
    "pid": 1240,
    "index": 11
  },
  {
    "name": "Require(9) node_modules/egg-development/config/config.default.js",
    "start": 1572057084422,
    "end": 1572057084422,
    "duration": 0,
    "pid": 1240,
    "index": 12
  },
  {
    "name": "Require(10) node_modules/egg-logrotator/config/config.default.js",
    "start": 1572057084423,
    "end": 1572057084425,
    "duration": 2,
    "pid": 1240,
    "index": 13
  },
  {
    "name": "Require(11) node_modules/egg-static/config/config.default.js",
    "start": 1572057084427,
    "end": 1572057084428,
    "duration": 1,
    "pid": 1240,
    "index": 14
  },
  {
    "name": "Require(12) node_modules/egg-view/config/config.default.js",
    "start": 1572057084428,
    "end": 1572057084429,
    "duration": 1,
    "pid": 1240,
    "index": 15
  },
  {
    "name": "Require(13) node_modules/egg-mysql/config/config.default.js",
    "start": 1572057084429,
    "end": 1572057084430,
    "duration": 1,
    "pid": 1240,
    "index": 16
  },
  {
    "name": "Require(14) node_modules/egg/config/config.default.js",
    "start": 1572057084430,
    "end": 1572057084431,
    "duration": 1,
    "pid": 1240,
    "index": 17
  },
  {
    "name": "Require(15) config/config.default.js",
    "start": 1572057084432,
    "end": 1572057084432,
    "duration": 0,
    "pid": 1240,
    "index": 18
  },
  {
    "name": "Require(16) node_modules/egg-security/config/config.local.js",
    "start": 1572057084432,
    "end": 1572057084433,
    "duration": 1,
    "pid": 1240,
    "index": 19
  },
  {
    "name": "Require(17) node_modules/egg-watcher/config/config.local.js",
    "start": 1572057084433,
    "end": 1572057084433,
    "duration": 0,
    "pid": 1240,
    "index": 20
  },
  {
    "name": "Require(18) node_modules/egg-view/config/config.local.js",
    "start": 1572057084434,
    "end": 1572057084434,
    "duration": 0,
    "pid": 1240,
    "index": 21
  },
  {
    "name": "Require(19) node_modules/egg/config/config.local.js",
    "start": 1572057084435,
    "end": 1572057084435,
    "duration": 0,
    "pid": 1240,
    "index": 22
  },
  {
    "name": "Load extend/application.js",
    "start": 1572057084437,
    "end": 1572057084448,
    "duration": 11,
    "pid": 1240,
    "index": 23
  },
  {
    "name": "Require(20) node_modules/egg-session/app/extend/application.js",
    "start": 1572057084438,
    "end": 1572057084438,
    "duration": 0,
    "pid": 1240,
    "index": 24
  },
  {
    "name": "Require(21) node_modules/egg-security/app/extend/application.js",
    "start": 1572057084439,
    "end": 1572057084440,
    "duration": 1,
    "pid": 1240,
    "index": 25
  },
  {
    "name": "Require(22) node_modules/egg-jsonp/app/extend/application.js",
    "start": 1572057084440,
    "end": 1572057084442,
    "duration": 2,
    "pid": 1240,
    "index": 26
  },
  {
    "name": "Require(23) node_modules/egg-logrotator/app/extend/application.js",
    "start": 1572057084444,
    "end": 1572057084445,
    "duration": 1,
    "pid": 1240,
    "index": 27
  },
  {
    "name": "Require(24) node_modules/egg-view/app/extend/application.js",
    "start": 1572057084446,
    "end": 1572057084447,
    "duration": 1,
    "pid": 1240,
    "index": 28
  },
  {
    "name": "Load extend/request.js",
    "start": 1572057084449,
    "end": 1572057084453,
    "duration": 4,
    "pid": 1240,
    "index": 29
  },
  {
    "name": "Require(25) node_modules/egg/app/extend/request.js",
    "start": 1572057084450,
    "end": 1572057084451,
    "duration": 1,
    "pid": 1240,
    "index": 30
  },
  {
    "name": "Load extend/response.js",
    "start": 1572057084453,
    "end": 1572057084457,
    "duration": 4,
    "pid": 1240,
    "index": 31
  },
  {
    "name": "Require(26) node_modules/egg/app/extend/response.js",
    "start": 1572057084454,
    "end": 1572057084455,
    "duration": 1,
    "pid": 1240,
    "index": 32
  },
  {
    "name": "Load extend/context.js",
    "start": 1572057084457,
    "end": 1572057084527,
    "duration": 70,
    "pid": 1240,
    "index": 33
  },
  {
    "name": "Require(27) node_modules/egg-security/app/extend/context.js",
    "start": 1572057084458,
    "end": 1572057084468,
    "duration": 10,
    "pid": 1240,
    "index": 34
  },
  {
    "name": "Require(28) node_modules/egg-jsonp/app/extend/context.js",
    "start": 1572057084469,
    "end": 1572057084470,
    "duration": 1,
    "pid": 1240,
    "index": 35
  },
  {
    "name": "Require(29) node_modules/egg-i18n/app/extend/context.js",
    "start": 1572057084473,
    "end": 1572057084473,
    "duration": 0,
    "pid": 1240,
    "index": 36
  },
  {
    "name": "Require(30) node_modules/egg-multipart/app/extend/context.js",
    "start": 1572057084474,
    "end": 1572057084521,
    "duration": 47,
    "pid": 1240,
    "index": 37
  },
  {
    "name": "Require(31) node_modules/egg-view/app/extend/context.js",
    "start": 1572057084522,
    "end": 1572057084524,
    "duration": 2,
    "pid": 1240,
    "index": 38
  },
  {
    "name": "Require(32) node_modules/egg/app/extend/context.js",
    "start": 1572057084524,
    "end": 1572057084526,
    "duration": 2,
    "pid": 1240,
    "index": 39
  },
  {
    "name": "Load extend/helper.js",
    "start": 1572057084527,
    "end": 1572057084575,
    "duration": 48,
    "pid": 1240,
    "index": 40
  },
  {
    "name": "Require(33) node_modules/egg-security/app/extend/helper.js",
    "start": 1572057084528,
    "end": 1572057084572,
    "duration": 44,
    "pid": 1240,
    "index": 41
  },
  {
    "name": "Require(34) node_modules/egg/app/extend/helper.js",
    "start": 1572057084574,
    "end": 1572057084574,
    "duration": 0,
    "pid": 1240,
    "index": 42
  },
  {
    "name": "Load app.js",
    "start": 1572057084575,
    "end": 1572057084649,
    "duration": 74,
    "pid": 1240,
    "index": 43
  },
  {
    "name": "Require(35) node_modules/egg-session/app.js",
    "start": 1572057084577,
    "end": 1572057084578,
    "duration": 1,
    "pid": 1240,
    "index": 44
  },
  {
    "name": "Require(36) node_modules/egg-security/app.js",
    "start": 1572057084579,
    "end": 1572057084583,
    "duration": 4,
    "pid": 1240,
    "index": 45
  },
  {
    "name": "Require(37) node_modules/egg-onerror/app.js",
    "start": 1572057084585,
    "end": 1572057084597,
    "duration": 12,
    "pid": 1240,
    "index": 46
  },
  {
    "name": "Require(38) node_modules/egg-i18n/app.js",
    "start": 1572057084598,
    "end": 1572057084616,
    "duration": 18,
    "pid": 1240,
    "index": 47
  },
  {
    "name": "Require(39) node_modules/egg-watcher/app.js",
    "start": 1572057084617,
    "end": 1572057084622,
    "duration": 5,
    "pid": 1240,
    "index": 48
  },
  {
    "name": "Require(40) node_modules/egg-schedule/app.js",
    "start": 1572057084622,
    "end": 1572057084624,
    "duration": 2,
    "pid": 1240,
    "index": 49
  },
  {
    "name": "Require(41) node_modules/egg-multipart/app.js",
    "start": 1572057084624,
    "end": 1572057084627,
    "duration": 3,
    "pid": 1240,
    "index": 50
  },
  {
    "name": "Require(42) node_modules/egg-development/app.js",
    "start": 1572057084628,
    "end": 1572057084629,
    "duration": 1,
    "pid": 1240,
    "index": 51
  },
  {
    "name": "Require(43) node_modules/egg-logrotator/app.js",
    "start": 1572057084629,
    "end": 1572057084630,
    "duration": 1,
    "pid": 1240,
    "index": 52
  },
  {
    "name": "Require(44) node_modules/egg-static/app.js",
    "start": 1572057084630,
    "end": 1572057084630,
    "duration": 0,
    "pid": 1240,
    "index": 53
  },
  {
    "name": "Require(45) node_modules/egg-mysql/app.js",
    "start": 1572057084631,
    "end": 1572057084648,
    "duration": 17,
    "pid": 1240,
    "index": 54
  },
  {
    "name": "Before Start in node_modules/egg-watcher/lib/init.js:15:14",
    "start": 1572057084664,
    "end": 1572057084901,
    "duration": 237,
    "pid": 1240,
    "index": 55
  },
  {
    "name": "Before Start in node_modules/egg-mysql/lib/mysql.js:20:7",
    "start": 1572057084784,
    "end": 1572057084905,
    "duration": 121,
    "pid": 1240,
    "index": 56
  },
  {
    "name": "Load Service",
    "start": 1572057084785,
    "end": 1572057084788,
    "duration": 3,
    "pid": 1240,
    "index": 57
  },
  {
    "name": "Load \"service\" to Context",
    "start": 1572057084785,
    "end": 1572057084788,
    "duration": 3,
    "pid": 1240,
    "index": 58
  },
  {
    "name": "Load Middleware",
    "start": 1572057084788,
    "end": 1572057084865,
    "duration": 77,
    "pid": 1240,
    "index": 59
  },
  {
    "name": "Load \"middlewares\" to Application",
    "start": 1572057084788,
    "end": 1572057084856,
    "duration": 68,
    "pid": 1240,
    "index": 60
  },
  {
    "name": "Load Controller",
    "start": 1572057084865,
    "end": 1572057084871,
    "duration": 6,
    "pid": 1240,
    "index": 61
  },
  {
    "name": "Load \"controller\" to Application",
    "start": 1572057084865,
    "end": 1572057084871,
    "duration": 6,
    "pid": 1240,
    "index": 62
  },
  {
    "name": "Load Router",
    "start": 1572057084871,
    "end": 1572057084873,
    "duration": 2,
    "pid": 1240,
    "index": 63
  },
  {
    "name": "Require(46) app/router.js",
    "start": 1572057084872,
    "end": 1572057084872,
    "duration": 0,
    "pid": 1240,
    "index": 64
  },
  {
    "name": "Before Start in node_modules/egg-core/lib/egg.js:303:10",
    "start": 1572057084872,
    "end": 1572057084885,
    "duration": 13,
    "pid": 1240,
    "index": 65
  }
]