[
  {
    "name": "Application Start",
    "start": 1572055994755,
    "end": 1572055995217,
    "duration": 462,
    "pid": 5396,
    "index": 0
  },
  {
    "name": "Load Plugin",
    "start": 1572055994760,
    "end": 1572055994779,
    "duration": 19,
    "pid": 5396,
    "index": 1
  },
  {
    "name": "Load Config",
    "start": 1572055994779,
    "end": 1572055994802,
    "duration": 23,
    "pid": 5396,
    "index": 2
  },
  {
    "name": "Require(0) config/config.default.js",
    "start": 1572055994780,
    "end": 1572055994780,
    "duration": 0,
    "pid": 5396,
    "index": 3
  },
  {
    "name": "Require(1) node_modules/egg-session/config/config.default.js",
    "start": 1572055994782,
    "end": 1572055994782,
    "duration": 0,
    "pid": 5396,
    "index": 4
  },
  {
    "name": "Require(2) node_modules/egg-security/config/config.default.js",
    "start": 1572055994783,
    "end": 1572055994783,
    "duration": 0,
    "pid": 5396,
    "index": 5
  },
  {
    "name": "Require(3) node_modules/egg-jsonp/config/config.default.js",
    "start": 1572055994784,
    "end": 1572055994784,
    "duration": 0,
    "pid": 5396,
    "index": 6
  },
  {
    "name": "Require(4) node_modules/egg-onerror/config/config.default.js",
    "start": 1572055994785,
    "end": 1572055994785,
    "duration": 0,
    "pid": 5396,
    "index": 7
  },
  {
    "name": "Require(5) node_modules/egg-i18n/config/config.default.js",
    "start": 1572055994786,
    "end": 1572055994786,
    "duration": 0,
    "pid": 5396,
    "index": 8
  },
  {
    "name": "Require(6) node_modules/egg-watcher/config/config.default.js",
    "start": 1572055994787,
    "end": 1572055994787,
    "duration": 0,
    "pid": 5396,
    "index": 9
  },
  {
    "name": "Require(7) node_modules/egg-schedule/config/config.default.js",
    "start": 1572055994788,
    "end": 1572055994788,
    "duration": 0,
    "pid": 5396,
    "index": 10
  },
  {
    "name": "Require(8) node_modules/egg-multipart/config/config.default.js",
    "start": 1572055994789,
    "end": 1572055994789,
    "duration": 0,
    "pid": 5396,
    "index": 11
  },
  {
    "name": "Require(9) node_modules/egg-development/config/config.default.js",
    "start": 1572055994790,
    "end": 1572055994790,
    "duration": 0,
    "pid": 5396,
    "index": 12
  },
  {
    "name": "Require(10) node_modules/egg-logrotator/config/config.default.js",
    "start": 1572055994791,
    "end": 1572055994793,
    "duration": 2,
    "pid": 5396,
    "index": 13
  },
  {
    "name": "Require(11) node_modules/egg-static/config/config.default.js",
    "start": 1572055994793,
    "end": 1572055994794,
    "duration": 1,
    "pid": 5396,
    "index": 14
  },
  {
    "name": "Require(12) node_modules/egg-view/config/config.default.js",
    "start": 1572055994794,
    "end": 1572055994795,
    "duration": 1,
    "pid": 5396,
    "index": 15
  },
  {
    "name": "Require(13) node_modules/egg-mysql/config/config.default.js",
    "start": 1572055994795,
    "end": 1572055994795,
    "duration": 0,
    "pid": 5396,
    "index": 16
  },
  {
    "name": "Require(14) node_modules/egg/config/config.default.js",
    "start": 1572055994796,
    "end": 1572055994796,
    "duration": 0,
    "pid": 5396,
    "index": 17
  },
  {
    "name": "Require(15) config/config.default.js",
    "start": 1572055994797,
    "end": 1572055994797,
    "duration": 0,
    "pid": 5396,
    "index": 18
  },
  {
    "name": "Require(16) node_modules/egg-security/config/config.local.js",
    "start": 1572055994798,
    "end": 1572055994799,
    "duration": 1,
    "pid": 5396,
    "index": 19
  },
  {
    "name": "Require(17) node_modules/egg-watcher/config/config.local.js",
    "start": 1572055994800,
    "end": 1572055994800,
    "duration": 0,
    "pid": 5396,
    "index": 20
  },
  {
    "name": "Require(18) node_modules/egg-view/config/config.local.js",
    "start": 1572055994801,
    "end": 1572055994801,
    "duration": 0,
    "pid": 5396,
    "index": 21
  },
  {
    "name": "Require(19) node_modules/egg/config/config.local.js",
    "start": 1572055994802,
    "end": 1572055994802,
    "duration": 0,
    "pid": 5396,
    "index": 22
  },
  {
    "name": "Load extend/application.js",
    "start": 1572055994804,
    "end": 1572055994814,
    "duration": 10,
    "pid": 5396,
    "index": 23
  },
  {
    "name": "Require(20) node_modules/egg-session/app/extend/application.js",
    "start": 1572055994805,
    "end": 1572055994805,
    "duration": 0,
    "pid": 5396,
    "index": 24
  },
  {
    "name": "Require(21) node_modules/egg-security/app/extend/application.js",
    "start": 1572055994806,
    "end": 1572055994807,
    "duration": 1,
    "pid": 5396,
    "index": 25
  },
  {
    "name": "Require(22) node_modules/egg-jsonp/app/extend/application.js",
    "start": 1572055994807,
    "end": 1572055994809,
    "duration": 2,
    "pid": 5396,
    "index": 26
  },
  {
    "name": "Require(23) node_modules/egg-logrotator/app/extend/application.js",
    "start": 1572055994809,
    "end": 1572055994811,
    "duration": 2,
    "pid": 5396,
    "index": 27
  },
  {
    "name": "Require(24) node_modules/egg-view/app/extend/application.js",
    "start": 1572055994811,
    "end": 1572055994813,
    "duration": 2,
    "pid": 5396,
    "index": 28
  },
  {
    "name": "Load extend/request.js",
    "start": 1572055994814,
    "end": 1572055994818,
    "duration": 4,
    "pid": 5396,
    "index": 29
  },
  {
    "name": "Require(25) node_modules/egg/app/extend/request.js",
    "start": 1572055994815,
    "end": 1572055994816,
    "duration": 1,
    "pid": 5396,
    "index": 30
  },
  {
    "name": "Load extend/response.js",
    "start": 1572055994818,
    "end": 1572055994824,
    "duration": 6,
    "pid": 5396,
    "index": 31
  },
  {
    "name": "Require(26) node_modules/egg/app/extend/response.js",
    "start": 1572055994820,
    "end": 1572055994822,
    "duration": 2,
    "pid": 5396,
    "index": 32
  },
  {
    "name": "Load extend/context.js",
    "start": 1572055994824,
    "end": 1572055994886,
    "duration": 62,
    "pid": 5396,
    "index": 33
  },
  {
    "name": "Require(27) node_modules/egg-security/app/extend/context.js",
    "start": 1572055994824,
    "end": 1572055994834,
    "duration": 10,
    "pid": 5396,
    "index": 34
  },
  {
    "name": "Require(28) node_modules/egg-jsonp/app/extend/context.js",
    "start": 1572055994834,
    "end": 1572055994835,
    "duration": 1,
    "pid": 5396,
    "index": 35
  },
  {
    "name": "Require(29) node_modules/egg-i18n/app/extend/context.js",
    "start": 1572055994836,
    "end": 1572055994836,
    "duration": 0,
    "pid": 5396,
    "index": 36
  },
  {
    "name": "Require(30) node_modules/egg-multipart/app/extend/context.js",
    "start": 1572055994837,
    "end": 1572055994881,
    "duration": 44,
    "pid": 5396,
    "index": 37
  },
  {
    "name": "Require(31) node_modules/egg-view/app/extend/context.js",
    "start": 1572055994882,
    "end": 1572055994883,
    "duration": 1,
    "pid": 5396,
    "index": 38
  },
  {
    "name": "Require(32) node_modules/egg/app/extend/context.js",
    "start": 1572055994883,
    "end": 1572055994885,
    "duration": 2,
    "pid": 5396,
    "index": 39
  },
  {
    "name": "Load extend/helper.js",
    "start": 1572055994886,
    "end": 1572055994908,
    "duration": 22,
    "pid": 5396,
    "index": 40
  },
  {
    "name": "Require(33) node_modules/egg-security/app/extend/helper.js",
    "start": 1572055994886,
    "end": 1572055994905,
    "duration": 19,
    "pid": 5396,
    "index": 41
  },
  {
    "name": "Require(34) node_modules/egg/app/extend/helper.js",
    "start": 1572055994906,
    "end": 1572055994906,
    "duration": 0,
    "pid": 5396,
    "index": 42
  },
  {
    "name": "Load app.js",
    "start": 1572055994908,
    "end": 1572055994970,
    "duration": 62,
    "pid": 5396,
    "index": 43
  },
  {
    "name": "Require(35) node_modules/egg-session/app.js",
    "start": 1572055994909,
    "end": 1572055994910,
    "duration": 1,
    "pid": 5396,
    "index": 44
  },
  {
    "name": "Require(36) node_modules/egg-security/app.js",
    "start": 1572055994911,
    "end": 1572055994915,
    "duration": 4,
    "pid": 5396,
    "index": 45
  },
  {
    "name": "Require(37) node_modules/egg-onerror/app.js",
    "start": 1572055994916,
    "end": 1572055994927,
    "duration": 11,
    "pid": 5396,
    "index": 46
  },
  {
    "name": "Require(38) node_modules/egg-i18n/app.js",
    "start": 1572055994928,
    "end": 1572055994944,
    "duration": 16,
    "pid": 5396,
    "index": 47
  },
  {
    "name": "Require(39) node_modules/egg-watcher/app.js",
    "start": 1572055994944,
    "end": 1572055994948,
    "duration": 4,
    "pid": 5396,
    "index": 48
  },
  {
    "name": "Require(40) node_modules/egg-schedule/app.js",
    "start": 1572055994949,
    "end": 1572055994950,
    "duration": 1,
    "pid": 5396,
    "index": 49
  },
  {
    "name": "Require(41) node_modules/egg-multipart/app.js",
    "start": 1572055994950,
    "end": 1572055994952,
    "duration": 2,
    "pid": 5396,
    "index": 50
  },
  {
    "name": "Require(42) node_modules/egg-development/app.js",
    "start": 1572055994953,
    "end": 1572055994953,
    "duration": 0,
    "pid": 5396,
    "index": 51
  },
  {
    "name": "Require(43) node_modules/egg-logrotator/app.js",
    "start": 1572055994953,
    "end": 1572055994954,
    "duration": 1,
    "pid": 5396,
    "index": 52
  },
  {
    "name": "Require(44) node_modules/egg-static/app.js",
    "start": 1572055994954,
    "end": 1572055994954,
    "duration": 0,
    "pid": 5396,
    "index": 53
  },
  {
    "name": "Require(45) node_modules/egg-mysql/app.js",
    "start": 1572055994955,
    "end": 1572055994969,
    "duration": 14,
    "pid": 5396,
    "index": 54
  },
  {
    "name": "Before Start in node_modules/egg-watcher/lib/init.js:15:14",
    "start": 1572055994983,
    "end": 1572055995209,
    "duration": 226,
    "pid": 5396,
    "index": 55
  },
  {
    "name": "Before Start in node_modules/egg-mysql/lib/mysql.js:20:7",
    "start": 1572055995083,
    "end": 1572055995217,
    "duration": 134,
    "pid": 5396,
    "index": 56
  },
  {
    "name": "Load Service",
    "start": 1572055995084,
    "end": 1572055995087,
    "duration": 3,
    "pid": 5396,
    "index": 57
  },
  {
    "name": "Load \"service\" to Context",
    "start": 1572055995084,
    "end": 1572055995087,
    "duration": 3,
    "pid": 5396,
    "index": 58
  },
  {
    "name": "Load Middleware",
    "start": 1572055995087,
    "end": 1572055995169,
    "duration": 82,
    "pid": 5396,
    "index": 59
  },
  {
    "name": "Load \"middlewares\" to Application",
    "start": 1572055995087,
    "end": 1572055995161,
    "duration": 74,
    "pid": 5396,
    "index": 60
  },
  {
    "name": "Load Controller",
    "start": 1572055995170,
    "end": 1572055995176,
    "duration": 6,
    "pid": 5396,
    "index": 61
  },
  {
    "name": "Load \"controller\" to Application",
    "start": 1572055995170,
    "end": 1572055995176,
    "duration": 6,
    "pid": 5396,
    "index": 62
  },
  {
    "name": "Load Router",
    "start": 1572055995176,
    "end": 1572055995178,
    "duration": 2,
    "pid": 5396,
    "index": 63
  },
  {
    "name": "Require(46) app/router.js",
    "start": 1572055995177,
    "end": 1572055995177,
    "duration": 0,
    "pid": 5396,
    "index": 64
  },
  {
    "name": "Before Start in node_modules/egg-core/lib/egg.js:303:10",
    "start": 1572055995177,
    "end": 1572055995190,
    "duration": 13,
    "pid": 5396,
    "index": 65
  }
]