[
  {
    "name": "Application Start",
    "start": 1572056332142,
    "end": 1572056332570,
    "duration": 428,
    "pid": 12116,
    "index": 0
  },
  {
    "name": "Load Plugin",
    "start": 1572056332146,
    "end": 1572056332162,
    "duration": 16,
    "pid": 12116,
    "index": 1
  },
  {
    "name": "Load Config",
    "start": 1572056332162,
    "end": 1572056332186,
    "duration": 24,
    "pid": 12116,
    "index": 2
  },
  {
    "name": "Require(0) config/config.default.js",
    "start": 1572056332163,
    "end": 1572056332163,
    "duration": 0,
    "pid": 12116,
    "index": 3
  },
  {
    "name": "Require(1) node_modules/egg-session/config/config.default.js",
    "start": 1572056332165,
    "end": 1572056332165,
    "duration": 0,
    "pid": 12116,
    "index": 4
  },
  {
    "name": "Require(2) node_modules/egg-security/config/config.default.js",
    "start": 1572056332166,
    "end": 1572056332166,
    "duration": 0,
    "pid": 12116,
    "index": 5
  },
  {
    "name": "Require(3) node_modules/egg-jsonp/config/config.default.js",
    "start": 1572056332167,
    "end": 1572056332168,
    "duration": 1,
    "pid": 12116,
    "index": 6
  },
  {
    "name": "Require(4) node_modules/egg-onerror/config/config.default.js",
    "start": 1572056332169,
    "end": 1572056332169,
    "duration": 0,
    "pid": 12116,
    "index": 7
  },
  {
    "name": "Require(5) node_modules/egg-i18n/config/config.default.js",
    "start": 1572056332169,
    "end": 1572056332170,
    "duration": 1,
    "pid": 12116,
    "index": 8
  },
  {
    "name": "Require(6) node_modules/egg-watcher/config/config.default.js",
    "start": 1572056332170,
    "end": 1572056332171,
    "duration": 1,
    "pid": 12116,
    "index": 9
  },
  {
    "name": "Require(7) node_modules/egg-schedule/config/config.default.js",
    "start": 1572056332171,
    "end": 1572056332171,
    "duration": 0,
    "pid": 12116,
    "index": 10
  },
  {
    "name": "Require(8) node_modules/egg-multipart/config/config.default.js",
    "start": 1572056332172,
    "end": 1572056332172,
    "duration": 0,
    "pid": 12116,
    "index": 11
  },
  {
    "name": "Require(9) node_modules/egg-development/config/config.default.js",
    "start": 1572056332173,
    "end": 1572056332173,
    "duration": 0,
    "pid": 12116,
    "index": 12
  },
  {
    "name": "Require(10) node_modules/egg-logrotator/config/config.default.js",
    "start": 1572056332174,
    "end": 1572056332176,
    "duration": 2,
    "pid": 12116,
    "index": 13
  },
  {
    "name": "Require(11) node_modules/egg-static/config/config.default.js",
    "start": 1572056332177,
    "end": 1572056332177,
    "duration": 0,
    "pid": 12116,
    "index": 14
  },
  {
    "name": "Require(12) node_modules/egg-view/config/config.default.js",
    "start": 1572056332178,
    "end": 1572056332178,
    "duration": 0,
    "pid": 12116,
    "index": 15
  },
  {
    "name": "Require(13) node_modules/egg-mysql/config/config.default.js",
    "start": 1572056332179,
    "end": 1572056332179,
    "duration": 0,
    "pid": 12116,
    "index": 16
  },
  {
    "name": "Require(14) node_modules/egg/config/config.default.js",
    "start": 1572056332180,
    "end": 1572056332180,
    "duration": 0,
    "pid": 12116,
    "index": 17
  },
  {
    "name": "Require(15) config/config.default.js",
    "start": 1572056332182,
    "end": 1572056332182,
    "duration": 0,
    "pid": 12116,
    "index": 18
  },
  {
    "name": "Require(16) node_modules/egg-security/config/config.local.js",
    "start": 1572056332182,
    "end": 1572056332182,
    "duration": 0,
    "pid": 12116,
    "index": 19
  },
  {
    "name": "Require(17) node_modules/egg-watcher/config/config.local.js",
    "start": 1572056332183,
    "end": 1572056332183,
    "duration": 0,
    "pid": 12116,
    "index": 20
  },
  {
    "name": "Require(18) node_modules/egg-view/config/config.local.js",
    "start": 1572056332184,
    "end": 1572056332185,
    "duration": 1,
    "pid": 12116,
    "index": 21
  },
  {
    "name": "Require(19) node_modules/egg/config/config.local.js",
    "start": 1572056332186,
    "end": 1572056332186,
    "duration": 0,
    "pid": 12116,
    "index": 22
  },
  {
    "name": "Load extend/application.js",
    "start": 1572056332187,
    "end": 1572056332196,
    "duration": 9,
    "pid": 12116,
    "index": 23
  },
  {
    "name": "Require(20) node_modules/egg-session/app/extend/application.js",
    "start": 1572056332188,
    "end": 1572056332188,
    "duration": 0,
    "pid": 12116,
    "index": 24
  },
  {
    "name": "Require(21) node_modules/egg-security/app/extend/application.js",
    "start": 1572056332189,
    "end": 1572056332190,
    "duration": 1,
    "pid": 12116,
    "index": 25
  },
  {
    "name": "Require(22) node_modules/egg-jsonp/app/extend/application.js",
    "start": 1572056332190,
    "end": 1572056332191,
    "duration": 1,
    "pid": 12116,
    "index": 26
  },
  {
    "name": "Require(23) node_modules/egg-logrotator/app/extend/application.js",
    "start": 1572056332192,
    "end": 1572056332193,
    "duration": 1,
    "pid": 12116,
    "index": 27
  },
  {
    "name": "Require(24) node_modules/egg-view/app/extend/application.js",
    "start": 1572056332194,
    "end": 1572056332195,
    "duration": 1,
    "pid": 12116,
    "index": 28
  },
  {
    "name": "Load extend/request.js",
    "start": 1572056332196,
    "end": 1572056332200,
    "duration": 4,
    "pid": 12116,
    "index": 29
  },
  {
    "name": "Require(25) node_modules/egg/app/extend/request.js",
    "start": 1572056332198,
    "end": 1572056332199,
    "duration": 1,
    "pid": 12116,
    "index": 30
  },
  {
    "name": "Load extend/response.js",
    "start": 1572056332200,
    "end": 1572056332205,
    "duration": 5,
    "pid": 12116,
    "index": 31
  },
  {
    "name": "Require(26) node_modules/egg/app/extend/response.js",
    "start": 1572056332202,
    "end": 1572056332203,
    "duration": 1,
    "pid": 12116,
    "index": 32
  },
  {
    "name": "Load extend/context.js",
    "start": 1572056332205,
    "end": 1572056332262,
    "duration": 57,
    "pid": 12116,
    "index": 33
  },
  {
    "name": "Require(27) node_modules/egg-security/app/extend/context.js",
    "start": 1572056332205,
    "end": 1572056332213,
    "duration": 8,
    "pid": 12116,
    "index": 34
  },
  {
    "name": "Require(28) node_modules/egg-jsonp/app/extend/context.js",
    "start": 1572056332213,
    "end": 1572056332214,
    "duration": 1,
    "pid": 12116,
    "index": 35
  },
  {
    "name": "Require(29) node_modules/egg-i18n/app/extend/context.js",
    "start": 1572056332215,
    "end": 1572056332215,
    "duration": 0,
    "pid": 12116,
    "index": 36
  },
  {
    "name": "Require(30) node_modules/egg-multipart/app/extend/context.js",
    "start": 1572056332215,
    "end": 1572056332258,
    "duration": 43,
    "pid": 12116,
    "index": 37
  },
  {
    "name": "Require(31) node_modules/egg-view/app/extend/context.js",
    "start": 1572056332258,
    "end": 1572056332259,
    "duration": 1,
    "pid": 12116,
    "index": 38
  },
  {
    "name": "Require(32) node_modules/egg/app/extend/context.js",
    "start": 1572056332260,
    "end": 1572056332261,
    "duration": 1,
    "pid": 12116,
    "index": 39
  },
  {
    "name": "Load extend/helper.js",
    "start": 1572056332262,
    "end": 1572056332282,
    "duration": 20,
    "pid": 12116,
    "index": 40
  },
  {
    "name": "Require(33) node_modules/egg-security/app/extend/helper.js",
    "start": 1572056332263,
    "end": 1572056332278,
    "duration": 15,
    "pid": 12116,
    "index": 41
  },
  {
    "name": "Require(34) node_modules/egg/app/extend/helper.js",
    "start": 1572056332280,
    "end": 1572056332281,
    "duration": 1,
    "pid": 12116,
    "index": 42
  },
  {
    "name": "Load app.js",
    "start": 1572056332282,
    "end": 1572056332339,
    "duration": 57,
    "pid": 12116,
    "index": 43
  },
  {
    "name": "Require(35) node_modules/egg-session/app.js",
    "start": 1572056332282,
    "end": 1572056332283,
    "duration": 1,
    "pid": 12116,
    "index": 44
  },
  {
    "name": "Require(36) node_modules/egg-security/app.js",
    "start": 1572056332283,
    "end": 1572056332285,
    "duration": 2,
    "pid": 12116,
    "index": 45
  },
  {
    "name": "Require(37) node_modules/egg-onerror/app.js",
    "start": 1572056332285,
    "end": 1572056332292,
    "duration": 7,
    "pid": 12116,
    "index": 46
  },
  {
    "name": "Require(38) node_modules/egg-i18n/app.js",
    "start": 1572056332292,
    "end": 1572056332310,
    "duration": 18,
    "pid": 12116,
    "index": 47
  },
  {
    "name": "Require(39) node_modules/egg-watcher/app.js",
    "start": 1572056332311,
    "end": 1572056332314,
    "duration": 3,
    "pid": 12116,
    "index": 48
  },
  {
    "name": "Require(40) node_modules/egg-schedule/app.js",
    "start": 1572056332314,
    "end": 1572056332315,
    "duration": 1,
    "pid": 12116,
    "index": 49
  },
  {
    "name": "Require(41) node_modules/egg-multipart/app.js",
    "start": 1572056332316,
    "end": 1572056332318,
    "duration": 2,
    "pid": 12116,
    "index": 50
  },
  {
    "name": "Require(42) node_modules/egg-development/app.js",
    "start": 1572056332319,
    "end": 1572056332319,
    "duration": 0,
    "pid": 12116,
    "index": 51
  },
  {
    "name": "Require(43) node_modules/egg-logrotator/app.js",
    "start": 1572056332320,
    "end": 1572056332320,
    "duration": 0,
    "pid": 12116,
    "index": 52
  },
  {
    "name": "Require(44) node_modules/egg-static/app.js",
    "start": 1572056332321,
    "end": 1572056332321,
    "duration": 0,
    "pid": 12116,
    "index": 53
  },
  {
    "name": "Require(45) node_modules/egg-mysql/app.js",
    "start": 1572056332322,
    "end": 1572056332338,
    "duration": 16,
    "pid": 12116,
    "index": 54
  },
  {
    "name": "Before Start in node_modules/egg-watcher/lib/init.js:15:14",
    "start": 1572056332351,
    "end": 1572056332561,
    "duration": 210,
    "pid": 12116,
    "index": 55
  },
  {
    "name": "Before Start in node_modules/egg-mysql/lib/mysql.js:20:7",
    "start": 1572056332442,
    "end": 1572056332570,
    "duration": 128,
    "pid": 12116,
    "index": 56
  },
  {
    "name": "Load Service",
    "start": 1572056332442,
    "end": 1572056332445,
    "duration": 3,
    "pid": 12116,
    "index": 57
  },
  {
    "name": "Load \"service\" to Context",
    "start": 1572056332442,
    "end": 1572056332445,
    "duration": 3,
    "pid": 12116,
    "index": 58
  },
  {
    "name": "Load Middleware",
    "start": 1572056332445,
    "end": 1572056332520,
    "duration": 75,
    "pid": 12116,
    "index": 59
  },
  {
    "name": "Load \"middlewares\" to Application",
    "start": 1572056332446,
    "end": 1572056332512,
    "duration": 66,
    "pid": 12116,
    "index": 60
  },
  {
    "name": "Load Controller",
    "start": 1572056332520,
    "end": 1572056332528,
    "duration": 8,
    "pid": 12116,
    "index": 61
  },
  {
    "name": "Load \"controller\" to Application",
    "start": 1572056332520,
    "end": 1572056332528,
    "duration": 8,
    "pid": 12116,
    "index": 62
  },
  {
    "name": "Load Router",
    "start": 1572056332528,
    "end": 1572056332530,
    "duration": 2,
    "pid": 12116,
    "index": 63
  },
  {
    "name": "Require(46) app/router.js",
    "start": 1572056332528,
    "end": 1572056332528,
    "duration": 0,
    "pid": 12116,
    "index": 64
  },
  {
    "name": "Before Start in node_modules/egg-core/lib/egg.js:303:10",
    "start": 1572056332528,
    "end": 1572056332542,
    "duration": 14,
    "pid": 12116,
    "index": 65
  }
]