[
  {
    "name": "Application Start",
    "start": 1572056492076,
    "end": 1572056492531,
    "duration": 455,
    "pid": 15064,
    "index": 0
  },
  {
    "name": "Load Plugin",
    "start": 1572056492080,
    "end": 1572056492097,
    "duration": 17,
    "pid": 15064,
    "index": 1
  },
  {
    "name": "Load Config",
    "start": 1572056492097,
    "end": 1572056492123,
    "duration": 26,
    "pid": 15064,
    "index": 2
  },
  {
    "name": "Require(0) config/config.default.js",
    "start": 1572056492098,
    "end": 1572056492098,
    "duration": 0,
    "pid": 15064,
    "index": 3
  },
  {
    "name": "Require(1) node_modules/egg-session/config/config.default.js",
    "start": 1572056492100,
    "end": 1572056492100,
    "duration": 0,
    "pid": 15064,
    "index": 4
  },
  {
    "name": "Require(2) node_modules/egg-security/config/config.default.js",
    "start": 1572056492100,
    "end": 1572056492101,
    "duration": 1,
    "pid": 15064,
    "index": 5
  },
  {
    "name": "Require(3) node_modules/egg-jsonp/config/config.default.js",
    "start": 1572056492101,
    "end": 1572056492102,
    "duration": 1,
    "pid": 15064,
    "index": 6
  },
  {
    "name": "Require(4) node_modules/egg-onerror/config/config.default.js",
    "start": 1572056492102,
    "end": 1572056492103,
    "duration": 1,
    "pid": 15064,
    "index": 7
  },
  {
    "name": "Require(5) node_modules/egg-i18n/config/config.default.js",
    "start": 1572056492103,
    "end": 1572056492104,
    "duration": 1,
    "pid": 15064,
    "index": 8
  },
  {
    "name": "Require(6) node_modules/egg-watcher/config/config.default.js",
    "start": 1572056492105,
    "end": 1572056492105,
    "duration": 0,
    "pid": 15064,
    "index": 9
  },
  {
    "name": "Require(7) node_modules/egg-schedule/config/config.default.js",
    "start": 1572056492105,
    "end": 1572056492106,
    "duration": 1,
    "pid": 15064,
    "index": 10
  },
  {
    "name": "Require(8) node_modules/egg-multipart/config/config.default.js",
    "start": 1572056492106,
    "end": 1572056492106,
    "duration": 0,
    "pid": 15064,
    "index": 11
  },
  {
    "name": "Require(9) node_modules/egg-development/config/config.default.js",
    "start": 1572056492107,
    "end": 1572056492107,
    "duration": 0,
    "pid": 15064,
    "index": 12
  },
  {
    "name": "Require(10) node_modules/egg-logrotator/config/config.default.js",
    "start": 1572056492108,
    "end": 1572056492111,
    "duration": 3,
    "pid": 15064,
    "index": 13
  },
  {
    "name": "Require(11) node_modules/egg-static/config/config.default.js",
    "start": 1572056492113,
    "end": 1572056492114,
    "duration": 1,
    "pid": 15064,
    "index": 14
  },
  {
    "name": "Require(12) node_modules/egg-view/config/config.default.js",
    "start": 1572056492115,
    "end": 1572056492115,
    "duration": 0,
    "pid": 15064,
    "index": 15
  },
  {
    "name": "Require(13) node_modules/egg-mysql/config/config.default.js",
    "start": 1572056492116,
    "end": 1572056492116,
    "duration": 0,
    "pid": 15064,
    "index": 16
  },
  {
    "name": "Require(14) node_modules/egg/config/config.default.js",
    "start": 1572056492117,
    "end": 1572056492117,
    "duration": 0,
    "pid": 15064,
    "index": 17
  },
  {
    "name": "Require(15) config/config.default.js",
    "start": 1572056492118,
    "end": 1572056492118,
    "duration": 0,
    "pid": 15064,
    "index": 18
  },
  {
    "name": "Require(16) node_modules/egg-security/config/config.local.js",
    "start": 1572056492119,
    "end": 1572056492120,
    "duration": 1,
    "pid": 15064,
    "index": 19
  },
  {
    "name": "Require(17) node_modules/egg-watcher/config/config.local.js",
    "start": 1572056492121,
    "end": 1572056492121,
    "duration": 0,
    "pid": 15064,
    "index": 20
  },
  {
    "name": "Require(18) node_modules/egg-view/config/config.local.js",
    "start": 1572056492122,
    "end": 1572056492122,
    "duration": 0,
    "pid": 15064,
    "index": 21
  },
  {
    "name": "Require(19) node_modules/egg/config/config.local.js",
    "start": 1572056492123,
    "end": 1572056492123,
    "duration": 0,
    "pid": 15064,
    "index": 22
  },
  {
    "name": "Load extend/application.js",
    "start": 1572056492125,
    "end": 1572056492136,
    "duration": 11,
    "pid": 15064,
    "index": 23
  },
  {
    "name": "Require(20) node_modules/egg-session/app/extend/application.js",
    "start": 1572056492125,
    "end": 1572056492125,
    "duration": 0,
    "pid": 15064,
    "index": 24
  },
  {
    "name": "Require(21) node_modules/egg-security/app/extend/application.js",
    "start": 1572056492126,
    "end": 1572056492127,
    "duration": 1,
    "pid": 15064,
    "index": 25
  },
  {
    "name": "Require(22) node_modules/egg-jsonp/app/extend/application.js",
    "start": 1572056492127,
    "end": 1572056492129,
    "duration": 2,
    "pid": 15064,
    "index": 26
  },
  {
    "name": "Require(23) node_modules/egg-logrotator/app/extend/application.js",
    "start": 1572056492130,
    "end": 1572056492132,
    "duration": 2,
    "pid": 15064,
    "index": 27
  },
  {
    "name": "Require(24) node_modules/egg-view/app/extend/application.js",
    "start": 1572056492133,
    "end": 1572056492134,
    "duration": 1,
    "pid": 15064,
    "index": 28
  },
  {
    "name": "Load extend/request.js",
    "start": 1572056492136,
    "end": 1572056492140,
    "duration": 4,
    "pid": 15064,
    "index": 29
  },
  {
    "name": "Require(25) node_modules/egg/app/extend/request.js",
    "start": 1572056492138,
    "end": 1572056492139,
    "duration": 1,
    "pid": 15064,
    "index": 30
  },
  {
    "name": "Load extend/response.js",
    "start": 1572056492140,
    "end": 1572056492145,
    "duration": 5,
    "pid": 15064,
    "index": 31
  },
  {
    "name": "Require(26) node_modules/egg/app/extend/response.js",
    "start": 1572056492142,
    "end": 1572056492143,
    "duration": 1,
    "pid": 15064,
    "index": 32
  },
  {
    "name": "Load extend/context.js",
    "start": 1572056492145,
    "end": 1572056492209,
    "duration": 64,
    "pid": 15064,
    "index": 33
  },
  {
    "name": "Require(27) node_modules/egg-security/app/extend/context.js",
    "start": 1572056492145,
    "end": 1572056492154,
    "duration": 9,
    "pid": 15064,
    "index": 34
  },
  {
    "name": "Require(28) node_modules/egg-jsonp/app/extend/context.js",
    "start": 1572056492154,
    "end": 1572056492155,
    "duration": 1,
    "pid": 15064,
    "index": 35
  },
  {
    "name": "Require(29) node_modules/egg-i18n/app/extend/context.js",
    "start": 1572056492158,
    "end": 1572056492158,
    "duration": 0,
    "pid": 15064,
    "index": 36
  },
  {
    "name": "Require(30) node_modules/egg-multipart/app/extend/context.js",
    "start": 1572056492159,
    "end": 1572056492204,
    "duration": 45,
    "pid": 15064,
    "index": 37
  },
  {
    "name": "Require(31) node_modules/egg-view/app/extend/context.js",
    "start": 1572056492204,
    "end": 1572056492205,
    "duration": 1,
    "pid": 15064,
    "index": 38
  },
  {
    "name": "Require(32) node_modules/egg/app/extend/context.js",
    "start": 1572056492206,
    "end": 1572056492208,
    "duration": 2,
    "pid": 15064,
    "index": 39
  },
  {
    "name": "Load extend/helper.js",
    "start": 1572056492209,
    "end": 1572056492229,
    "duration": 20,
    "pid": 15064,
    "index": 40
  },
  {
    "name": "Require(33) node_modules/egg-security/app/extend/helper.js",
    "start": 1572056492210,
    "end": 1572056492225,
    "duration": 15,
    "pid": 15064,
    "index": 41
  },
  {
    "name": "Require(34) node_modules/egg/app/extend/helper.js",
    "start": 1572056492227,
    "end": 1572056492227,
    "duration": 0,
    "pid": 15064,
    "index": 42
  },
  {
    "name": "Load app.js",
    "start": 1572056492229,
    "end": 1572056492282,
    "duration": 53,
    "pid": 15064,
    "index": 43
  },
  {
    "name": "Require(35) node_modules/egg-session/app.js",
    "start": 1572056492230,
    "end": 1572056492230,
    "duration": 0,
    "pid": 15064,
    "index": 44
  },
  {
    "name": "Require(36) node_modules/egg-security/app.js",
    "start": 1572056492230,
    "end": 1572056492232,
    "duration": 2,
    "pid": 15064,
    "index": 45
  },
  {
    "name": "Require(37) node_modules/egg-onerror/app.js",
    "start": 1572056492232,
    "end": 1572056492241,
    "duration": 9,
    "pid": 15064,
    "index": 46
  },
  {
    "name": "Require(38) node_modules/egg-i18n/app.js",
    "start": 1572056492241,
    "end": 1572056492256,
    "duration": 15,
    "pid": 15064,
    "index": 47
  },
  {
    "name": "Require(39) node_modules/egg-watcher/app.js",
    "start": 1572056492256,
    "end": 1572056492259,
    "duration": 3,
    "pid": 15064,
    "index": 48
  },
  {
    "name": "Require(40) node_modules/egg-schedule/app.js",
    "start": 1572056492259,
    "end": 1572056492261,
    "duration": 2,
    "pid": 15064,
    "index": 49
  },
  {
    "name": "Require(41) node_modules/egg-multipart/app.js",
    "start": 1572056492261,
    "end": 1572056492263,
    "duration": 2,
    "pid": 15064,
    "index": 50
  },
  {
    "name": "Require(42) node_modules/egg-development/app.js",
    "start": 1572056492263,
    "end": 1572056492263,
    "duration": 0,
    "pid": 15064,
    "index": 51
  },
  {
    "name": "Require(43) node_modules/egg-logrotator/app.js",
    "start": 1572056492264,
    "end": 1572056492264,
    "duration": 0,
    "pid": 15064,
    "index": 52
  },
  {
    "name": "Require(44) node_modules/egg-static/app.js",
    "start": 1572056492264,
    "end": 1572056492265,
    "duration": 1,
    "pid": 15064,
    "index": 53
  },
  {
    "name": "Require(45) node_modules/egg-mysql/app.js",
    "start": 1572056492265,
    "end": 1572056492281,
    "duration": 16,
    "pid": 15064,
    "index": 54
  },
  {
    "name": "Before Start in node_modules/egg-watcher/lib/init.js:15:14",
    "start": 1572056492295,
    "end": 1572056492527,
    "duration": 232,
    "pid": 15064,
    "index": 55
  },
  {
    "name": "Before Start in node_modules/egg-mysql/lib/mysql.js:20:7",
    "start": 1572056492399,
    "end": 1572056492530,
    "duration": 131,
    "pid": 15064,
    "index": 56
  },
  {
    "name": "Load Service",
    "start": 1572056492400,
    "end": 1572056492403,
    "duration": 3,
    "pid": 15064,
    "index": 57
  },
  {
    "name": "Load \"service\" to Context",
    "start": 1572056492400,
    "end": 1572056492403,
    "duration": 3,
    "pid": 15064,
    "index": 58
  },
  {
    "name": "Load Middleware",
    "start": 1572056492403,
    "end": 1572056492481,
    "duration": 78,
    "pid": 15064,
    "index": 59
  },
  {
    "name": "Load \"middlewares\" to Application",
    "start": 1572056492403,
    "end": 1572056492472,
    "duration": 69,
    "pid": 15064,
    "index": 60
  },
  {
    "name": "Load Controller",
    "start": 1572056492481,
    "end": 1572056492489,
    "duration": 8,
    "pid": 15064,
    "index": 61
  },
  {
    "name": "Load \"controller\" to Application",
    "start": 1572056492481,
    "end": 1572056492489,
    "duration": 8,
    "pid": 15064,
    "index": 62
  },
  {
    "name": "Load Router",
    "start": 1572056492489,
    "end": 1572056492491,
    "duration": 2,
    "pid": 15064,
    "index": 63
  },
  {
    "name": "Require(46) app/router.js",
    "start": 1572056492489,
    "end": 1572056492489,
    "duration": 0,
    "pid": 15064,
    "index": 64
  },
  {
    "name": "Before Start in node_modules/egg-core/lib/egg.js:303:10",
    "start": 1572056492490,
    "end": 1572056492503,
    "duration": 13,
    "pid": 15064,
    "index": 65
  }
]