[
  {
    "name": "Application Start",
    "start": 1572056319844,
    "end": 1572056320362,
    "duration": 518,
    "pid": 9084,
    "index": 0
  },
  {
    "name": "Load Plugin",
    "start": 1572056319849,
    "end": 1572056319865,
    "duration": 16,
    "pid": 9084,
    "index": 1
  },
  {
    "name": "Load Config",
    "start": 1572056319865,
    "end": 1572056319886,
    "duration": 21,
    "pid": 9084,
    "index": 2
  },
  {
    "name": "Require(0) config/config.default.js",
    "start": 1572056319866,
    "end": 1572056319866,
    "duration": 0,
    "pid": 9084,
    "index": 3
  },
  {
    "name": "Require(1) node_modules/egg-session/config/config.default.js",
    "start": 1572056319867,
    "end": 1572056319868,
    "duration": 1,
    "pid": 9084,
    "index": 4
  },
  {
    "name": "Require(2) node_modules/egg-security/config/config.default.js",
    "start": 1572056319868,
    "end": 1572056319868,
    "duration": 0,
    "pid": 9084,
    "index": 5
  },
  {
    "name": "Require(3) node_modules/egg-jsonp/config/config.default.js",
    "start": 1572056319869,
    "end": 1572056319869,
    "duration": 0,
    "pid": 9084,
    "index": 6
  },
  {
    "name": "Require(4) node_modules/egg-onerror/config/config.default.js",
    "start": 1572056319870,
    "end": 1572056319870,
    "duration": 0,
    "pid": 9084,
    "index": 7
  },
  {
    "name": "Require(5) node_modules/egg-i18n/config/config.default.js",
    "start": 1572056319871,
    "end": 1572056319871,
    "duration": 0,
    "pid": 9084,
    "index": 8
  },
  {
    "name": "Require(6) node_modules/egg-watcher/config/config.default.js",
    "start": 1572056319872,
    "end": 1572056319872,
    "duration": 0,
    "pid": 9084,
    "index": 9
  },
  {
    "name": "Require(7) node_modules/egg-schedule/config/config.default.js",
    "start": 1572056319873,
    "end": 1572056319873,
    "duration": 0,
    "pid": 9084,
    "index": 10
  },
  {
    "name": "Require(8) node_modules/egg-multipart/config/config.default.js",
    "start": 1572056319874,
    "end": 1572056319874,
    "duration": 0,
    "pid": 9084,
    "index": 11
  },
  {
    "name": "Require(9) node_modules/egg-development/config/config.default.js",
    "start": 1572056319875,
    "end": 1572056319875,
    "duration": 0,
    "pid": 9084,
    "index": 12
  },
  {
    "name": "Require(10) node_modules/egg-logrotator/config/config.default.js",
    "start": 1572056319876,
    "end": 1572056319878,
    "duration": 2,
    "pid": 9084,
    "index": 13
  },
  {
    "name": "Require(11) node_modules/egg-static/config/config.default.js",
    "start": 1572056319878,
    "end": 1572056319879,
    "duration": 1,
    "pid": 9084,
    "index": 14
  },
  {
    "name": "Require(12) node_modules/egg-view/config/config.default.js",
    "start": 1572056319879,
    "end": 1572056319879,
    "duration": 0,
    "pid": 9084,
    "index": 15
  },
  {
    "name": "Require(13) node_modules/egg-mysql/config/config.default.js",
    "start": 1572056319880,
    "end": 1572056319880,
    "duration": 0,
    "pid": 9084,
    "index": 16
  },
  {
    "name": "Require(14) node_modules/egg/config/config.default.js",
    "start": 1572056319881,
    "end": 1572056319881,
    "duration": 0,
    "pid": 9084,
    "index": 17
  },
  {
    "name": "Require(15) config/config.default.js",
    "start": 1572056319882,
    "end": 1572056319882,
    "duration": 0,
    "pid": 9084,
    "index": 18
  },
  {
    "name": "Require(16) node_modules/egg-security/config/config.local.js",
    "start": 1572056319883,
    "end": 1572056319883,
    "duration": 0,
    "pid": 9084,
    "index": 19
  },
  {
    "name": "Require(17) node_modules/egg-watcher/config/config.local.js",
    "start": 1572056319884,
    "end": 1572056319884,
    "duration": 0,
    "pid": 9084,
    "index": 20
  },
  {
    "name": "Require(18) node_modules/egg-view/config/config.local.js",
    "start": 1572056319885,
    "end": 1572056319885,
    "duration": 0,
    "pid": 9084,
    "index": 21
  },
  {
    "name": "Require(19) node_modules/egg/config/config.local.js",
    "start": 1572056319885,
    "end": 1572056319886,
    "duration": 1,
    "pid": 9084,
    "index": 22
  },
  {
    "name": "Load extend/application.js",
    "start": 1572056319887,
    "end": 1572056319897,
    "duration": 10,
    "pid": 9084,
    "index": 23
  },
  {
    "name": "Require(20) node_modules/egg-session/app/extend/application.js",
    "start": 1572056319888,
    "end": 1572056319889,
    "duration": 1,
    "pid": 9084,
    "index": 24
  },
  {
    "name": "Require(21) node_modules/egg-security/app/extend/application.js",
    "start": 1572056319889,
    "end": 1572056319890,
    "duration": 1,
    "pid": 9084,
    "index": 25
  },
  {
    "name": "Require(22) node_modules/egg-jsonp/app/extend/application.js",
    "start": 1572056319891,
    "end": 1572056319892,
    "duration": 1,
    "pid": 9084,
    "index": 26
  },
  {
    "name": "Require(23) node_modules/egg-logrotator/app/extend/application.js",
    "start": 1572056319893,
    "end": 1572056319894,
    "duration": 1,
    "pid": 9084,
    "index": 27
  },
  {
    "name": "Require(24) node_modules/egg-view/app/extend/application.js",
    "start": 1572056319895,
    "end": 1572056319896,
    "duration": 1,
    "pid": 9084,
    "index": 28
  },
  {
    "name": "Load extend/request.js",
    "start": 1572056319897,
    "end": 1572056319901,
    "duration": 4,
    "pid": 9084,
    "index": 29
  },
  {
    "name": "Require(25) node_modules/egg/app/extend/request.js",
    "start": 1572056319899,
    "end": 1572056319900,
    "duration": 1,
    "pid": 9084,
    "index": 30
  },
  {
    "name": "Load extend/response.js",
    "start": 1572056319901,
    "end": 1572056319906,
    "duration": 5,
    "pid": 9084,
    "index": 31
  },
  {
    "name": "Require(26) node_modules/egg/app/extend/response.js",
    "start": 1572056319902,
    "end": 1572056319904,
    "duration": 2,
    "pid": 9084,
    "index": 32
  },
  {
    "name": "Load extend/context.js",
    "start": 1572056319906,
    "end": 1572056319972,
    "duration": 66,
    "pid": 9084,
    "index": 33
  },
  {
    "name": "Require(27) node_modules/egg-security/app/extend/context.js",
    "start": 1572056319906,
    "end": 1572056319914,
    "duration": 8,
    "pid": 9084,
    "index": 34
  },
  {
    "name": "Require(28) node_modules/egg-jsonp/app/extend/context.js",
    "start": 1572056319915,
    "end": 1572056319916,
    "duration": 1,
    "pid": 9084,
    "index": 35
  },
  {
    "name": "Require(29) node_modules/egg-i18n/app/extend/context.js",
    "start": 1572056319918,
    "end": 1572056319918,
    "duration": 0,
    "pid": 9084,
    "index": 36
  },
  {
    "name": "Require(30) node_modules/egg-multipart/app/extend/context.js",
    "start": 1572056319919,
    "end": 1572056319968,
    "duration": 49,
    "pid": 9084,
    "index": 37
  },
  {
    "name": "Require(31) node_modules/egg-view/app/extend/context.js",
    "start": 1572056319968,
    "end": 1572056319969,
    "duration": 1,
    "pid": 9084,
    "index": 38
  },
  {
    "name": "Require(32) node_modules/egg/app/extend/context.js",
    "start": 1572056319970,
    "end": 1572056319971,
    "duration": 1,
    "pid": 9084,
    "index": 39
  },
  {
    "name": "Load extend/helper.js",
    "start": 1572056319972,
    "end": 1572056319995,
    "duration": 23,
    "pid": 9084,
    "index": 40
  },
  {
    "name": "Require(33) node_modules/egg-security/app/extend/helper.js",
    "start": 1572056319973,
    "end": 1572056319990,
    "duration": 17,
    "pid": 9084,
    "index": 41
  },
  {
    "name": "Require(34) node_modules/egg/app/extend/helper.js",
    "start": 1572056319992,
    "end": 1572056319993,
    "duration": 1,
    "pid": 9084,
    "index": 42
  },
  {
    "name": "Load app.js",
    "start": 1572056319995,
    "end": 1572056320078,
    "duration": 83,
    "pid": 9084,
    "index": 43
  },
  {
    "name": "Require(35) node_modules/egg-session/app.js",
    "start": 1572056319995,
    "end": 1572056319996,
    "duration": 1,
    "pid": 9084,
    "index": 44
  },
  {
    "name": "Require(36) node_modules/egg-security/app.js",
    "start": 1572056319996,
    "end": 1572056319998,
    "duration": 2,
    "pid": 9084,
    "index": 45
  },
  {
    "name": "Require(37) node_modules/egg-onerror/app.js",
    "start": 1572056320000,
    "end": 1572056320013,
    "duration": 13,
    "pid": 9084,
    "index": 46
  },
  {
    "name": "Require(38) node_modules/egg-i18n/app.js",
    "start": 1572056320014,
    "end": 1572056320037,
    "duration": 23,
    "pid": 9084,
    "index": 47
  },
  {
    "name": "Require(39) node_modules/egg-watcher/app.js",
    "start": 1572056320038,
    "end": 1572056320042,
    "duration": 4,
    "pid": 9084,
    "index": 48
  },
  {
    "name": "Require(40) node_modules/egg-schedule/app.js",
    "start": 1572056320042,
    "end": 1572056320043,
    "duration": 1,
    "pid": 9084,
    "index": 49
  },
  {
    "name": "Require(41) node_modules/egg-multipart/app.js",
    "start": 1572056320043,
    "end": 1572056320046,
    "duration": 3,
    "pid": 9084,
    "index": 50
  },
  {
    "name": "Require(42) node_modules/egg-development/app.js",
    "start": 1572056320046,
    "end": 1572056320046,
    "duration": 0,
    "pid": 9084,
    "index": 51
  },
  {
    "name": "Require(43) node_modules/egg-logrotator/app.js",
    "start": 1572056320047,
    "end": 1572056320047,
    "duration": 0,
    "pid": 9084,
    "index": 52
  },
  {
    "name": "Require(44) node_modules/egg-static/app.js",
    "start": 1572056320048,
    "end": 1572056320050,
    "duration": 2,
    "pid": 9084,
    "index": 53
  },
  {
    "name": "Require(45) node_modules/egg-mysql/app.js",
    "start": 1572056320050,
    "end": 1572056320078,
    "duration": 28,
    "pid": 9084,
    "index": 54
  },
  {
    "name": "Before Start in node_modules/egg-watcher/lib/init.js:15:14",
    "start": 1572056320094,
    "end": 1572056320353,
    "duration": 259,
    "pid": 9084,
    "index": 55
  },
  {
    "name": "Before Start in node_modules/egg-mysql/lib/mysql.js:20:7",
    "start": 1572056320204,
    "end": 1572056320362,
    "duration": 158,
    "pid": 9084,
    "index": 56
  },
  {
    "name": "Load Service",
    "start": 1572056320204,
    "end": 1572056320208,
    "duration": 4,
    "pid": 9084,
    "index": 57
  },
  {
    "name": "Load \"service\" to Context",
    "start": 1572056320204,
    "end": 1572056320208,
    "duration": 4,
    "pid": 9084,
    "index": 58
  },
  {
    "name": "Load Middleware",
    "start": 1572056320209,
    "end": 1572056320311,
    "duration": 102,
    "pid": 9084,
    "index": 59
  },
  {
    "name": "Load \"middlewares\" to Application",
    "start": 1572056320209,
    "end": 1572056320300,
    "duration": 91,
    "pid": 9084,
    "index": 60
  },
  {
    "name": "Load Controller",
    "start": 1572056320312,
    "end": 1572056320319,
    "duration": 7,
    "pid": 9084,
    "index": 61
  },
  {
    "name": "Load \"controller\" to Application",
    "start": 1572056320312,
    "end": 1572056320319,
    "duration": 7,
    "pid": 9084,
    "index": 62
  },
  {
    "name": "Load Router",
    "start": 1572056320319,
    "end": 1572056320322,
    "duration": 3,
    "pid": 9084,
    "index": 63
  },
  {
    "name": "Require(46) app/router.js",
    "start": 1572056320320,
    "end": 1572056320320,
    "duration": 0,
    "pid": 9084,
    "index": 64
  },
  {
    "name": "Before Start in node_modules/egg-core/lib/egg.js:303:10",
    "start": 1572056320320,
    "end": 1572056320334,
    "duration": 14,
    "pid": 9084,
    "index": 65
  }
]