[
  {
    "name": "Application Start",
    "start": 1572057086063,
    "end": 1572057086477,
    "duration": 414,
    "pid": 8768,
    "index": 0
  },
  {
    "name": "Load Plugin",
    "start": 1572057086067,
    "end": 1572057086082,
    "duration": 15,
    "pid": 8768,
    "index": 1
  },
  {
    "name": "Load Config",
    "start": 1572057086082,
    "end": 1572057086102,
    "duration": 20,
    "pid": 8768,
    "index": 2
  },
  {
    "name": "Require(0) config/config.default.js",
    "start": 1572057086083,
    "end": 1572057086083,
    "duration": 0,
    "pid": 8768,
    "index": 3
  },
  {
    "name": "Require(1) node_modules/egg-session/config/config.default.js",
    "start": 1572057086085,
    "end": 1572057086085,
    "duration": 0,
    "pid": 8768,
    "index": 4
  },
  {
    "name": "Require(2) node_modules/egg-security/config/config.default.js",
    "start": 1572057086085,
    "end": 1572057086086,
    "duration": 1,
    "pid": 8768,
    "index": 5
  },
  {
    "name": "Require(3) node_modules/egg-jsonp/config/config.default.js",
    "start": 1572057086086,
    "end": 1572057086087,
    "duration": 1,
    "pid": 8768,
    "index": 6
  },
  {
    "name": "Require(4) node_modules/egg-onerror/config/config.default.js",
    "start": 1572057086087,
    "end": 1572057086087,
    "duration": 0,
    "pid": 8768,
    "index": 7
  },
  {
    "name": "Require(5) node_modules/egg-i18n/config/config.default.js",
    "start": 1572057086088,
    "end": 1572057086088,
    "duration": 0,
    "pid": 8768,
    "index": 8
  },
  {
    "name": "Require(6) node_modules/egg-watcher/config/config.default.js",
    "start": 1572057086089,
    "end": 1572057086089,
    "duration": 0,
    "pid": 8768,
    "index": 9
  },
  {
    "name": "Require(7) node_modules/egg-schedule/config/config.default.js",
    "start": 1572057086090,
    "end": 1572057086090,
    "duration": 0,
    "pid": 8768,
    "index": 10
  },
  {
    "name": "Require(8) node_modules/egg-multipart/config/config.default.js",
    "start": 1572057086091,
    "end": 1572057086091,
    "duration": 0,
    "pid": 8768,
    "index": 11
  },
  {
    "name": "Require(9) node_modules/egg-development/config/config.default.js",
    "start": 1572057086092,
    "end": 1572057086092,
    "duration": 0,
    "pid": 8768,
    "index": 12
  },
  {
    "name": "Require(10) node_modules/egg-logrotator/config/config.default.js",
    "start": 1572057086093,
    "end": 1572057086095,
    "duration": 2,
    "pid": 8768,
    "index": 13
  },
  {
    "name": "Require(11) node_modules/egg-static/config/config.default.js",
    "start": 1572057086095,
    "end": 1572057086095,
    "duration": 0,
    "pid": 8768,
    "index": 14
  },
  {
    "name": "Require(12) node_modules/egg-view/config/config.default.js",
    "start": 1572057086096,
    "end": 1572057086096,
    "duration": 0,
    "pid": 8768,
    "index": 15
  },
  {
    "name": "Require(13) node_modules/egg-mysql/config/config.default.js",
    "start": 1572057086097,
    "end": 1572057086097,
    "duration": 0,
    "pid": 8768,
    "index": 16
  },
  {
    "name": "Require(14) node_modules/egg/config/config.default.js",
    "start": 1572057086097,
    "end": 1572057086098,
    "duration": 1,
    "pid": 8768,
    "index": 17
  },
  {
    "name": "Require(15) config/config.default.js",
    "start": 1572057086099,
    "end": 1572057086099,
    "duration": 0,
    "pid": 8768,
    "index": 18
  },
  {
    "name": "Require(16) node_modules/egg-security/config/config.local.js",
    "start": 1572057086099,
    "end": 1572057086099,
    "duration": 0,
    "pid": 8768,
    "index": 19
  },
  {
    "name": "Require(17) node_modules/egg-watcher/config/config.local.js",
    "start": 1572057086100,
    "end": 1572057086100,
    "duration": 0,
    "pid": 8768,
    "index": 20
  },
  {
    "name": "Require(18) node_modules/egg-view/config/config.local.js",
    "start": 1572057086101,
    "end": 1572057086101,
    "duration": 0,
    "pid": 8768,
    "index": 21
  },
  {
    "name": "Require(19) node_modules/egg/config/config.local.js",
    "start": 1572057086102,
    "end": 1572057086102,
    "duration": 0,
    "pid": 8768,
    "index": 22
  },
  {
    "name": "Load extend/application.js",
    "start": 1572057086103,
    "end": 1572057086113,
    "duration": 10,
    "pid": 8768,
    "index": 23
  },
  {
    "name": "Require(20) node_modules/egg-session/app/extend/application.js",
    "start": 1572057086103,
    "end": 1572057086104,
    "duration": 1,
    "pid": 8768,
    "index": 24
  },
  {
    "name": "Require(21) node_modules/egg-security/app/extend/application.js",
    "start": 1572057086104,
    "end": 1572057086105,
    "duration": 1,
    "pid": 8768,
    "index": 25
  },
  {
    "name": "Require(22) node_modules/egg-jsonp/app/extend/application.js",
    "start": 1572057086106,
    "end": 1572057086108,
    "duration": 2,
    "pid": 8768,
    "index": 26
  },
  {
    "name": "Require(23) node_modules/egg-logrotator/app/extend/application.js",
    "start": 1572057086109,
    "end": 1572057086110,
    "duration": 1,
    "pid": 8768,
    "index": 27
  },
  {
    "name": "Require(24) node_modules/egg-view/app/extend/application.js",
    "start": 1572057086111,
    "end": 1572057086112,
    "duration": 1,
    "pid": 8768,
    "index": 28
  },
  {
    "name": "Load extend/request.js",
    "start": 1572057086113,
    "end": 1572057086116,
    "duration": 3,
    "pid": 8768,
    "index": 29
  },
  {
    "name": "Require(25) node_modules/egg/app/extend/request.js",
    "start": 1572057086114,
    "end": 1572057086115,
    "duration": 1,
    "pid": 8768,
    "index": 30
  },
  {
    "name": "Load extend/response.js",
    "start": 1572057086116,
    "end": 1572057086120,
    "duration": 4,
    "pid": 8768,
    "index": 31
  },
  {
    "name": "Require(26) node_modules/egg/app/extend/response.js",
    "start": 1572057086118,
    "end": 1572057086118,
    "duration": 0,
    "pid": 8768,
    "index": 32
  },
  {
    "name": "Load extend/context.js",
    "start": 1572057086120,
    "end": 1572057086181,
    "duration": 61,
    "pid": 8768,
    "index": 33
  },
  {
    "name": "Require(27) node_modules/egg-security/app/extend/context.js",
    "start": 1572057086121,
    "end": 1572057086129,
    "duration": 8,
    "pid": 8768,
    "index": 34
  },
  {
    "name": "Require(28) node_modules/egg-jsonp/app/extend/context.js",
    "start": 1572057086130,
    "end": 1572057086131,
    "duration": 1,
    "pid": 8768,
    "index": 35
  },
  {
    "name": "Require(29) node_modules/egg-i18n/app/extend/context.js",
    "start": 1572057086133,
    "end": 1572057086133,
    "duration": 0,
    "pid": 8768,
    "index": 36
  },
  {
    "name": "Require(30) node_modules/egg-multipart/app/extend/context.js",
    "start": 1572057086134,
    "end": 1572057086177,
    "duration": 43,
    "pid": 8768,
    "index": 37
  },
  {
    "name": "Require(31) node_modules/egg-view/app/extend/context.js",
    "start": 1572057086177,
    "end": 1572057086178,
    "duration": 1,
    "pid": 8768,
    "index": 38
  },
  {
    "name": "Require(32) node_modules/egg/app/extend/context.js",
    "start": 1572057086179,
    "end": 1572057086180,
    "duration": 1,
    "pid": 8768,
    "index": 39
  },
  {
    "name": "Load extend/helper.js",
    "start": 1572057086181,
    "end": 1572057086200,
    "duration": 19,
    "pid": 8768,
    "index": 40
  },
  {
    "name": "Require(33) node_modules/egg-security/app/extend/helper.js",
    "start": 1572057086182,
    "end": 1572057086197,
    "duration": 15,
    "pid": 8768,
    "index": 41
  },
  {
    "name": "Require(34) node_modules/egg/app/extend/helper.js",
    "start": 1572057086198,
    "end": 1572057086198,
    "duration": 0,
    "pid": 8768,
    "index": 42
  },
  {
    "name": "Load app.js",
    "start": 1572057086201,
    "end": 1572057086250,
    "duration": 49,
    "pid": 8768,
    "index": 43
  },
  {
    "name": "Require(35) node_modules/egg-session/app.js",
    "start": 1572057086201,
    "end": 1572057086202,
    "duration": 1,
    "pid": 8768,
    "index": 44
  },
  {
    "name": "Require(36) node_modules/egg-security/app.js",
    "start": 1572057086202,
    "end": 1572057086204,
    "duration": 2,
    "pid": 8768,
    "index": 45
  },
  {
    "name": "Require(37) node_modules/egg-onerror/app.js",
    "start": 1572057086204,
    "end": 1572057086211,
    "duration": 7,
    "pid": 8768,
    "index": 46
  },
  {
    "name": "Require(38) node_modules/egg-i18n/app.js",
    "start": 1572057086211,
    "end": 1572057086224,
    "duration": 13,
    "pid": 8768,
    "index": 47
  },
  {
    "name": "Require(39) node_modules/egg-watcher/app.js",
    "start": 1572057086225,
    "end": 1572057086227,
    "duration": 2,
    "pid": 8768,
    "index": 48
  },
  {
    "name": "Require(40) node_modules/egg-schedule/app.js",
    "start": 1572057086228,
    "end": 1572057086229,
    "duration": 1,
    "pid": 8768,
    "index": 49
  },
  {
    "name": "Require(41) node_modules/egg-multipart/app.js",
    "start": 1572057086229,
    "end": 1572057086232,
    "duration": 3,
    "pid": 8768,
    "index": 50
  },
  {
    "name": "Require(42) node_modules/egg-development/app.js",
    "start": 1572057086232,
    "end": 1572057086233,
    "duration": 1,
    "pid": 8768,
    "index": 51
  },
  {
    "name": "Require(43) node_modules/egg-logrotator/app.js",
    "start": 1572057086233,
    "end": 1572057086233,
    "duration": 0,
    "pid": 8768,
    "index": 52
  },
  {
    "name": "Require(44) node_modules/egg-static/app.js",
    "start": 1572057086234,
    "end": 1572057086234,
    "duration": 0,
    "pid": 8768,
    "index": 53
  },
  {
    "name": "Require(45) node_modules/egg-mysql/app.js",
    "start": 1572057086234,
    "end": 1572057086250,
    "duration": 16,
    "pid": 8768,
    "index": 54
  },
  {
    "name": "Before Start in node_modules/egg-watcher/lib/init.js:15:14",
    "start": 1572057086265,
    "end": 1572057086468,
    "duration": 203,
    "pid": 8768,
    "index": 55
  },
  {
    "name": "Before Start in node_modules/egg-mysql/lib/mysql.js:20:7",
    "start": 1572057086354,
    "end": 1572057086476,
    "duration": 122,
    "pid": 8768,
    "index": 56
  },
  {
    "name": "Load Service",
    "start": 1572057086354,
    "end": 1572057086358,
    "duration": 4,
    "pid": 8768,
    "index": 57
  },
  {
    "name": "Load \"service\" to Context",
    "start": 1572057086355,
    "end": 1572057086358,
    "duration": 3,
    "pid": 8768,
    "index": 58
  },
  {
    "name": "Load Middleware",
    "start": 1572057086358,
    "end": 1572057086430,
    "duration": 72,
    "pid": 8768,
    "index": 59
  },
  {
    "name": "Load \"middlewares\" to Application",
    "start": 1572057086358,
    "end": 1572057086422,
    "duration": 64,
    "pid": 8768,
    "index": 60
  },
  {
    "name": "Load Controller",
    "start": 1572057086430,
    "end": 1572057086437,
    "duration": 7,
    "pid": 8768,
    "index": 61
  },
  {
    "name": "Load \"controller\" to Application",
    "start": 1572057086430,
    "end": 1572057086437,
    "duration": 7,
    "pid": 8768,
    "index": 62
  },
  {
    "name": "Load Router",
    "start": 1572057086437,
    "end": 1572057086439,
    "duration": 2,
    "pid": 8768,
    "index": 63
  },
  {
    "name": "Require(46) app/router.js",
    "start": 1572057086437,
    "end": 1572057086437,
    "duration": 0,
    "pid": 8768,
    "index": 64
  },
  {
    "name": "Before Start in node_modules/egg-core/lib/egg.js:303:10",
    "start": 1572057086438,
    "end": 1572057086450,
    "duration": 12,
    "pid": 8768,
    "index": 65
  }
]