[
  {
    "name": "Application Start",
    "start": 1572056341700,
    "end": 1572056342179,
    "duration": 479,
    "pid": 2548,
    "index": 0
  },
  {
    "name": "Load Plugin",
    "start": 1572056341705,
    "end": 1572056341719,
    "duration": 14,
    "pid": 2548,
    "index": 1
  },
  {
    "name": "Load Config",
    "start": 1572056341720,
    "end": 1572056341740,
    "duration": 20,
    "pid": 2548,
    "index": 2
  },
  {
    "name": "Require(0) config/config.default.js",
    "start": 1572056341720,
    "end": 1572056341721,
    "duration": 1,
    "pid": 2548,
    "index": 3
  },
  {
    "name": "Require(1) node_modules/egg-session/config/config.default.js",
    "start": 1572056341722,
    "end": 1572056341722,
    "duration": 0,
    "pid": 2548,
    "index": 4
  },
  {
    "name": "Require(2) node_modules/egg-security/config/config.default.js",
    "start": 1572056341723,
    "end": 1572056341723,
    "duration": 0,
    "pid": 2548,
    "index": 5
  },
  {
    "name": "Require(3) node_modules/egg-jsonp/config/config.default.js",
    "start": 1572056341724,
    "end": 1572056341724,
    "duration": 0,
    "pid": 2548,
    "index": 6
  },
  {
    "name": "Require(4) node_modules/egg-onerror/config/config.default.js",
    "start": 1572056341724,
    "end": 1572056341725,
    "duration": 1,
    "pid": 2548,
    "index": 7
  },
  {
    "name": "Require(5) node_modules/egg-i18n/config/config.default.js",
    "start": 1572056341725,
    "end": 1572056341725,
    "duration": 0,
    "pid": 2548,
    "index": 8
  },
  {
    "name": "Require(6) node_modules/egg-watcher/config/config.default.js",
    "start": 1572056341726,
    "end": 1572056341726,
    "duration": 0,
    "pid": 2548,
    "index": 9
  },
  {
    "name": "Require(7) node_modules/egg-schedule/config/config.default.js",
    "start": 1572056341727,
    "end": 1572056341727,
    "duration": 0,
    "pid": 2548,
    "index": 10
  },
  {
    "name": "Require(8) node_modules/egg-multipart/config/config.default.js",
    "start": 1572056341727,
    "end": 1572056341728,
    "duration": 1,
    "pid": 2548,
    "index": 11
  },
  {
    "name": "Require(9) node_modules/egg-development/config/config.default.js",
    "start": 1572056341728,
    "end": 1572056341729,
    "duration": 1,
    "pid": 2548,
    "index": 12
  },
  {
    "name": "Require(10) node_modules/egg-logrotator/config/config.default.js",
    "start": 1572056341729,
    "end": 1572056341732,
    "duration": 3,
    "pid": 2548,
    "index": 13
  },
  {
    "name": "Require(11) node_modules/egg-static/config/config.default.js",
    "start": 1572056341733,
    "end": 1572056341733,
    "duration": 0,
    "pid": 2548,
    "index": 14
  },
  {
    "name": "Require(12) node_modules/egg-view/config/config.default.js",
    "start": 1572056341734,
    "end": 1572056341734,
    "duration": 0,
    "pid": 2548,
    "index": 15
  },
  {
    "name": "Require(13) node_modules/egg-mysql/config/config.default.js",
    "start": 1572056341735,
    "end": 1572056341735,
    "duration": 0,
    "pid": 2548,
    "index": 16
  },
  {
    "name": "Require(14) node_modules/egg/config/config.default.js",
    "start": 1572056341735,
    "end": 1572056341736,
    "duration": 1,
    "pid": 2548,
    "index": 17
  },
  {
    "name": "Require(15) config/config.default.js",
    "start": 1572056341737,
    "end": 1572056341737,
    "duration": 0,
    "pid": 2548,
    "index": 18
  },
  {
    "name": "Require(16) node_modules/egg-security/config/config.local.js",
    "start": 1572056341737,
    "end": 1572056341738,
    "duration": 1,
    "pid": 2548,
    "index": 19
  },
  {
    "name": "Require(17) node_modules/egg-watcher/config/config.local.js",
    "start": 1572056341738,
    "end": 1572056341738,
    "duration": 0,
    "pid": 2548,
    "index": 20
  },
  {
    "name": "Require(18) node_modules/egg-view/config/config.local.js",
    "start": 1572056341739,
    "end": 1572056341739,
    "duration": 0,
    "pid": 2548,
    "index": 21
  },
  {
    "name": "Require(19) node_modules/egg/config/config.local.js",
    "start": 1572056341740,
    "end": 1572056341740,
    "duration": 0,
    "pid": 2548,
    "index": 22
  },
  {
    "name": "Load extend/application.js",
    "start": 1572056341741,
    "end": 1572056341752,
    "duration": 11,
    "pid": 2548,
    "index": 23
  },
  {
    "name": "Require(20) node_modules/egg-session/app/extend/application.js",
    "start": 1572056341742,
    "end": 1572056341742,
    "duration": 0,
    "pid": 2548,
    "index": 24
  },
  {
    "name": "Require(21) node_modules/egg-security/app/extend/application.js",
    "start": 1572056341743,
    "end": 1572056341744,
    "duration": 1,
    "pid": 2548,
    "index": 25
  },
  {
    "name": "Require(22) node_modules/egg-jsonp/app/extend/application.js",
    "start": 1572056341744,
    "end": 1572056341745,
    "duration": 1,
    "pid": 2548,
    "index": 26
  },
  {
    "name": "Require(23) node_modules/egg-logrotator/app/extend/application.js",
    "start": 1572056341746,
    "end": 1572056341749,
    "duration": 3,
    "pid": 2548,
    "index": 27
  },
  {
    "name": "Require(24) node_modules/egg-view/app/extend/application.js",
    "start": 1572056341750,
    "end": 1572056341751,
    "duration": 1,
    "pid": 2548,
    "index": 28
  },
  {
    "name": "Load extend/request.js",
    "start": 1572056341752,
    "end": 1572056341756,
    "duration": 4,
    "pid": 2548,
    "index": 29
  },
  {
    "name": "Require(25) node_modules/egg/app/extend/request.js",
    "start": 1572056341754,
    "end": 1572056341754,
    "duration": 0,
    "pid": 2548,
    "index": 30
  },
  {
    "name": "Load extend/response.js",
    "start": 1572056341756,
    "end": 1572056341760,
    "duration": 4,
    "pid": 2548,
    "index": 31
  },
  {
    "name": "Require(26) node_modules/egg/app/extend/response.js",
    "start": 1572056341757,
    "end": 1572056341758,
    "duration": 1,
    "pid": 2548,
    "index": 32
  },
  {
    "name": "Load extend/context.js",
    "start": 1572056341760,
    "end": 1572056341823,
    "duration": 63,
    "pid": 2548,
    "index": 33
  },
  {
    "name": "Require(27) node_modules/egg-security/app/extend/context.js",
    "start": 1572056341760,
    "end": 1572056341770,
    "duration": 10,
    "pid": 2548,
    "index": 34
  },
  {
    "name": "Require(28) node_modules/egg-jsonp/app/extend/context.js",
    "start": 1572056341770,
    "end": 1572056341771,
    "duration": 1,
    "pid": 2548,
    "index": 35
  },
  {
    "name": "Require(29) node_modules/egg-i18n/app/extend/context.js",
    "start": 1572056341773,
    "end": 1572056341773,
    "duration": 0,
    "pid": 2548,
    "index": 36
  },
  {
    "name": "Require(30) node_modules/egg-multipart/app/extend/context.js",
    "start": 1572056341774,
    "end": 1572056341819,
    "duration": 45,
    "pid": 2548,
    "index": 37
  },
  {
    "name": "Require(31) node_modules/egg-view/app/extend/context.js",
    "start": 1572056341819,
    "end": 1572056341820,
    "duration": 1,
    "pid": 2548,
    "index": 38
  },
  {
    "name": "Require(32) node_modules/egg/app/extend/context.js",
    "start": 1572056341821,
    "end": 1572056341822,
    "duration": 1,
    "pid": 2548,
    "index": 39
  },
  {
    "name": "Load extend/helper.js",
    "start": 1572056341823,
    "end": 1572056341844,
    "duration": 21,
    "pid": 2548,
    "index": 40
  },
  {
    "name": "Require(33) node_modules/egg-security/app/extend/helper.js",
    "start": 1572056341824,
    "end": 1572056341841,
    "duration": 17,
    "pid": 2548,
    "index": 41
  },
  {
    "name": "Require(34) node_modules/egg/app/extend/helper.js",
    "start": 1572056341842,
    "end": 1572056341843,
    "duration": 1,
    "pid": 2548,
    "index": 42
  },
  {
    "name": "Load app.js",
    "start": 1572056341844,
    "end": 1572056341898,
    "duration": 54,
    "pid": 2548,
    "index": 43
  },
  {
    "name": "Require(35) node_modules/egg-session/app.js",
    "start": 1572056341845,
    "end": 1572056341845,
    "duration": 0,
    "pid": 2548,
    "index": 44
  },
  {
    "name": "Require(36) node_modules/egg-security/app.js",
    "start": 1572056341845,
    "end": 1572056341848,
    "duration": 3,
    "pid": 2548,
    "index": 45
  },
  {
    "name": "Require(37) node_modules/egg-onerror/app.js",
    "start": 1572056341848,
    "end": 1572056341856,
    "duration": 8,
    "pid": 2548,
    "index": 46
  },
  {
    "name": "Require(38) node_modules/egg-i18n/app.js",
    "start": 1572056341857,
    "end": 1572056341871,
    "duration": 14,
    "pid": 2548,
    "index": 47
  },
  {
    "name": "Require(39) node_modules/egg-watcher/app.js",
    "start": 1572056341871,
    "end": 1572056341874,
    "duration": 3,
    "pid": 2548,
    "index": 48
  },
  {
    "name": "Require(40) node_modules/egg-schedule/app.js",
    "start": 1572056341875,
    "end": 1572056341877,
    "duration": 2,
    "pid": 2548,
    "index": 49
  },
  {
    "name": "Require(41) node_modules/egg-multipart/app.js",
    "start": 1572056341877,
    "end": 1572056341879,
    "duration": 2,
    "pid": 2548,
    "index": 50
  },
  {
    "name": "Require(42) node_modules/egg-development/app.js",
    "start": 1572056341880,
    "end": 1572056341880,
    "duration": 0,
    "pid": 2548,
    "index": 51
  },
  {
    "name": "Require(43) node_modules/egg-logrotator/app.js",
    "start": 1572056341881,
    "end": 1572056341881,
    "duration": 0,
    "pid": 2548,
    "index": 52
  },
  {
    "name": "Require(44) node_modules/egg-static/app.js",
    "start": 1572056341881,
    "end": 1572056341882,
    "duration": 1,
    "pid": 2548,
    "index": 53
  },
  {
    "name": "Require(45) node_modules/egg-mysql/app.js",
    "start": 1572056341882,
    "end": 1572056341898,
    "duration": 16,
    "pid": 2548,
    "index": 54
  },
  {
    "name": "Before Start in node_modules/egg-watcher/lib/init.js:15:14",
    "start": 1572056341911,
    "end": 1572056342168,
    "duration": 257,
    "pid": 2548,
    "index": 55
  },
  {
    "name": "Before Start in node_modules/egg-mysql/lib/mysql.js:20:7",
    "start": 1572056342024,
    "end": 1572056342179,
    "duration": 155,
    "pid": 2548,
    "index": 56
  },
  {
    "name": "Load Service",
    "start": 1572056342024,
    "end": 1572056342027,
    "duration": 3,
    "pid": 2548,
    "index": 57
  },
  {
    "name": "Load \"service\" to Context",
    "start": 1572056342024,
    "end": 1572056342027,
    "duration": 3,
    "pid": 2548,
    "index": 58
  },
  {
    "name": "Load Middleware",
    "start": 1572056342027,
    "end": 1572056342124,
    "duration": 97,
    "pid": 2548,
    "index": 59
  },
  {
    "name": "Load \"middlewares\" to Application",
    "start": 1572056342028,
    "end": 1572056342114,
    "duration": 86,
    "pid": 2548,
    "index": 60
  },
  {
    "name": "Load Controller",
    "start": 1572056342124,
    "end": 1572056342131,
    "duration": 7,
    "pid": 2548,
    "index": 61
  },
  {
    "name": "Load \"controller\" to Application",
    "start": 1572056342124,
    "end": 1572056342131,
    "duration": 7,
    "pid": 2548,
    "index": 62
  },
  {
    "name": "Load Router",
    "start": 1572056342131,
    "end": 1572056342134,
    "duration": 3,
    "pid": 2548,
    "index": 63
  },
  {
    "name": "Require(46) app/router.js",
    "start": 1572056342131,
    "end": 1572056342132,
    "duration": 1,
    "pid": 2548,
    "index": 64
  },
  {
    "name": "Before Start in node_modules/egg-core/lib/egg.js:303:10",
    "start": 1572056342132,
    "end": 1572056342147,
    "duration": 15,
    "pid": 2548,
    "index": 65
  }
]