[
  {
    "name": "Application Start",
    "start": 1572055944590,
    "end": 1572055945034,
    "duration": 444,
    "pid": 7184,
    "index": 0
  },
  {
    "name": "Load Plugin",
    "start": 1572055944595,
    "end": 1572055944611,
    "duration": 16,
    "pid": 7184,
    "index": 1
  },
  {
    "name": "Load Config",
    "start": 1572055944612,
    "end": 1572055944637,
    "duration": 25,
    "pid": 7184,
    "index": 2
  },
  {
    "name": "Require(0) config/config.default.js",
    "start": 1572055944612,
    "end": 1572055944613,
    "duration": 1,
    "pid": 7184,
    "index": 3
  },
  {
    "name": "Require(1) node_modules/egg-session/config/config.default.js",
    "start": 1572055944614,
    "end": 1572055944615,
    "duration": 1,
    "pid": 7184,
    "index": 4
  },
  {
    "name": "Require(2) node_modules/egg-security/config/config.default.js",
    "start": 1572055944616,
    "end": 1572055944616,
    "duration": 0,
    "pid": 7184,
    "index": 5
  },
  {
    "name": "Require(3) node_modules/egg-jsonp/config/config.default.js",
    "start": 1572055944617,
    "end": 1572055944617,
    "duration": 0,
    "pid": 7184,
    "index": 6
  },
  {
    "name": "Require(4) node_modules/egg-onerror/config/config.default.js",
    "start": 1572055944618,
    "end": 1572055944618,
    "duration": 0,
    "pid": 7184,
    "index": 7
  },
  {
    "name": "Require(5) node_modules/egg-i18n/config/config.default.js",
    "start": 1572055944618,
    "end": 1572055944618,
    "duration": 0,
    "pid": 7184,
    "index": 8
  },
  {
    "name": "Require(6) node_modules/egg-watcher/config/config.default.js",
    "start": 1572055944619,
    "end": 1572055944620,
    "duration": 1,
    "pid": 7184,
    "index": 9
  },
  {
    "name": "Require(7) node_modules/egg-schedule/config/config.default.js",
    "start": 1572055944620,
    "end": 1572055944620,
    "duration": 0,
    "pid": 7184,
    "index": 10
  },
  {
    "name": "Require(8) node_modules/egg-multipart/config/config.default.js",
    "start": 1572055944621,
    "end": 1572055944621,
    "duration": 0,
    "pid": 7184,
    "index": 11
  },
  {
    "name": "Require(9) node_modules/egg-development/config/config.default.js",
    "start": 1572055944622,
    "end": 1572055944622,
    "duration": 0,
    "pid": 7184,
    "index": 12
  },
  {
    "name": "Require(10) node_modules/egg-logrotator/config/config.default.js",
    "start": 1572055944623,
    "end": 1572055944625,
    "duration": 2,
    "pid": 7184,
    "index": 13
  },
  {
    "name": "Require(11) node_modules/egg-static/config/config.default.js",
    "start": 1572055944626,
    "end": 1572055944627,
    "duration": 1,
    "pid": 7184,
    "index": 14
  },
  {
    "name": "Require(12) node_modules/egg-view/config/config.default.js",
    "start": 1572055944627,
    "end": 1572055944628,
    "duration": 1,
    "pid": 7184,
    "index": 15
  },
  {
    "name": "Require(13) node_modules/egg-mysql/config/config.default.js",
    "start": 1572055944628,
    "end": 1572055944629,
    "duration": 1,
    "pid": 7184,
    "index": 16
  },
  {
    "name": "Require(14) node_modules/egg/config/config.default.js",
    "start": 1572055944629,
    "end": 1572055944630,
    "duration": 1,
    "pid": 7184,
    "index": 17
  },
  {
    "name": "Require(15) config/config.default.js",
    "start": 1572055944632,
    "end": 1572055944632,
    "duration": 0,
    "pid": 7184,
    "index": 18
  },
  {
    "name": "Require(16) node_modules/egg-security/config/config.local.js",
    "start": 1572055944633,
    "end": 1572055944633,
    "duration": 0,
    "pid": 7184,
    "index": 19
  },
  {
    "name": "Require(17) node_modules/egg-watcher/config/config.local.js",
    "start": 1572055944634,
    "end": 1572055944635,
    "duration": 1,
    "pid": 7184,
    "index": 20
  },
  {
    "name": "Require(18) node_modules/egg-view/config/config.local.js",
    "start": 1572055944636,
    "end": 1572055944636,
    "duration": 0,
    "pid": 7184,
    "index": 21
  },
  {
    "name": "Require(19) node_modules/egg/config/config.local.js",
    "start": 1572055944636,
    "end": 1572055944637,
    "duration": 1,
    "pid": 7184,
    "index": 22
  },
  {
    "name": "Load extend/application.js",
    "start": 1572055944638,
    "end": 1572055944651,
    "duration": 13,
    "pid": 7184,
    "index": 23
  },
  {
    "name": "Require(20) node_modules/egg-session/app/extend/application.js",
    "start": 1572055944639,
    "end": 1572055944639,
    "duration": 0,
    "pid": 7184,
    "index": 24
  },
  {
    "name": "Require(21) node_modules/egg-security/app/extend/application.js",
    "start": 1572055944640,
    "end": 1572055944642,
    "duration": 2,
    "pid": 7184,
    "index": 25
  },
  {
    "name": "Require(22) node_modules/egg-jsonp/app/extend/application.js",
    "start": 1572055944643,
    "end": 1572055944645,
    "duration": 2,
    "pid": 7184,
    "index": 26
  },
  {
    "name": "Require(23) node_modules/egg-logrotator/app/extend/application.js",
    "start": 1572055944646,
    "end": 1572055944648,
    "duration": 2,
    "pid": 7184,
    "index": 27
  },
  {
    "name": "Require(24) node_modules/egg-view/app/extend/application.js",
    "start": 1572055944648,
    "end": 1572055944649,
    "duration": 1,
    "pid": 7184,
    "index": 28
  },
  {
    "name": "Load extend/request.js",
    "start": 1572055944651,
    "end": 1572055944654,
    "duration": 3,
    "pid": 7184,
    "index": 29
  },
  {
    "name": "Require(25) node_modules/egg/app/extend/request.js",
    "start": 1572055944652,
    "end": 1572055944653,
    "duration": 1,
    "pid": 7184,
    "index": 30
  },
  {
    "name": "Load extend/response.js",
    "start": 1572055944654,
    "end": 1572055944659,
    "duration": 5,
    "pid": 7184,
    "index": 31
  },
  {
    "name": "Require(26) node_modules/egg/app/extend/response.js",
    "start": 1572055944656,
    "end": 1572055944657,
    "duration": 1,
    "pid": 7184,
    "index": 32
  },
  {
    "name": "Load extend/context.js",
    "start": 1572055944659,
    "end": 1572055944720,
    "duration": 61,
    "pid": 7184,
    "index": 33
  },
  {
    "name": "Require(27) node_modules/egg-security/app/extend/context.js",
    "start": 1572055944660,
    "end": 1572055944668,
    "duration": 8,
    "pid": 7184,
    "index": 34
  },
  {
    "name": "Require(28) node_modules/egg-jsonp/app/extend/context.js",
    "start": 1572055944668,
    "end": 1572055944670,
    "duration": 2,
    "pid": 7184,
    "index": 35
  },
  {
    "name": "Require(29) node_modules/egg-i18n/app/extend/context.js",
    "start": 1572055944670,
    "end": 1572055944670,
    "duration": 0,
    "pid": 7184,
    "index": 36
  },
  {
    "name": "Require(30) node_modules/egg-multipart/app/extend/context.js",
    "start": 1572055944671,
    "end": 1572055944715,
    "duration": 44,
    "pid": 7184,
    "index": 37
  },
  {
    "name": "Require(31) node_modules/egg-view/app/extend/context.js",
    "start": 1572055944715,
    "end": 1572055944716,
    "duration": 1,
    "pid": 7184,
    "index": 38
  },
  {
    "name": "Require(32) node_modules/egg/app/extend/context.js",
    "start": 1572055944717,
    "end": 1572055944718,
    "duration": 1,
    "pid": 7184,
    "index": 39
  },
  {
    "name": "Load extend/helper.js",
    "start": 1572055944720,
    "end": 1572055944738,
    "duration": 18,
    "pid": 7184,
    "index": 40
  },
  {
    "name": "Require(33) node_modules/egg-security/app/extend/helper.js",
    "start": 1572055944721,
    "end": 1572055944736,
    "duration": 15,
    "pid": 7184,
    "index": 41
  },
  {
    "name": "Require(34) node_modules/egg/app/extend/helper.js",
    "start": 1572055944737,
    "end": 1572055944737,
    "duration": 0,
    "pid": 7184,
    "index": 42
  },
  {
    "name": "Load app.js",
    "start": 1572055944739,
    "end": 1572055944790,
    "duration": 51,
    "pid": 7184,
    "index": 43
  },
  {
    "name": "Require(35) node_modules/egg-session/app.js",
    "start": 1572055944739,
    "end": 1572055944739,
    "duration": 0,
    "pid": 7184,
    "index": 44
  },
  {
    "name": "Require(36) node_modules/egg-security/app.js",
    "start": 1572055944740,
    "end": 1572055944742,
    "duration": 2,
    "pid": 7184,
    "index": 45
  },
  {
    "name": "Require(37) node_modules/egg-onerror/app.js",
    "start": 1572055944743,
    "end": 1572055944750,
    "duration": 7,
    "pid": 7184,
    "index": 46
  },
  {
    "name": "Require(38) node_modules/egg-i18n/app.js",
    "start": 1572055944750,
    "end": 1572055944763,
    "duration": 13,
    "pid": 7184,
    "index": 47
  },
  {
    "name": "Require(39) node_modules/egg-watcher/app.js",
    "start": 1572055944763,
    "end": 1572055944766,
    "duration": 3,
    "pid": 7184,
    "index": 48
  },
  {
    "name": "Require(40) node_modules/egg-schedule/app.js",
    "start": 1572055944766,
    "end": 1572055944768,
    "duration": 2,
    "pid": 7184,
    "index": 49
  },
  {
    "name": "Require(41) node_modules/egg-multipart/app.js",
    "start": 1572055944768,
    "end": 1572055944770,
    "duration": 2,
    "pid": 7184,
    "index": 50
  },
  {
    "name": "Require(42) node_modules/egg-development/app.js",
    "start": 1572055944770,
    "end": 1572055944771,
    "duration": 1,
    "pid": 7184,
    "index": 51
  },
  {
    "name": "Require(43) node_modules/egg-logrotator/app.js",
    "start": 1572055944771,
    "end": 1572055944771,
    "duration": 0,
    "pid": 7184,
    "index": 52
  },
  {
    "name": "Require(44) node_modules/egg-static/app.js",
    "start": 1572055944771,
    "end": 1572055944772,
    "duration": 1,
    "pid": 7184,
    "index": 53
  },
  {
    "name": "Require(45) node_modules/egg-mysql/app.js",
    "start": 1572055944772,
    "end": 1572055944789,
    "duration": 17,
    "pid": 7184,
    "index": 54
  },
  {
    "name": "Before Start in node_modules/egg-watcher/lib/init.js:15:14",
    "start": 1572055944803,
    "end": 1572055945023,
    "duration": 220,
    "pid": 7184,
    "index": 55
  },
  {
    "name": "Before Start in node_modules/egg-mysql/lib/mysql.js:20:7",
    "start": 1572055944901,
    "end": 1572055945029,
    "duration": 128,
    "pid": 7184,
    "index": 56
  },
  {
    "name": "Load Service",
    "start": 1572055944901,
    "end": 1572055944904,
    "duration": 3,
    "pid": 7184,
    "index": 57
  },
  {
    "name": "Load \"service\" to Context",
    "start": 1572055944902,
    "end": 1572055944904,
    "duration": 2,
    "pid": 7184,
    "index": 58
  },
  {
    "name": "Load Middleware",
    "start": 1572055944904,
    "end": 1572055944984,
    "duration": 80,
    "pid": 7184,
    "index": 59
  },
  {
    "name": "Load \"middlewares\" to Application",
    "start": 1572055944904,
    "end": 1572055944976,
    "duration": 72,
    "pid": 7184,
    "index": 60
  },
  {
    "name": "Load Controller",
    "start": 1572055944984,
    "end": 1572055944991,
    "duration": 7,
    "pid": 7184,
    "index": 61
  },
  {
    "name": "Load \"controller\" to Application",
    "start": 1572055944984,
    "end": 1572055944991,
    "duration": 7,
    "pid": 7184,
    "index": 62
  },
  {
    "name": "Load Router",
    "start": 1572055944991,
    "end": 1572055944994,
    "duration": 3,
    "pid": 7184,
    "index": 63
  },
  {
    "name": "Require(46) app/router.js",
    "start": 1572055944992,
    "end": 1572055944992,
    "duration": 0,
    "pid": 7184,
    "index": 64
  },
  {
    "name": "Before Start in node_modules/egg-core/lib/egg.js:303:10",
    "start": 1572055944992,
    "end": 1572055945006,
    "duration": 14,
    "pid": 7184,
    "index": 65
  }
]