[
  {
    "name": "Application Start",
    "start": 1572055974275,
    "end": 1572055974808,
    "duration": 533,
    "pid": 18068,
    "index": 0
  },
  {
    "name": "Load Plugin",
    "start": 1572055974279,
    "end": 1572055974298,
    "duration": 19,
    "pid": 18068,
    "index": 1
  },
  {
    "name": "Load Config",
    "start": 1572055974298,
    "end": 1572055974326,
    "duration": 28,
    "pid": 18068,
    "index": 2
  },
  {
    "name": "Require(0) config/config.default.js",
    "start": 1572055974301,
    "end": 1572055974302,
    "duration": 1,
    "pid": 18068,
    "index": 3
  },
  {
    "name": "Require(1) node_modules/egg-session/config/config.default.js",
    "start": 1572055974303,
    "end": 1572055974304,
    "duration": 1,
    "pid": 18068,
    "index": 4
  },
  {
    "name": "Require(2) node_modules/egg-security/config/config.default.js",
    "start": 1572055974304,
    "end": 1572055974305,
    "duration": 1,
    "pid": 18068,
    "index": 5
  },
  {
    "name": "Require(3) node_modules/egg-jsonp/config/config.default.js",
    "start": 1572055974305,
    "end": 1572055974306,
    "duration": 1,
    "pid": 18068,
    "index": 6
  },
  {
    "name": "Require(4) node_modules/egg-onerror/config/config.default.js",
    "start": 1572055974307,
    "end": 1572055974308,
    "duration": 1,
    "pid": 18068,
    "index": 7
  },
  {
    "name": "Require(5) node_modules/egg-i18n/config/config.default.js",
    "start": 1572055974309,
    "end": 1572055974309,
    "duration": 0,
    "pid": 18068,
    "index": 8
  },
  {
    "name": "Require(6) node_modules/egg-watcher/config/config.default.js",
    "start": 1572055974310,
    "end": 1572055974310,
    "duration": 0,
    "pid": 18068,
    "index": 9
  },
  {
    "name": "Require(7) node_modules/egg-schedule/config/config.default.js",
    "start": 1572055974311,
    "end": 1572055974311,
    "duration": 0,
    "pid": 18068,
    "index": 10
  },
  {
    "name": "Require(8) node_modules/egg-multipart/config/config.default.js",
    "start": 1572055974312,
    "end": 1572055974312,
    "duration": 0,
    "pid": 18068,
    "index": 11
  },
  {
    "name": "Require(9) node_modules/egg-development/config/config.default.js",
    "start": 1572055974313,
    "end": 1572055974313,
    "duration": 0,
    "pid": 18068,
    "index": 12
  },
  {
    "name": "Require(10) node_modules/egg-logrotator/config/config.default.js",
    "start": 1572055974314,
    "end": 1572055974316,
    "duration": 2,
    "pid": 18068,
    "index": 13
  },
  {
    "name": "Require(11) node_modules/egg-static/config/config.default.js",
    "start": 1572055974317,
    "end": 1572055974317,
    "duration": 0,
    "pid": 18068,
    "index": 14
  },
  {
    "name": "Require(12) node_modules/egg-view/config/config.default.js",
    "start": 1572055974318,
    "end": 1572055974319,
    "duration": 1,
    "pid": 18068,
    "index": 15
  },
  {
    "name": "Require(13) node_modules/egg-mysql/config/config.default.js",
    "start": 1572055974320,
    "end": 1572055974320,
    "duration": 0,
    "pid": 18068,
    "index": 16
  },
  {
    "name": "Require(14) node_modules/egg/config/config.default.js",
    "start": 1572055974320,
    "end": 1572055974321,
    "duration": 1,
    "pid": 18068,
    "index": 17
  },
  {
    "name": "Require(15) config/config.default.js",
    "start": 1572055974322,
    "end": 1572055974322,
    "duration": 0,
    "pid": 18068,
    "index": 18
  },
  {
    "name": "Require(16) node_modules/egg-security/config/config.local.js",
    "start": 1572055974322,
    "end": 1572055974323,
    "duration": 1,
    "pid": 18068,
    "index": 19
  },
  {
    "name": "Require(17) node_modules/egg-watcher/config/config.local.js",
    "start": 1572055974323,
    "end": 1572055974324,
    "duration": 1,
    "pid": 18068,
    "index": 20
  },
  {
    "name": "Require(18) node_modules/egg-view/config/config.local.js",
    "start": 1572055974324,
    "end": 1572055974325,
    "duration": 1,
    "pid": 18068,
    "index": 21
  },
  {
    "name": "Require(19) node_modules/egg/config/config.local.js",
    "start": 1572055974325,
    "end": 1572055974325,
    "duration": 0,
    "pid": 18068,
    "index": 22
  },
  {
    "name": "Load extend/application.js",
    "start": 1572055974327,
    "end": 1572055974340,
    "duration": 13,
    "pid": 18068,
    "index": 23
  },
  {
    "name": "Require(20) node_modules/egg-session/app/extend/application.js",
    "start": 1572055974327,
    "end": 1572055974328,
    "duration": 1,
    "pid": 18068,
    "index": 24
  },
  {
    "name": "Require(21) node_modules/egg-security/app/extend/application.js",
    "start": 1572055974328,
    "end": 1572055974330,
    "duration": 2,
    "pid": 18068,
    "index": 25
  },
  {
    "name": "Require(22) node_modules/egg-jsonp/app/extend/application.js",
    "start": 1572055974331,
    "end": 1572055974333,
    "duration": 2,
    "pid": 18068,
    "index": 26
  },
  {
    "name": "Require(23) node_modules/egg-logrotator/app/extend/application.js",
    "start": 1572055974335,
    "end": 1572055974336,
    "duration": 1,
    "pid": 18068,
    "index": 27
  },
  {
    "name": "Require(24) node_modules/egg-view/app/extend/application.js",
    "start": 1572055974337,
    "end": 1572055974338,
    "duration": 1,
    "pid": 18068,
    "index": 28
  },
  {
    "name": "Load extend/request.js",
    "start": 1572055974340,
    "end": 1572055974344,
    "duration": 4,
    "pid": 18068,
    "index": 29
  },
  {
    "name": "Require(25) node_modules/egg/app/extend/request.js",
    "start": 1572055974342,
    "end": 1572055974343,
    "duration": 1,
    "pid": 18068,
    "index": 30
  },
  {
    "name": "Load extend/response.js",
    "start": 1572055974344,
    "end": 1572055974348,
    "duration": 4,
    "pid": 18068,
    "index": 31
  },
  {
    "name": "Require(26) node_modules/egg/app/extend/response.js",
    "start": 1572055974346,
    "end": 1572055974346,
    "duration": 0,
    "pid": 18068,
    "index": 32
  },
  {
    "name": "Load extend/context.js",
    "start": 1572055974348,
    "end": 1572055974410,
    "duration": 62,
    "pid": 18068,
    "index": 33
  },
  {
    "name": "Require(27) node_modules/egg-security/app/extend/context.js",
    "start": 1572055974350,
    "end": 1572055974360,
    "duration": 10,
    "pid": 18068,
    "index": 34
  },
  {
    "name": "Require(28) node_modules/egg-jsonp/app/extend/context.js",
    "start": 1572055974360,
    "end": 1572055974362,
    "duration": 2,
    "pid": 18068,
    "index": 35
  },
  {
    "name": "Require(29) node_modules/egg-i18n/app/extend/context.js",
    "start": 1572055974362,
    "end": 1572055974362,
    "duration": 0,
    "pid": 18068,
    "index": 36
  },
  {
    "name": "Require(30) node_modules/egg-multipart/app/extend/context.js",
    "start": 1572055974363,
    "end": 1572055974406,
    "duration": 43,
    "pid": 18068,
    "index": 37
  },
  {
    "name": "Require(31) node_modules/egg-view/app/extend/context.js",
    "start": 1572055974406,
    "end": 1572055974407,
    "duration": 1,
    "pid": 18068,
    "index": 38
  },
  {
    "name": "Require(32) node_modules/egg/app/extend/context.js",
    "start": 1572055974408,
    "end": 1572055974409,
    "duration": 1,
    "pid": 18068,
    "index": 39
  },
  {
    "name": "Load extend/helper.js",
    "start": 1572055974411,
    "end": 1572055974429,
    "duration": 18,
    "pid": 18068,
    "index": 40
  },
  {
    "name": "Require(33) node_modules/egg-security/app/extend/helper.js",
    "start": 1572055974412,
    "end": 1572055974426,
    "duration": 14,
    "pid": 18068,
    "index": 41
  },
  {
    "name": "Require(34) node_modules/egg/app/extend/helper.js",
    "start": 1572055974428,
    "end": 1572055974428,
    "duration": 0,
    "pid": 18068,
    "index": 42
  },
  {
    "name": "Load app.js",
    "start": 1572055974429,
    "end": 1572055974479,
    "duration": 50,
    "pid": 18068,
    "index": 43
  },
  {
    "name": "Require(35) node_modules/egg-session/app.js",
    "start": 1572055974429,
    "end": 1572055974430,
    "duration": 1,
    "pid": 18068,
    "index": 44
  },
  {
    "name": "Require(36) node_modules/egg-security/app.js",
    "start": 1572055974430,
    "end": 1572055974431,
    "duration": 1,
    "pid": 18068,
    "index": 45
  },
  {
    "name": "Require(37) node_modules/egg-onerror/app.js",
    "start": 1572055974432,
    "end": 1572055974438,
    "duration": 6,
    "pid": 18068,
    "index": 46
  },
  {
    "name": "Require(38) node_modules/egg-i18n/app.js",
    "start": 1572055974439,
    "end": 1572055974452,
    "duration": 13,
    "pid": 18068,
    "index": 47
  },
  {
    "name": "Require(39) node_modules/egg-watcher/app.js",
    "start": 1572055974453,
    "end": 1572055974455,
    "duration": 2,
    "pid": 18068,
    "index": 48
  },
  {
    "name": "Require(40) node_modules/egg-schedule/app.js",
    "start": 1572055974456,
    "end": 1572055974457,
    "duration": 1,
    "pid": 18068,
    "index": 49
  },
  {
    "name": "Require(41) node_modules/egg-multipart/app.js",
    "start": 1572055974458,
    "end": 1572055974460,
    "duration": 2,
    "pid": 18068,
    "index": 50
  },
  {
    "name": "Require(42) node_modules/egg-development/app.js",
    "start": 1572055974460,
    "end": 1572055974460,
    "duration": 0,
    "pid": 18068,
    "index": 51
  },
  {
    "name": "Require(43) node_modules/egg-logrotator/app.js",
    "start": 1572055974461,
    "end": 1572055974461,
    "duration": 0,
    "pid": 18068,
    "index": 52
  },
  {
    "name": "Require(44) node_modules/egg-static/app.js",
    "start": 1572055974461,
    "end": 1572055974461,
    "duration": 0,
    "pid": 18068,
    "index": 53
  },
  {
    "name": "Require(45) node_modules/egg-mysql/app.js",
    "start": 1572055974462,
    "end": 1572055974478,
    "duration": 16,
    "pid": 18068,
    "index": 54
  },
  {
    "name": "Before Start in node_modules/egg-watcher/lib/init.js:15:14",
    "start": 1572055974497,
    "end": 1572055974799,
    "duration": 302,
    "pid": 18068,
    "index": 55
  },
  {
    "name": "Before Start in node_modules/egg-mysql/lib/mysql.js:20:7",
    "start": 1572055974673,
    "end": 1572055974808,
    "duration": 135,
    "pid": 18068,
    "index": 56
  },
  {
    "name": "Load Service",
    "start": 1572055974673,
    "end": 1572055974676,
    "duration": 3,
    "pid": 18068,
    "index": 57
  },
  {
    "name": "Load \"service\" to Context",
    "start": 1572055974674,
    "end": 1572055974676,
    "duration": 2,
    "pid": 18068,
    "index": 58
  },
  {
    "name": "Load Middleware",
    "start": 1572055974676,
    "end": 1572055974758,
    "duration": 82,
    "pid": 18068,
    "index": 59
  },
  {
    "name": "Load \"middlewares\" to Application",
    "start": 1572055974676,
    "end": 1572055974749,
    "duration": 73,
    "pid": 18068,
    "index": 60
  },
  {
    "name": "Load Controller",
    "start": 1572055974758,
    "end": 1572055974765,
    "duration": 7,
    "pid": 18068,
    "index": 61
  },
  {
    "name": "Load \"controller\" to Application",
    "start": 1572055974758,
    "end": 1572055974765,
    "duration": 7,
    "pid": 18068,
    "index": 62
  },
  {
    "name": "Load Router",
    "start": 1572055974765,
    "end": 1572055974768,
    "duration": 3,
    "pid": 18068,
    "index": 63
  },
  {
    "name": "Require(46) app/router.js",
    "start": 1572055974766,
    "end": 1572055974766,
    "duration": 0,
    "pid": 18068,
    "index": 64
  },
  {
    "name": "Before Start in node_modules/egg-core/lib/egg.js:303:10",
    "start": 1572055974766,
    "end": 1572055974780,
    "duration": 14,
    "pid": 18068,
    "index": 65
  }
]