[
  {
    "name": "Application Start",
    "start": 1572056497045,
    "end": 1572056497488,
    "duration": 443,
    "pid": 14044,
    "index": 0
  },
  {
    "name": "Load Plugin",
    "start": 1572056497050,
    "end": 1572056497066,
    "duration": 16,
    "pid": 14044,
    "index": 1
  },
  {
    "name": "Load Config",
    "start": 1572056497066,
    "end": 1572056497087,
    "duration": 21,
    "pid": 14044,
    "index": 2
  },
  {
    "name": "Require(0) config/config.default.js",
    "start": 1572056497067,
    "end": 1572056497067,
    "duration": 0,
    "pid": 14044,
    "index": 3
  },
  {
    "name": "Require(1) node_modules/egg-session/config/config.default.js",
    "start": 1572056497068,
    "end": 1572056497069,
    "duration": 1,
    "pid": 14044,
    "index": 4
  },
  {
    "name": "Require(2) node_modules/egg-security/config/config.default.js",
    "start": 1572056497069,
    "end": 1572056497070,
    "duration": 1,
    "pid": 14044,
    "index": 5
  },
  {
    "name": "Require(3) node_modules/egg-jsonp/config/config.default.js",
    "start": 1572056497070,
    "end": 1572056497071,
    "duration": 1,
    "pid": 14044,
    "index": 6
  },
  {
    "name": "Require(4) node_modules/egg-onerror/config/config.default.js",
    "start": 1572056497071,
    "end": 1572056497071,
    "duration": 0,
    "pid": 14044,
    "index": 7
  },
  {
    "name": "Require(5) node_modules/egg-i18n/config/config.default.js",
    "start": 1572056497072,
    "end": 1572056497072,
    "duration": 0,
    "pid": 14044,
    "index": 8
  },
  {
    "name": "Require(6) node_modules/egg-watcher/config/config.default.js",
    "start": 1572056497073,
    "end": 1572056497073,
    "duration": 0,
    "pid": 14044,
    "index": 9
  },
  {
    "name": "Require(7) node_modules/egg-schedule/config/config.default.js",
    "start": 1572056497074,
    "end": 1572056497074,
    "duration": 0,
    "pid": 14044,
    "index": 10
  },
  {
    "name": "Require(8) node_modules/egg-multipart/config/config.default.js",
    "start": 1572056497074,
    "end": 1572056497075,
    "duration": 1,
    "pid": 14044,
    "index": 11
  },
  {
    "name": "Require(9) node_modules/egg-development/config/config.default.js",
    "start": 1572056497075,
    "end": 1572056497075,
    "duration": 0,
    "pid": 14044,
    "index": 12
  },
  {
    "name": "Require(10) node_modules/egg-logrotator/config/config.default.js",
    "start": 1572056497076,
    "end": 1572056497079,
    "duration": 3,
    "pid": 14044,
    "index": 13
  },
  {
    "name": "Require(11) node_modules/egg-static/config/config.default.js",
    "start": 1572056497079,
    "end": 1572056497079,
    "duration": 0,
    "pid": 14044,
    "index": 14
  },
  {
    "name": "Require(12) node_modules/egg-view/config/config.default.js",
    "start": 1572056497080,
    "end": 1572056497080,
    "duration": 0,
    "pid": 14044,
    "index": 15
  },
  {
    "name": "Require(13) node_modules/egg-mysql/config/config.default.js",
    "start": 1572056497081,
    "end": 1572056497081,
    "duration": 0,
    "pid": 14044,
    "index": 16
  },
  {
    "name": "Require(14) node_modules/egg/config/config.default.js",
    "start": 1572056497081,
    "end": 1572056497082,
    "duration": 1,
    "pid": 14044,
    "index": 17
  },
  {
    "name": "Require(15) config/config.default.js",
    "start": 1572056497083,
    "end": 1572056497083,
    "duration": 0,
    "pid": 14044,
    "index": 18
  },
  {
    "name": "Require(16) node_modules/egg-security/config/config.local.js",
    "start": 1572056497083,
    "end": 1572056497084,
    "duration": 1,
    "pid": 14044,
    "index": 19
  },
  {
    "name": "Require(17) node_modules/egg-watcher/config/config.local.js",
    "start": 1572056497084,
    "end": 1572056497084,
    "duration": 0,
    "pid": 14044,
    "index": 20
  },
  {
    "name": "Require(18) node_modules/egg-view/config/config.local.js",
    "start": 1572056497085,
    "end": 1572056497086,
    "duration": 1,
    "pid": 14044,
    "index": 21
  },
  {
    "name": "Require(19) node_modules/egg/config/config.local.js",
    "start": 1572056497086,
    "end": 1572056497087,
    "duration": 1,
    "pid": 14044,
    "index": 22
  },
  {
    "name": "Load extend/application.js",
    "start": 1572056497088,
    "end": 1572056497099,
    "duration": 11,
    "pid": 14044,
    "index": 23
  },
  {
    "name": "Require(20) node_modules/egg-session/app/extend/application.js",
    "start": 1572056497089,
    "end": 1572056497089,
    "duration": 0,
    "pid": 14044,
    "index": 24
  },
  {
    "name": "Require(21) node_modules/egg-security/app/extend/application.js",
    "start": 1572056497090,
    "end": 1572056497091,
    "duration": 1,
    "pid": 14044,
    "index": 25
  },
  {
    "name": "Require(22) node_modules/egg-jsonp/app/extend/application.js",
    "start": 1572056497091,
    "end": 1572056497093,
    "duration": 2,
    "pid": 14044,
    "index": 26
  },
  {
    "name": "Require(23) node_modules/egg-logrotator/app/extend/application.js",
    "start": 1572056497094,
    "end": 1572056497096,
    "duration": 2,
    "pid": 14044,
    "index": 27
  },
  {
    "name": "Require(24) node_modules/egg-view/app/extend/application.js",
    "start": 1572056497096,
    "end": 1572056497097,
    "duration": 1,
    "pid": 14044,
    "index": 28
  },
  {
    "name": "Load extend/request.js",
    "start": 1572056497099,
    "end": 1572056497102,
    "duration": 3,
    "pid": 14044,
    "index": 29
  },
  {
    "name": "Require(25) node_modules/egg/app/extend/request.js",
    "start": 1572056497100,
    "end": 1572056497101,
    "duration": 1,
    "pid": 14044,
    "index": 30
  },
  {
    "name": "Load extend/response.js",
    "start": 1572056497102,
    "end": 1572056497106,
    "duration": 4,
    "pid": 14044,
    "index": 31
  },
  {
    "name": "Require(26) node_modules/egg/app/extend/response.js",
    "start": 1572056497103,
    "end": 1572056497104,
    "duration": 1,
    "pid": 14044,
    "index": 32
  },
  {
    "name": "Load extend/context.js",
    "start": 1572056497106,
    "end": 1572056497169,
    "duration": 63,
    "pid": 14044,
    "index": 33
  },
  {
    "name": "Require(27) node_modules/egg-security/app/extend/context.js",
    "start": 1572056497106,
    "end": 1572056497115,
    "duration": 9,
    "pid": 14044,
    "index": 34
  },
  {
    "name": "Require(28) node_modules/egg-jsonp/app/extend/context.js",
    "start": 1572056497115,
    "end": 1572056497116,
    "duration": 1,
    "pid": 14044,
    "index": 35
  },
  {
    "name": "Require(29) node_modules/egg-i18n/app/extend/context.js",
    "start": 1572056497118,
    "end": 1572056497119,
    "duration": 1,
    "pid": 14044,
    "index": 36
  },
  {
    "name": "Require(30) node_modules/egg-multipart/app/extend/context.js",
    "start": 1572056497119,
    "end": 1572056497161,
    "duration": 42,
    "pid": 14044,
    "index": 37
  },
  {
    "name": "Require(31) node_modules/egg-view/app/extend/context.js",
    "start": 1572056497161,
    "end": 1572056497163,
    "duration": 2,
    "pid": 14044,
    "index": 38
  },
  {
    "name": "Require(32) node_modules/egg/app/extend/context.js",
    "start": 1572056497164,
    "end": 1572056497167,
    "duration": 3,
    "pid": 14044,
    "index": 39
  },
  {
    "name": "Load extend/helper.js",
    "start": 1572056497169,
    "end": 1572056497189,
    "duration": 20,
    "pid": 14044,
    "index": 40
  },
  {
    "name": "Require(33) node_modules/egg-security/app/extend/helper.js",
    "start": 1572056497170,
    "end": 1572056497187,
    "duration": 17,
    "pid": 14044,
    "index": 41
  },
  {
    "name": "Require(34) node_modules/egg/app/extend/helper.js",
    "start": 1572056497188,
    "end": 1572056497188,
    "duration": 0,
    "pid": 14044,
    "index": 42
  },
  {
    "name": "Load app.js",
    "start": 1572056497189,
    "end": 1572056497242,
    "duration": 53,
    "pid": 14044,
    "index": 43
  },
  {
    "name": "Require(35) node_modules/egg-session/app.js",
    "start": 1572056497190,
    "end": 1572056497190,
    "duration": 0,
    "pid": 14044,
    "index": 44
  },
  {
    "name": "Require(36) node_modules/egg-security/app.js",
    "start": 1572056497190,
    "end": 1572056497192,
    "duration": 2,
    "pid": 14044,
    "index": 45
  },
  {
    "name": "Require(37) node_modules/egg-onerror/app.js",
    "start": 1572056497193,
    "end": 1572056497201,
    "duration": 8,
    "pid": 14044,
    "index": 46
  },
  {
    "name": "Require(38) node_modules/egg-i18n/app.js",
    "start": 1572056497202,
    "end": 1572056497214,
    "duration": 12,
    "pid": 14044,
    "index": 47
  },
  {
    "name": "Require(39) node_modules/egg-watcher/app.js",
    "start": 1572056497214,
    "end": 1572056497217,
    "duration": 3,
    "pid": 14044,
    "index": 48
  },
  {
    "name": "Require(40) node_modules/egg-schedule/app.js",
    "start": 1572056497217,
    "end": 1572056497220,
    "duration": 3,
    "pid": 14044,
    "index": 49
  },
  {
    "name": "Require(41) node_modules/egg-multipart/app.js",
    "start": 1572056497220,
    "end": 1572056497222,
    "duration": 2,
    "pid": 14044,
    "index": 50
  },
  {
    "name": "Require(42) node_modules/egg-development/app.js",
    "start": 1572056497222,
    "end": 1572056497223,
    "duration": 1,
    "pid": 14044,
    "index": 51
  },
  {
    "name": "Require(43) node_modules/egg-logrotator/app.js",
    "start": 1572056497223,
    "end": 1572056497223,
    "duration": 0,
    "pid": 14044,
    "index": 52
  },
  {
    "name": "Require(44) node_modules/egg-static/app.js",
    "start": 1572056497224,
    "end": 1572056497224,
    "duration": 0,
    "pid": 14044,
    "index": 53
  },
  {
    "name": "Require(45) node_modules/egg-mysql/app.js",
    "start": 1572056497224,
    "end": 1572056497241,
    "duration": 17,
    "pid": 14044,
    "index": 54
  },
  {
    "name": "Before Start in node_modules/egg-watcher/lib/init.js:15:14",
    "start": 1572056497256,
    "end": 1572056497479,
    "duration": 223,
    "pid": 14044,
    "index": 55
  },
  {
    "name": "Before Start in node_modules/egg-mysql/lib/mysql.js:20:7",
    "start": 1572056497352,
    "end": 1572056497487,
    "duration": 135,
    "pid": 14044,
    "index": 56
  },
  {
    "name": "Load Service",
    "start": 1572056497352,
    "end": 1572056497355,
    "duration": 3,
    "pid": 14044,
    "index": 57
  },
  {
    "name": "Load \"service\" to Context",
    "start": 1572056497352,
    "end": 1572056497355,
    "duration": 3,
    "pid": 14044,
    "index": 58
  },
  {
    "name": "Load Middleware",
    "start": 1572056497356,
    "end": 1572056497440,
    "duration": 84,
    "pid": 14044,
    "index": 59
  },
  {
    "name": "Load \"middlewares\" to Application",
    "start": 1572056497356,
    "end": 1572056497431,
    "duration": 75,
    "pid": 14044,
    "index": 60
  },
  {
    "name": "Load Controller",
    "start": 1572056497440,
    "end": 1572056497446,
    "duration": 6,
    "pid": 14044,
    "index": 61
  },
  {
    "name": "Load \"controller\" to Application",
    "start": 1572056497440,
    "end": 1572056497446,
    "duration": 6,
    "pid": 14044,
    "index": 62
  },
  {
    "name": "Load Router",
    "start": 1572056497446,
    "end": 1572056497449,
    "duration": 3,
    "pid": 14044,
    "index": 63
  },
  {
    "name": "Require(46) app/router.js",
    "start": 1572056497447,
    "end": 1572056497447,
    "duration": 0,
    "pid": 14044,
    "index": 64
  },
  {
    "name": "Before Start in node_modules/egg-core/lib/egg.js:303:10",
    "start": 1572056497447,
    "end": 1572056497462,
    "duration": 15,
    "pid": 14044,
    "index": 65
  }
]