[
  {
    "name": "Application Start",
    "start": 1572057030867,
    "end": 1572057031341,
    "duration": 474,
    "pid": 15272,
    "index": 0
  },
  {
    "name": "Load Plugin",
    "start": 1572057030873,
    "end": 1572057030890,
    "duration": 17,
    "pid": 15272,
    "index": 1
  },
  {
    "name": "Load Config",
    "start": 1572057030890,
    "end": 1572057030916,
    "duration": 26,
    "pid": 15272,
    "index": 2
  },
  {
    "name": "Require(0) config/config.default.js",
    "start": 1572057030892,
    "end": 1572057030892,
    "duration": 0,
    "pid": 15272,
    "index": 3
  },
  {
    "name": "Require(1) node_modules/egg-session/config/config.default.js",
    "start": 1572057030894,
    "end": 1572057030895,
    "duration": 1,
    "pid": 15272,
    "index": 4
  },
  {
    "name": "Require(2) node_modules/egg-security/config/config.default.js",
    "start": 1572057030896,
    "end": 1572057030896,
    "duration": 0,
    "pid": 15272,
    "index": 5
  },
  {
    "name": "Require(3) node_modules/egg-jsonp/config/config.default.js",
    "start": 1572057030897,
    "end": 1572057030898,
    "duration": 1,
    "pid": 15272,
    "index": 6
  },
  {
    "name": "Require(4) node_modules/egg-onerror/config/config.default.js",
    "start": 1572057030899,
    "end": 1572057030899,
    "duration": 0,
    "pid": 15272,
    "index": 7
  },
  {
    "name": "Require(5) node_modules/egg-i18n/config/config.default.js",
    "start": 1572057030900,
    "end": 1572057030900,
    "duration": 0,
    "pid": 15272,
    "index": 8
  },
  {
    "name": "Require(6) node_modules/egg-watcher/config/config.default.js",
    "start": 1572057030901,
    "end": 1572057030902,
    "duration": 1,
    "pid": 15272,
    "index": 9
  },
  {
    "name": "Require(7) node_modules/egg-schedule/config/config.default.js",
    "start": 1572057030903,
    "end": 1572057030903,
    "duration": 0,
    "pid": 15272,
    "index": 10
  },
  {
    "name": "Require(8) node_modules/egg-multipart/config/config.default.js",
    "start": 1572057030904,
    "end": 1572057030904,
    "duration": 0,
    "pid": 15272,
    "index": 11
  },
  {
    "name": "Require(9) node_modules/egg-development/config/config.default.js",
    "start": 1572057030905,
    "end": 1572057030905,
    "duration": 0,
    "pid": 15272,
    "index": 12
  },
  {
    "name": "Require(10) node_modules/egg-logrotator/config/config.default.js",
    "start": 1572057030906,
    "end": 1572057030908,
    "duration": 2,
    "pid": 15272,
    "index": 13
  },
  {
    "name": "Require(11) node_modules/egg-static/config/config.default.js",
    "start": 1572057030908,
    "end": 1572057030909,
    "duration": 1,
    "pid": 15272,
    "index": 14
  },
  {
    "name": "Require(12) node_modules/egg-view/config/config.default.js",
    "start": 1572057030910,
    "end": 1572057030910,
    "duration": 0,
    "pid": 15272,
    "index": 15
  },
  {
    "name": "Require(13) node_modules/egg-mysql/config/config.default.js",
    "start": 1572057030910,
    "end": 1572057030911,
    "duration": 1,
    "pid": 15272,
    "index": 16
  },
  {
    "name": "Require(14) node_modules/egg/config/config.default.js",
    "start": 1572057030911,
    "end": 1572057030911,
    "duration": 0,
    "pid": 15272,
    "index": 17
  },
  {
    "name": "Require(15) config/config.default.js",
    "start": 1572057030912,
    "end": 1572057030912,
    "duration": 0,
    "pid": 15272,
    "index": 18
  },
  {
    "name": "Require(16) node_modules/egg-security/config/config.local.js",
    "start": 1572057030913,
    "end": 1572057030913,
    "duration": 0,
    "pid": 15272,
    "index": 19
  },
  {
    "name": "Require(17) node_modules/egg-watcher/config/config.local.js",
    "start": 1572057030914,
    "end": 1572057030914,
    "duration": 0,
    "pid": 15272,
    "index": 20
  },
  {
    "name": "Require(18) node_modules/egg-view/config/config.local.js",
    "start": 1572057030915,
    "end": 1572057030915,
    "duration": 0,
    "pid": 15272,
    "index": 21
  },
  {
    "name": "Require(19) node_modules/egg/config/config.local.js",
    "start": 1572057030916,
    "end": 1572057030916,
    "duration": 0,
    "pid": 15272,
    "index": 22
  },
  {
    "name": "Load extend/application.js",
    "start": 1572057030918,
    "end": 1572057030930,
    "duration": 12,
    "pid": 15272,
    "index": 23
  },
  {
    "name": "Require(20) node_modules/egg-session/app/extend/application.js",
    "start": 1572057030919,
    "end": 1572057030920,
    "duration": 1,
    "pid": 15272,
    "index": 24
  },
  {
    "name": "Require(21) node_modules/egg-security/app/extend/application.js",
    "start": 1572057030921,
    "end": 1572057030922,
    "duration": 1,
    "pid": 15272,
    "index": 25
  },
  {
    "name": "Require(22) node_modules/egg-jsonp/app/extend/application.js",
    "start": 1572057030922,
    "end": 1572057030924,
    "duration": 2,
    "pid": 15272,
    "index": 26
  },
  {
    "name": "Require(23) node_modules/egg-logrotator/app/extend/application.js",
    "start": 1572057030924,
    "end": 1572057030927,
    "duration": 3,
    "pid": 15272,
    "index": 27
  },
  {
    "name": "Require(24) node_modules/egg-view/app/extend/application.js",
    "start": 1572057030928,
    "end": 1572057030929,
    "duration": 1,
    "pid": 15272,
    "index": 28
  },
  {
    "name": "Load extend/request.js",
    "start": 1572057030930,
    "end": 1572057030934,
    "duration": 4,
    "pid": 15272,
    "index": 29
  },
  {
    "name": "Require(25) node_modules/egg/app/extend/request.js",
    "start": 1572057030932,
    "end": 1572057030933,
    "duration": 1,
    "pid": 15272,
    "index": 30
  },
  {
    "name": "Load extend/response.js",
    "start": 1572057030934,
    "end": 1572057030939,
    "duration": 5,
    "pid": 15272,
    "index": 31
  },
  {
    "name": "Require(26) node_modules/egg/app/extend/response.js",
    "start": 1572057030935,
    "end": 1572057030936,
    "duration": 1,
    "pid": 15272,
    "index": 32
  },
  {
    "name": "Load extend/context.js",
    "start": 1572057030939,
    "end": 1572057030996,
    "duration": 57,
    "pid": 15272,
    "index": 33
  },
  {
    "name": "Require(27) node_modules/egg-security/app/extend/context.js",
    "start": 1572057030939,
    "end": 1572057030948,
    "duration": 9,
    "pid": 15272,
    "index": 34
  },
  {
    "name": "Require(28) node_modules/egg-jsonp/app/extend/context.js",
    "start": 1572057030948,
    "end": 1572057030949,
    "duration": 1,
    "pid": 15272,
    "index": 35
  },
  {
    "name": "Require(29) node_modules/egg-i18n/app/extend/context.js",
    "start": 1572057030950,
    "end": 1572057030950,
    "duration": 0,
    "pid": 15272,
    "index": 36
  },
  {
    "name": "Require(30) node_modules/egg-multipart/app/extend/context.js",
    "start": 1572057030951,
    "end": 1572057030992,
    "duration": 41,
    "pid": 15272,
    "index": 37
  },
  {
    "name": "Require(31) node_modules/egg-view/app/extend/context.js",
    "start": 1572057030993,
    "end": 1572057030994,
    "duration": 1,
    "pid": 15272,
    "index": 38
  },
  {
    "name": "Require(32) node_modules/egg/app/extend/context.js",
    "start": 1572057030994,
    "end": 1572057030995,
    "duration": 1,
    "pid": 15272,
    "index": 39
  },
  {
    "name": "Load extend/helper.js",
    "start": 1572057030996,
    "end": 1572057031015,
    "duration": 19,
    "pid": 15272,
    "index": 40
  },
  {
    "name": "Require(33) node_modules/egg-security/app/extend/helper.js",
    "start": 1572057030997,
    "end": 1572057031013,
    "duration": 16,
    "pid": 15272,
    "index": 41
  },
  {
    "name": "Require(34) node_modules/egg/app/extend/helper.js",
    "start": 1572057031014,
    "end": 1572057031014,
    "duration": 0,
    "pid": 15272,
    "index": 42
  },
  {
    "name": "Load app.js",
    "start": 1572057031015,
    "end": 1572057031075,
    "duration": 60,
    "pid": 15272,
    "index": 43
  },
  {
    "name": "Require(35) node_modules/egg-session/app.js",
    "start": 1572057031016,
    "end": 1572057031016,
    "duration": 0,
    "pid": 15272,
    "index": 44
  },
  {
    "name": "Require(36) node_modules/egg-security/app.js",
    "start": 1572057031016,
    "end": 1572057031018,
    "duration": 2,
    "pid": 15272,
    "index": 45
  },
  {
    "name": "Require(37) node_modules/egg-onerror/app.js",
    "start": 1572057031018,
    "end": 1572057031026,
    "duration": 8,
    "pid": 15272,
    "index": 46
  },
  {
    "name": "Require(38) node_modules/egg-i18n/app.js",
    "start": 1572057031026,
    "end": 1572057031044,
    "duration": 18,
    "pid": 15272,
    "index": 47
  },
  {
    "name": "Require(39) node_modules/egg-watcher/app.js",
    "start": 1572057031045,
    "end": 1572057031048,
    "duration": 3,
    "pid": 15272,
    "index": 48
  },
  {
    "name": "Require(40) node_modules/egg-schedule/app.js",
    "start": 1572057031049,
    "end": 1572057031050,
    "duration": 1,
    "pid": 15272,
    "index": 49
  },
  {
    "name": "Require(41) node_modules/egg-multipart/app.js",
    "start": 1572057031051,
    "end": 1572057031055,
    "duration": 4,
    "pid": 15272,
    "index": 50
  },
  {
    "name": "Require(42) node_modules/egg-development/app.js",
    "start": 1572057031055,
    "end": 1572057031055,
    "duration": 0,
    "pid": 15272,
    "index": 51
  },
  {
    "name": "Require(43) node_modules/egg-logrotator/app.js",
    "start": 1572057031056,
    "end": 1572057031056,
    "duration": 0,
    "pid": 15272,
    "index": 52
  },
  {
    "name": "Require(44) node_modules/egg-static/app.js",
    "start": 1572057031056,
    "end": 1572057031057,
    "duration": 1,
    "pid": 15272,
    "index": 53
  },
  {
    "name": "Require(45) node_modules/egg-mysql/app.js",
    "start": 1572057031057,
    "end": 1572057031074,
    "duration": 17,
    "pid": 15272,
    "index": 54
  },
  {
    "name": "Before Start in node_modules/egg-watcher/lib/init.js:15:14",
    "start": 1572057031087,
    "end": 1572057031322,
    "duration": 235,
    "pid": 15272,
    "index": 55
  },
  {
    "name": "Before Start in node_modules/egg-mysql/lib/mysql.js:20:7",
    "start": 1572057031185,
    "end": 1572057031341,
    "duration": 156,
    "pid": 15272,
    "index": 56
  },
  {
    "name": "Load Service",
    "start": 1572057031185,
    "end": 1572057031188,
    "duration": 3,
    "pid": 15272,
    "index": 57
  },
  {
    "name": "Load \"service\" to Context",
    "start": 1572057031185,
    "end": 1572057031188,
    "duration": 3,
    "pid": 15272,
    "index": 58
  },
  {
    "name": "Load Middleware",
    "start": 1572057031188,
    "end": 1572057031263,
    "duration": 75,
    "pid": 15272,
    "index": 59
  },
  {
    "name": "Load \"middlewares\" to Application",
    "start": 1572057031188,
    "end": 1572057031253,
    "duration": 65,
    "pid": 15272,
    "index": 60
  },
  {
    "name": "Load Controller",
    "start": 1572057031263,
    "end": 1572057031272,
    "duration": 9,
    "pid": 15272,
    "index": 61
  },
  {
    "name": "Load \"controller\" to Application",
    "start": 1572057031263,
    "end": 1572057031272,
    "duration": 9,
    "pid": 15272,
    "index": 62
  },
  {
    "name": "Load Router",
    "start": 1572057031272,
    "end": 1572057031274,
    "duration": 2,
    "pid": 15272,
    "index": 63
  },
  {
    "name": "Require(46) app/router.js",
    "start": 1572057031272,
    "end": 1572057031273,
    "duration": 1,
    "pid": 15272,
    "index": 64
  },
  {
    "name": "Before Start in node_modules/egg-core/lib/egg.js:303:10",
    "start": 1572057031273,
    "end": 1572057031291,
    "duration": 18,
    "pid": 15272,
    "index": 65
  }
]