[
  {
    "name": "Application Start",
    "start": 1572056848222,
    "end": 1572056848672,
    "duration": 450,
    "pid": 13432,
    "index": 0
  },
  {
    "name": "Load Plugin",
    "start": 1572056848227,
    "end": 1572056848243,
    "duration": 16,
    "pid": 13432,
    "index": 1
  },
  {
    "name": "Load Config",
    "start": 1572056848243,
    "end": 1572056848267,
    "duration": 24,
    "pid": 13432,
    "index": 2
  },
  {
    "name": "Require(0) config/config.default.js",
    "start": 1572056848244,
    "end": 1572056848244,
    "duration": 0,
    "pid": 13432,
    "index": 3
  },
  {
    "name": "Require(1) node_modules/egg-session/config/config.default.js",
    "start": 1572056848247,
    "end": 1572056848247,
    "duration": 0,
    "pid": 13432,
    "index": 4
  },
  {
    "name": "Require(2) node_modules/egg-security/config/config.default.js",
    "start": 1572056848248,
    "end": 1572056848248,
    "duration": 0,
    "pid": 13432,
    "index": 5
  },
  {
    "name": "Require(3) node_modules/egg-jsonp/config/config.default.js",
    "start": 1572056848249,
    "end": 1572056848249,
    "duration": 0,
    "pid": 13432,
    "index": 6
  },
  {
    "name": "Require(4) node_modules/egg-onerror/config/config.default.js",
    "start": 1572056848250,
    "end": 1572056848250,
    "duration": 0,
    "pid": 13432,
    "index": 7
  },
  {
    "name": "Require(5) node_modules/egg-i18n/config/config.default.js",
    "start": 1572056848251,
    "end": 1572056848251,
    "duration": 0,
    "pid": 13432,
    "index": 8
  },
  {
    "name": "Require(6) node_modules/egg-watcher/config/config.default.js",
    "start": 1572056848252,
    "end": 1572056848252,
    "duration": 0,
    "pid": 13432,
    "index": 9
  },
  {
    "name": "Require(7) node_modules/egg-schedule/config/config.default.js",
    "start": 1572056848253,
    "end": 1572056848253,
    "duration": 0,
    "pid": 13432,
    "index": 10
  },
  {
    "name": "Require(8) node_modules/egg-multipart/config/config.default.js",
    "start": 1572056848254,
    "end": 1572056848254,
    "duration": 0,
    "pid": 13432,
    "index": 11
  },
  {
    "name": "Require(9) node_modules/egg-development/config/config.default.js",
    "start": 1572056848255,
    "end": 1572056848255,
    "duration": 0,
    "pid": 13432,
    "index": 12
  },
  {
    "name": "Require(10) node_modules/egg-logrotator/config/config.default.js",
    "start": 1572056848256,
    "end": 1572056848259,
    "duration": 3,
    "pid": 13432,
    "index": 13
  },
  {
    "name": "Require(11) node_modules/egg-static/config/config.default.js",
    "start": 1572056848259,
    "end": 1572056848260,
    "duration": 1,
    "pid": 13432,
    "index": 14
  },
  {
    "name": "Require(12) node_modules/egg-view/config/config.default.js",
    "start": 1572056848260,
    "end": 1572056848260,
    "duration": 0,
    "pid": 13432,
    "index": 15
  },
  {
    "name": "Require(13) node_modules/egg-mysql/config/config.default.js",
    "start": 1572056848261,
    "end": 1572056848261,
    "duration": 0,
    "pid": 13432,
    "index": 16
  },
  {
    "name": "Require(14) node_modules/egg/config/config.default.js",
    "start": 1572056848262,
    "end": 1572056848262,
    "duration": 0,
    "pid": 13432,
    "index": 17
  },
  {
    "name": "Require(15) config/config.default.js",
    "start": 1572056848263,
    "end": 1572056848263,
    "duration": 0,
    "pid": 13432,
    "index": 18
  },
  {
    "name": "Require(16) node_modules/egg-security/config/config.local.js",
    "start": 1572056848264,
    "end": 1572056848264,
    "duration": 0,
    "pid": 13432,
    "index": 19
  },
  {
    "name": "Require(17) node_modules/egg-watcher/config/config.local.js",
    "start": 1572056848265,
    "end": 1572056848265,
    "duration": 0,
    "pid": 13432,
    "index": 20
  },
  {
    "name": "Require(18) node_modules/egg-view/config/config.local.js",
    "start": 1572056848266,
    "end": 1572056848266,
    "duration": 0,
    "pid": 13432,
    "index": 21
  },
  {
    "name": "Require(19) node_modules/egg/config/config.local.js",
    "start": 1572056848267,
    "end": 1572056848267,
    "duration": 0,
    "pid": 13432,
    "index": 22
  },
  {
    "name": "Load extend/application.js",
    "start": 1572056848268,
    "end": 1572056848280,
    "duration": 12,
    "pid": 13432,
    "index": 23
  },
  {
    "name": "Require(20) node_modules/egg-session/app/extend/application.js",
    "start": 1572056848269,
    "end": 1572056848269,
    "duration": 0,
    "pid": 13432,
    "index": 24
  },
  {
    "name": "Require(21) node_modules/egg-security/app/extend/application.js",
    "start": 1572056848270,
    "end": 1572056848271,
    "duration": 1,
    "pid": 13432,
    "index": 25
  },
  {
    "name": "Require(22) node_modules/egg-jsonp/app/extend/application.js",
    "start": 1572056848271,
    "end": 1572056848273,
    "duration": 2,
    "pid": 13432,
    "index": 26
  },
  {
    "name": "Require(23) node_modules/egg-logrotator/app/extend/application.js",
    "start": 1572056848274,
    "end": 1572056848275,
    "duration": 1,
    "pid": 13432,
    "index": 27
  },
  {
    "name": "Require(24) node_modules/egg-view/app/extend/application.js",
    "start": 1572056848276,
    "end": 1572056848277,
    "duration": 1,
    "pid": 13432,
    "index": 28
  },
  {
    "name": "Load extend/request.js",
    "start": 1572056848280,
    "end": 1572056848283,
    "duration": 3,
    "pid": 13432,
    "index": 29
  },
  {
    "name": "Require(25) node_modules/egg/app/extend/request.js",
    "start": 1572056848281,
    "end": 1572056848282,
    "duration": 1,
    "pid": 13432,
    "index": 30
  },
  {
    "name": "Load extend/response.js",
    "start": 1572056848283,
    "end": 1572056848288,
    "duration": 5,
    "pid": 13432,
    "index": 31
  },
  {
    "name": "Require(26) node_modules/egg/app/extend/response.js",
    "start": 1572056848284,
    "end": 1572056848286,
    "duration": 2,
    "pid": 13432,
    "index": 32
  },
  {
    "name": "Load extend/context.js",
    "start": 1572056848288,
    "end": 1572056848350,
    "duration": 62,
    "pid": 13432,
    "index": 33
  },
  {
    "name": "Require(27) node_modules/egg-security/app/extend/context.js",
    "start": 1572056848288,
    "end": 1572056848297,
    "duration": 9,
    "pid": 13432,
    "index": 34
  },
  {
    "name": "Require(28) node_modules/egg-jsonp/app/extend/context.js",
    "start": 1572056848298,
    "end": 1572056848299,
    "duration": 1,
    "pid": 13432,
    "index": 35
  },
  {
    "name": "Require(29) node_modules/egg-i18n/app/extend/context.js",
    "start": 1572056848301,
    "end": 1572056848302,
    "duration": 1,
    "pid": 13432,
    "index": 36
  },
  {
    "name": "Require(30) node_modules/egg-multipart/app/extend/context.js",
    "start": 1572056848303,
    "end": 1572056848346,
    "duration": 43,
    "pid": 13432,
    "index": 37
  },
  {
    "name": "Require(31) node_modules/egg-view/app/extend/context.js",
    "start": 1572056848346,
    "end": 1572056848347,
    "duration": 1,
    "pid": 13432,
    "index": 38
  },
  {
    "name": "Require(32) node_modules/egg/app/extend/context.js",
    "start": 1572056848348,
    "end": 1572056848349,
    "duration": 1,
    "pid": 13432,
    "index": 39
  },
  {
    "name": "Load extend/helper.js",
    "start": 1572056848350,
    "end": 1572056848370,
    "duration": 20,
    "pid": 13432,
    "index": 40
  },
  {
    "name": "Require(33) node_modules/egg-security/app/extend/helper.js",
    "start": 1572056848351,
    "end": 1572056848367,
    "duration": 16,
    "pid": 13432,
    "index": 41
  },
  {
    "name": "Require(34) node_modules/egg/app/extend/helper.js",
    "start": 1572056848368,
    "end": 1572056848369,
    "duration": 1,
    "pid": 13432,
    "index": 42
  },
  {
    "name": "Load app.js",
    "start": 1572056848370,
    "end": 1572056848426,
    "duration": 56,
    "pid": 13432,
    "index": 43
  },
  {
    "name": "Require(35) node_modules/egg-session/app.js",
    "start": 1572056848370,
    "end": 1572056848371,
    "duration": 1,
    "pid": 13432,
    "index": 44
  },
  {
    "name": "Require(36) node_modules/egg-security/app.js",
    "start": 1572056848371,
    "end": 1572056848374,
    "duration": 3,
    "pid": 13432,
    "index": 45
  },
  {
    "name": "Require(37) node_modules/egg-onerror/app.js",
    "start": 1572056848374,
    "end": 1572056848382,
    "duration": 8,
    "pid": 13432,
    "index": 46
  },
  {
    "name": "Require(38) node_modules/egg-i18n/app.js",
    "start": 1572056848382,
    "end": 1572056848397,
    "duration": 15,
    "pid": 13432,
    "index": 47
  },
  {
    "name": "Require(39) node_modules/egg-watcher/app.js",
    "start": 1572056848397,
    "end": 1572056848400,
    "duration": 3,
    "pid": 13432,
    "index": 48
  },
  {
    "name": "Require(40) node_modules/egg-schedule/app.js",
    "start": 1572056848401,
    "end": 1572056848402,
    "duration": 1,
    "pid": 13432,
    "index": 49
  },
  {
    "name": "Require(41) node_modules/egg-multipart/app.js",
    "start": 1572056848403,
    "end": 1572056848405,
    "duration": 2,
    "pid": 13432,
    "index": 50
  },
  {
    "name": "Require(42) node_modules/egg-development/app.js",
    "start": 1572056848405,
    "end": 1572056848406,
    "duration": 1,
    "pid": 13432,
    "index": 51
  },
  {
    "name": "Require(43) node_modules/egg-logrotator/app.js",
    "start": 1572056848406,
    "end": 1572056848407,
    "duration": 1,
    "pid": 13432,
    "index": 52
  },
  {
    "name": "Require(44) node_modules/egg-static/app.js",
    "start": 1572056848407,
    "end": 1572056848407,
    "duration": 0,
    "pid": 13432,
    "index": 53
  },
  {
    "name": "Require(45) node_modules/egg-mysql/app.js",
    "start": 1572056848408,
    "end": 1572056848425,
    "duration": 17,
    "pid": 13432,
    "index": 54
  },
  {
    "name": "Before Start in node_modules/egg-watcher/lib/init.js:15:14",
    "start": 1572056848440,
    "end": 1572056848663,
    "duration": 223,
    "pid": 13432,
    "index": 55
  },
  {
    "name": "Before Start in node_modules/egg-mysql/lib/mysql.js:20:7",
    "start": 1572056848535,
    "end": 1572056848672,
    "duration": 137,
    "pid": 13432,
    "index": 56
  },
  {
    "name": "Load Service",
    "start": 1572056848535,
    "end": 1572056848539,
    "duration": 4,
    "pid": 13432,
    "index": 57
  },
  {
    "name": "Load \"service\" to Context",
    "start": 1572056848535,
    "end": 1572056848539,
    "duration": 4,
    "pid": 13432,
    "index": 58
  },
  {
    "name": "Load Middleware",
    "start": 1572056848539,
    "end": 1572056848625,
    "duration": 86,
    "pid": 13432,
    "index": 59
  },
  {
    "name": "Load \"middlewares\" to Application",
    "start": 1572056848539,
    "end": 1572056848616,
    "duration": 77,
    "pid": 13432,
    "index": 60
  },
  {
    "name": "Load Controller",
    "start": 1572056848625,
    "end": 1572056848631,
    "duration": 6,
    "pid": 13432,
    "index": 61
  },
  {
    "name": "Load \"controller\" to Application",
    "start": 1572056848625,
    "end": 1572056848631,
    "duration": 6,
    "pid": 13432,
    "index": 62
  },
  {
    "name": "Load Router",
    "start": 1572056848631,
    "end": 1572056848633,
    "duration": 2,
    "pid": 13432,
    "index": 63
  },
  {
    "name": "Require(46) app/router.js",
    "start": 1572056848631,
    "end": 1572056848631,
    "duration": 0,
    "pid": 13432,
    "index": 64
  },
  {
    "name": "Before Start in node_modules/egg-core/lib/egg.js:303:10",
    "start": 1572056848631,
    "end": 1572056848645,
    "duration": 14,
    "pid": 13432,
    "index": 65
  }
]