[
  {
    "name": "Application Start",
    "start": 1572055978321,
    "end": 1572055978787,
    "duration": 466,
    "pid": 19272,
    "index": 0
  },
  {
    "name": "Load Plugin",
    "start": 1572055978326,
    "end": 1572055978342,
    "duration": 16,
    "pid": 19272,
    "index": 1
  },
  {
    "name": "Load Config",
    "start": 1572055978342,
    "end": 1572055978361,
    "duration": 19,
    "pid": 19272,
    "index": 2
  },
  {
    "name": "Require(0) config/config.default.js",
    "start": 1572055978342,
    "end": 1572055978343,
    "duration": 1,
    "pid": 19272,
    "index": 3
  },
  {
    "name": "Require(1) node_modules/egg-session/config/config.default.js",
    "start": 1572055978344,
    "end": 1572055978344,
    "duration": 0,
    "pid": 19272,
    "index": 4
  },
  {
    "name": "Require(2) node_modules/egg-security/config/config.default.js",
    "start": 1572055978345,
    "end": 1572055978345,
    "duration": 0,
    "pid": 19272,
    "index": 5
  },
  {
    "name": "Require(3) node_modules/egg-jsonp/config/config.default.js",
    "start": 1572055978346,
    "end": 1572055978346,
    "duration": 0,
    "pid": 19272,
    "index": 6
  },
  {
    "name": "Require(4) node_modules/egg-onerror/config/config.default.js",
    "start": 1572055978346,
    "end": 1572055978347,
    "duration": 1,
    "pid": 19272,
    "index": 7
  },
  {
    "name": "Require(5) node_modules/egg-i18n/config/config.default.js",
    "start": 1572055978347,
    "end": 1572055978347,
    "duration": 0,
    "pid": 19272,
    "index": 8
  },
  {
    "name": "Require(6) node_modules/egg-watcher/config/config.default.js",
    "start": 1572055978348,
    "end": 1572055978348,
    "duration": 0,
    "pid": 19272,
    "index": 9
  },
  {
    "name": "Require(7) node_modules/egg-schedule/config/config.default.js",
    "start": 1572055978349,
    "end": 1572055978349,
    "duration": 0,
    "pid": 19272,
    "index": 10
  },
  {
    "name": "Require(8) node_modules/egg-multipart/config/config.default.js",
    "start": 1572055978350,
    "end": 1572055978350,
    "duration": 0,
    "pid": 19272,
    "index": 11
  },
  {
    "name": "Require(9) node_modules/egg-development/config/config.default.js",
    "start": 1572055978350,
    "end": 1572055978351,
    "duration": 1,
    "pid": 19272,
    "index": 12
  },
  {
    "name": "Require(10) node_modules/egg-logrotator/config/config.default.js",
    "start": 1572055978351,
    "end": 1572055978353,
    "duration": 2,
    "pid": 19272,
    "index": 13
  },
  {
    "name": "Require(11) node_modules/egg-static/config/config.default.js",
    "start": 1572055978354,
    "end": 1572055978354,
    "duration": 0,
    "pid": 19272,
    "index": 14
  },
  {
    "name": "Require(12) node_modules/egg-view/config/config.default.js",
    "start": 1572055978355,
    "end": 1572055978355,
    "duration": 0,
    "pid": 19272,
    "index": 15
  },
  {
    "name": "Require(13) node_modules/egg-mysql/config/config.default.js",
    "start": 1572055978356,
    "end": 1572055978356,
    "duration": 0,
    "pid": 19272,
    "index": 16
  },
  {
    "name": "Require(14) node_modules/egg/config/config.default.js",
    "start": 1572055978357,
    "end": 1572055978357,
    "duration": 0,
    "pid": 19272,
    "index": 17
  },
  {
    "name": "Require(15) config/config.default.js",
    "start": 1572055978358,
    "end": 1572055978358,
    "duration": 0,
    "pid": 19272,
    "index": 18
  },
  {
    "name": "Require(16) node_modules/egg-security/config/config.local.js",
    "start": 1572055978359,
    "end": 1572055978359,
    "duration": 0,
    "pid": 19272,
    "index": 19
  },
  {
    "name": "Require(17) node_modules/egg-watcher/config/config.local.js",
    "start": 1572055978360,
    "end": 1572055978360,
    "duration": 0,
    "pid": 19272,
    "index": 20
  },
  {
    "name": "Require(18) node_modules/egg-view/config/config.local.js",
    "start": 1572055978360,
    "end": 1572055978361,
    "duration": 1,
    "pid": 19272,
    "index": 21
  },
  {
    "name": "Require(19) node_modules/egg/config/config.local.js",
    "start": 1572055978361,
    "end": 1572055978361,
    "duration": 0,
    "pid": 19272,
    "index": 22
  },
  {
    "name": "Load extend/application.js",
    "start": 1572055978363,
    "end": 1572055978373,
    "duration": 10,
    "pid": 19272,
    "index": 23
  },
  {
    "name": "Require(20) node_modules/egg-session/app/extend/application.js",
    "start": 1572055978363,
    "end": 1572055978364,
    "duration": 1,
    "pid": 19272,
    "index": 24
  },
  {
    "name": "Require(21) node_modules/egg-security/app/extend/application.js",
    "start": 1572055978364,
    "end": 1572055978365,
    "duration": 1,
    "pid": 19272,
    "index": 25
  },
  {
    "name": "Require(22) node_modules/egg-jsonp/app/extend/application.js",
    "start": 1572055978365,
    "end": 1572055978366,
    "duration": 1,
    "pid": 19272,
    "index": 26
  },
  {
    "name": "Require(23) node_modules/egg-logrotator/app/extend/application.js",
    "start": 1572055978367,
    "end": 1572055978369,
    "duration": 2,
    "pid": 19272,
    "index": 27
  },
  {
    "name": "Require(24) node_modules/egg-view/app/extend/application.js",
    "start": 1572055978369,
    "end": 1572055978370,
    "duration": 1,
    "pid": 19272,
    "index": 28
  },
  {
    "name": "Load extend/request.js",
    "start": 1572055978373,
    "end": 1572055978376,
    "duration": 3,
    "pid": 19272,
    "index": 29
  },
  {
    "name": "Require(25) node_modules/egg/app/extend/request.js",
    "start": 1572055978374,
    "end": 1572055978375,
    "duration": 1,
    "pid": 19272,
    "index": 30
  },
  {
    "name": "Load extend/response.js",
    "start": 1572055978376,
    "end": 1572055978380,
    "duration": 4,
    "pid": 19272,
    "index": 31
  },
  {
    "name": "Require(26) node_modules/egg/app/extend/response.js",
    "start": 1572055978377,
    "end": 1572055978378,
    "duration": 1,
    "pid": 19272,
    "index": 32
  },
  {
    "name": "Load extend/context.js",
    "start": 1572055978380,
    "end": 1572055978455,
    "duration": 75,
    "pid": 19272,
    "index": 33
  },
  {
    "name": "Require(27) node_modules/egg-security/app/extend/context.js",
    "start": 1572055978380,
    "end": 1572055978389,
    "duration": 9,
    "pid": 19272,
    "index": 34
  },
  {
    "name": "Require(28) node_modules/egg-jsonp/app/extend/context.js",
    "start": 1572055978390,
    "end": 1572055978391,
    "duration": 1,
    "pid": 19272,
    "index": 35
  },
  {
    "name": "Require(29) node_modules/egg-i18n/app/extend/context.js",
    "start": 1572055978394,
    "end": 1572055978394,
    "duration": 0,
    "pid": 19272,
    "index": 36
  },
  {
    "name": "Require(30) node_modules/egg-multipart/app/extend/context.js",
    "start": 1572055978395,
    "end": 1572055978450,
    "duration": 55,
    "pid": 19272,
    "index": 37
  },
  {
    "name": "Require(31) node_modules/egg-view/app/extend/context.js",
    "start": 1572055978451,
    "end": 1572055978452,
    "duration": 1,
    "pid": 19272,
    "index": 38
  },
  {
    "name": "Require(32) node_modules/egg/app/extend/context.js",
    "start": 1572055978452,
    "end": 1572055978454,
    "duration": 2,
    "pid": 19272,
    "index": 39
  },
  {
    "name": "Load extend/helper.js",
    "start": 1572055978455,
    "end": 1572055978473,
    "duration": 18,
    "pid": 19272,
    "index": 40
  },
  {
    "name": "Require(33) node_modules/egg-security/app/extend/helper.js",
    "start": 1572055978455,
    "end": 1572055978470,
    "duration": 15,
    "pid": 19272,
    "index": 41
  },
  {
    "name": "Require(34) node_modules/egg/app/extend/helper.js",
    "start": 1572055978471,
    "end": 1572055978472,
    "duration": 1,
    "pid": 19272,
    "index": 42
  },
  {
    "name": "Load app.js",
    "start": 1572055978473,
    "end": 1572055978531,
    "duration": 58,
    "pid": 19272,
    "index": 43
  },
  {
    "name": "Require(35) node_modules/egg-session/app.js",
    "start": 1572055978473,
    "end": 1572055978474,
    "duration": 1,
    "pid": 19272,
    "index": 44
  },
  {
    "name": "Require(36) node_modules/egg-security/app.js",
    "start": 1572055978474,
    "end": 1572055978475,
    "duration": 1,
    "pid": 19272,
    "index": 45
  },
  {
    "name": "Require(37) node_modules/egg-onerror/app.js",
    "start": 1572055978476,
    "end": 1572055978484,
    "duration": 8,
    "pid": 19272,
    "index": 46
  },
  {
    "name": "Require(38) node_modules/egg-i18n/app.js",
    "start": 1572055978485,
    "end": 1572055978502,
    "duration": 17,
    "pid": 19272,
    "index": 47
  },
  {
    "name": "Require(39) node_modules/egg-watcher/app.js",
    "start": 1572055978502,
    "end": 1572055978506,
    "duration": 4,
    "pid": 19272,
    "index": 48
  },
  {
    "name": "Require(40) node_modules/egg-schedule/app.js",
    "start": 1572055978507,
    "end": 1572055978509,
    "duration": 2,
    "pid": 19272,
    "index": 49
  },
  {
    "name": "Require(41) node_modules/egg-multipart/app.js",
    "start": 1572055978510,
    "end": 1572055978512,
    "duration": 2,
    "pid": 19272,
    "index": 50
  },
  {
    "name": "Require(42) node_modules/egg-development/app.js",
    "start": 1572055978512,
    "end": 1572055978512,
    "duration": 0,
    "pid": 19272,
    "index": 51
  },
  {
    "name": "Require(43) node_modules/egg-logrotator/app.js",
    "start": 1572055978513,
    "end": 1572055978513,
    "duration": 0,
    "pid": 19272,
    "index": 52
  },
  {
    "name": "Require(44) node_modules/egg-static/app.js",
    "start": 1572055978513,
    "end": 1572055978514,
    "duration": 1,
    "pid": 19272,
    "index": 53
  },
  {
    "name": "Require(45) node_modules/egg-mysql/app.js",
    "start": 1572055978514,
    "end": 1572055978531,
    "duration": 17,
    "pid": 19272,
    "index": 54
  },
  {
    "name": "Before Start in node_modules/egg-watcher/lib/init.js:15:14",
    "start": 1572055978545,
    "end": 1572055978778,
    "duration": 233,
    "pid": 19272,
    "index": 55
  },
  {
    "name": "Before Start in node_modules/egg-mysql/lib/mysql.js:20:7",
    "start": 1572055978644,
    "end": 1572055978787,
    "duration": 143,
    "pid": 19272,
    "index": 56
  },
  {
    "name": "Load Service",
    "start": 1572055978645,
    "end": 1572055978647,
    "duration": 2,
    "pid": 19272,
    "index": 57
  },
  {
    "name": "Load \"service\" to Context",
    "start": 1572055978645,
    "end": 1572055978647,
    "duration": 2,
    "pid": 19272,
    "index": 58
  },
  {
    "name": "Load Middleware",
    "start": 1572055978647,
    "end": 1572055978728,
    "duration": 81,
    "pid": 19272,
    "index": 59
  },
  {
    "name": "Load \"middlewares\" to Application",
    "start": 1572055978648,
    "end": 1572055978713,
    "duration": 65,
    "pid": 19272,
    "index": 60
  },
  {
    "name": "Load Controller",
    "start": 1572055978728,
    "end": 1572055978745,
    "duration": 17,
    "pid": 19272,
    "index": 61
  },
  {
    "name": "Load \"controller\" to Application",
    "start": 1572055978728,
    "end": 1572055978745,
    "duration": 17,
    "pid": 19272,
    "index": 62
  },
  {
    "name": "Load Router",
    "start": 1572055978745,
    "end": 1572055978747,
    "duration": 2,
    "pid": 19272,
    "index": 63
  },
  {
    "name": "Require(46) app/router.js",
    "start": 1572055978745,
    "end": 1572055978745,
    "duration": 0,
    "pid": 19272,
    "index": 64
  },
  {
    "name": "Before Start in node_modules/egg-core/lib/egg.js:303:10",
    "start": 1572055978746,
    "end": 1572055978760,
    "duration": 14,
    "pid": 19272,
    "index": 65
  }
]