[
  {
    "name": "Application Start",
    "start": 1572056218161,
    "end": 1572056218774,
    "duration": 613,
    "pid": 8240,
    "index": 0
  },
  {
    "name": "Load Plugin",
    "start": 1572056218166,
    "end": 1572056218183,
    "duration": 17,
    "pid": 8240,
    "index": 1
  },
  {
    "name": "Load Config",
    "start": 1572056218183,
    "end": 1572056218210,
    "duration": 27,
    "pid": 8240,
    "index": 2
  },
  {
    "name": "Require(0) config/config.default.js",
    "start": 1572056218184,
    "end": 1572056218184,
    "duration": 0,
    "pid": 8240,
    "index": 3
  },
  {
    "name": "Require(1) node_modules/egg-session/config/config.default.js",
    "start": 1572056218185,
    "end": 1572056218186,
    "duration": 1,
    "pid": 8240,
    "index": 4
  },
  {
    "name": "Require(2) node_modules/egg-security/config/config.default.js",
    "start": 1572056218186,
    "end": 1572056218186,
    "duration": 0,
    "pid": 8240,
    "index": 5
  },
  {
    "name": "Require(3) node_modules/egg-jsonp/config/config.default.js",
    "start": 1572056218187,
    "end": 1572056218188,
    "duration": 1,
    "pid": 8240,
    "index": 6
  },
  {
    "name": "Require(4) node_modules/egg-onerror/config/config.default.js",
    "start": 1572056218188,
    "end": 1572056218189,
    "duration": 1,
    "pid": 8240,
    "index": 7
  },
  {
    "name": "Require(5) node_modules/egg-i18n/config/config.default.js",
    "start": 1572056218190,
    "end": 1572056218190,
    "duration": 0,
    "pid": 8240,
    "index": 8
  },
  {
    "name": "Require(6) node_modules/egg-watcher/config/config.default.js",
    "start": 1572056218191,
    "end": 1572056218191,
    "duration": 0,
    "pid": 8240,
    "index": 9
  },
  {
    "name": "Require(7) node_modules/egg-schedule/config/config.default.js",
    "start": 1572056218192,
    "end": 1572056218192,
    "duration": 0,
    "pid": 8240,
    "index": 10
  },
  {
    "name": "Require(8) node_modules/egg-multipart/config/config.default.js",
    "start": 1572056218192,
    "end": 1572056218193,
    "duration": 1,
    "pid": 8240,
    "index": 11
  },
  {
    "name": "Require(9) node_modules/egg-development/config/config.default.js",
    "start": 1572056218193,
    "end": 1572056218194,
    "duration": 1,
    "pid": 8240,
    "index": 12
  },
  {
    "name": "Require(10) node_modules/egg-logrotator/config/config.default.js",
    "start": 1572056218194,
    "end": 1572056218197,
    "duration": 3,
    "pid": 8240,
    "index": 13
  },
  {
    "name": "Require(11) node_modules/egg-static/config/config.default.js",
    "start": 1572056218198,
    "end": 1572056218198,
    "duration": 0,
    "pid": 8240,
    "index": 14
  },
  {
    "name": "Require(12) node_modules/egg-view/config/config.default.js",
    "start": 1572056218199,
    "end": 1572056218199,
    "duration": 0,
    "pid": 8240,
    "index": 15
  },
  {
    "name": "Require(13) node_modules/egg-mysql/config/config.default.js",
    "start": 1572056218200,
    "end": 1572056218200,
    "duration": 0,
    "pid": 8240,
    "index": 16
  },
  {
    "name": "Require(14) node_modules/egg/config/config.default.js",
    "start": 1572056218201,
    "end": 1572056218202,
    "duration": 1,
    "pid": 8240,
    "index": 17
  },
  {
    "name": "Require(15) config/config.default.js",
    "start": 1572056218205,
    "end": 1572056218205,
    "duration": 0,
    "pid": 8240,
    "index": 18
  },
  {
    "name": "Require(16) node_modules/egg-security/config/config.local.js",
    "start": 1572056218206,
    "end": 1572056218206,
    "duration": 0,
    "pid": 8240,
    "index": 19
  },
  {
    "name": "Require(17) node_modules/egg-watcher/config/config.local.js",
    "start": 1572056218207,
    "end": 1572056218208,
    "duration": 1,
    "pid": 8240,
    "index": 20
  },
  {
    "name": "Require(18) node_modules/egg-view/config/config.local.js",
    "start": 1572056218209,
    "end": 1572056218209,
    "duration": 0,
    "pid": 8240,
    "index": 21
  },
  {
    "name": "Require(19) node_modules/egg/config/config.local.js",
    "start": 1572056218210,
    "end": 1572056218210,
    "duration": 0,
    "pid": 8240,
    "index": 22
  },
  {
    "name": "Load extend/application.js",
    "start": 1572056218211,
    "end": 1572056218221,
    "duration": 10,
    "pid": 8240,
    "index": 23
  },
  {
    "name": "Require(20) node_modules/egg-session/app/extend/application.js",
    "start": 1572056218212,
    "end": 1572056218212,
    "duration": 0,
    "pid": 8240,
    "index": 24
  },
  {
    "name": "Require(21) node_modules/egg-security/app/extend/application.js",
    "start": 1572056218213,
    "end": 1572056218214,
    "duration": 1,
    "pid": 8240,
    "index": 25
  },
  {
    "name": "Require(22) node_modules/egg-jsonp/app/extend/application.js",
    "start": 1572056218214,
    "end": 1572056218215,
    "duration": 1,
    "pid": 8240,
    "index": 26
  },
  {
    "name": "Require(23) node_modules/egg-logrotator/app/extend/application.js",
    "start": 1572056218216,
    "end": 1572056218218,
    "duration": 2,
    "pid": 8240,
    "index": 27
  },
  {
    "name": "Require(24) node_modules/egg-view/app/extend/application.js",
    "start": 1572056218218,
    "end": 1572056218219,
    "duration": 1,
    "pid": 8240,
    "index": 28
  },
  {
    "name": "Load extend/request.js",
    "start": 1572056218221,
    "end": 1572056218231,
    "duration": 10,
    "pid": 8240,
    "index": 29
  },
  {
    "name": "Require(25) node_modules/egg/app/extend/request.js",
    "start": 1572056218228,
    "end": 1572056218230,
    "duration": 2,
    "pid": 8240,
    "index": 30
  },
  {
    "name": "Load extend/response.js",
    "start": 1572056218231,
    "end": 1572056218236,
    "duration": 5,
    "pid": 8240,
    "index": 31
  },
  {
    "name": "Require(26) node_modules/egg/app/extend/response.js",
    "start": 1572056218233,
    "end": 1572056218234,
    "duration": 1,
    "pid": 8240,
    "index": 32
  },
  {
    "name": "Load extend/context.js",
    "start": 1572056218236,
    "end": 1572056218308,
    "duration": 72,
    "pid": 8240,
    "index": 33
  },
  {
    "name": "Require(27) node_modules/egg-security/app/extend/context.js",
    "start": 1572056218236,
    "end": 1572056218247,
    "duration": 11,
    "pid": 8240,
    "index": 34
  },
  {
    "name": "Require(28) node_modules/egg-jsonp/app/extend/context.js",
    "start": 1572056218247,
    "end": 1572056218249,
    "duration": 2,
    "pid": 8240,
    "index": 35
  },
  {
    "name": "Require(29) node_modules/egg-i18n/app/extend/context.js",
    "start": 1572056218250,
    "end": 1572056218251,
    "duration": 1,
    "pid": 8240,
    "index": 36
  },
  {
    "name": "Require(30) node_modules/egg-multipart/app/extend/context.js",
    "start": 1572056218251,
    "end": 1572056218301,
    "duration": 50,
    "pid": 8240,
    "index": 37
  },
  {
    "name": "Require(31) node_modules/egg-view/app/extend/context.js",
    "start": 1572056218302,
    "end": 1572056218303,
    "duration": 1,
    "pid": 8240,
    "index": 38
  },
  {
    "name": "Require(32) node_modules/egg/app/extend/context.js",
    "start": 1572056218303,
    "end": 1572056218305,
    "duration": 2,
    "pid": 8240,
    "index": 39
  },
  {
    "name": "Load extend/helper.js",
    "start": 1572056218308,
    "end": 1572056218335,
    "duration": 27,
    "pid": 8240,
    "index": 40
  },
  {
    "name": "Require(33) node_modules/egg-security/app/extend/helper.js",
    "start": 1572056218310,
    "end": 1572056218332,
    "duration": 22,
    "pid": 8240,
    "index": 41
  },
  {
    "name": "Require(34) node_modules/egg/app/extend/helper.js",
    "start": 1572056218333,
    "end": 1572056218333,
    "duration": 0,
    "pid": 8240,
    "index": 42
  },
  {
    "name": "Load app.js",
    "start": 1572056218335,
    "end": 1572056218410,
    "duration": 75,
    "pid": 8240,
    "index": 43
  },
  {
    "name": "Require(35) node_modules/egg-session/app.js",
    "start": 1572056218335,
    "end": 1572056218336,
    "duration": 1,
    "pid": 8240,
    "index": 44
  },
  {
    "name": "Require(36) node_modules/egg-security/app.js",
    "start": 1572056218336,
    "end": 1572056218338,
    "duration": 2,
    "pid": 8240,
    "index": 45
  },
  {
    "name": "Require(37) node_modules/egg-onerror/app.js",
    "start": 1572056218339,
    "end": 1572056218350,
    "duration": 11,
    "pid": 8240,
    "index": 46
  },
  {
    "name": "Require(38) node_modules/egg-i18n/app.js",
    "start": 1572056218351,
    "end": 1572056218369,
    "duration": 18,
    "pid": 8240,
    "index": 47
  },
  {
    "name": "Require(39) node_modules/egg-watcher/app.js",
    "start": 1572056218370,
    "end": 1572056218377,
    "duration": 7,
    "pid": 8240,
    "index": 48
  },
  {
    "name": "Require(40) node_modules/egg-schedule/app.js",
    "start": 1572056218378,
    "end": 1572056218380,
    "duration": 2,
    "pid": 8240,
    "index": 49
  },
  {
    "name": "Require(41) node_modules/egg-multipart/app.js",
    "start": 1572056218381,
    "end": 1572056218383,
    "duration": 2,
    "pid": 8240,
    "index": 50
  },
  {
    "name": "Require(42) node_modules/egg-development/app.js",
    "start": 1572056218384,
    "end": 1572056218384,
    "duration": 0,
    "pid": 8240,
    "index": 51
  },
  {
    "name": "Require(43) node_modules/egg-logrotator/app.js",
    "start": 1572056218384,
    "end": 1572056218385,
    "duration": 1,
    "pid": 8240,
    "index": 52
  },
  {
    "name": "Require(44) node_modules/egg-static/app.js",
    "start": 1572056218385,
    "end": 1572056218385,
    "duration": 0,
    "pid": 8240,
    "index": 53
  },
  {
    "name": "Require(45) node_modules/egg-mysql/app.js",
    "start": 1572056218386,
    "end": 1572056218409,
    "duration": 23,
    "pid": 8240,
    "index": 54
  },
  {
    "name": "Before Start in node_modules/egg-watcher/lib/init.js:15:14",
    "start": 1572056218428,
    "end": 1572056218769,
    "duration": 341,
    "pid": 8240,
    "index": 55
  },
  {
    "name": "Before Start in node_modules/egg-mysql/lib/mysql.js:20:7",
    "start": 1572056218579,
    "end": 1572056218773,
    "duration": 194,
    "pid": 8240,
    "index": 56
  },
  {
    "name": "Load Service",
    "start": 1572056218580,
    "end": 1572056218584,
    "duration": 4,
    "pid": 8240,
    "index": 57
  },
  {
    "name": "Load \"service\" to Context",
    "start": 1572056218580,
    "end": 1572056218584,
    "duration": 4,
    "pid": 8240,
    "index": 58
  },
  {
    "name": "Load Middleware",
    "start": 1572056218584,
    "end": 1572056218712,
    "duration": 128,
    "pid": 8240,
    "index": 59
  },
  {
    "name": "Load \"middlewares\" to Application",
    "start": 1572056218584,
    "end": 1572056218701,
    "duration": 117,
    "pid": 8240,
    "index": 60
  },
  {
    "name": "Load Controller",
    "start": 1572056218712,
    "end": 1572056218719,
    "duration": 7,
    "pid": 8240,
    "index": 61
  },
  {
    "name": "Load \"controller\" to Application",
    "start": 1572056218712,
    "end": 1572056218719,
    "duration": 7,
    "pid": 8240,
    "index": 62
  },
  {
    "name": "Load Router",
    "start": 1572056218719,
    "end": 1572056218722,
    "duration": 3,
    "pid": 8240,
    "index": 63
  },
  {
    "name": "Require(46) app/router.js",
    "start": 1572056218720,
    "end": 1572056218720,
    "duration": 0,
    "pid": 8240,
    "index": 64
  },
  {
    "name": "Before Start in node_modules/egg-core/lib/egg.js:303:10",
    "start": 1572056218720,
    "end": 1572056218737,
    "duration": 17,
    "pid": 8240,
    "index": 65
  }
]