[
  {
    "name": "Application Start",
    "start": 1572055989687,
    "end": 1572055990180,
    "duration": 493,
    "pid": 7064,
    "index": 0
  },
  {
    "name": "Load Plugin",
    "start": 1572055989692,
    "end": 1572055989707,
    "duration": 15,
    "pid": 7064,
    "index": 1
  },
  {
    "name": "Load Config",
    "start": 1572055989708,
    "end": 1572055989731,
    "duration": 23,
    "pid": 7064,
    "index": 2
  },
  {
    "name": "Require(0) config/config.default.js",
    "start": 1572055989709,
    "end": 1572055989709,
    "duration": 0,
    "pid": 7064,
    "index": 3
  },
  {
    "name": "Require(1) node_modules/egg-session/config/config.default.js",
    "start": 1572055989711,
    "end": 1572055989711,
    "duration": 0,
    "pid": 7064,
    "index": 4
  },
  {
    "name": "Require(2) node_modules/egg-security/config/config.default.js",
    "start": 1572055989713,
    "end": 1572055989713,
    "duration": 0,
    "pid": 7064,
    "index": 5
  },
  {
    "name": "Require(3) node_modules/egg-jsonp/config/config.default.js",
    "start": 1572055989714,
    "end": 1572055989714,
    "duration": 0,
    "pid": 7064,
    "index": 6
  },
  {
    "name": "Require(4) node_modules/egg-onerror/config/config.default.js",
    "start": 1572055989715,
    "end": 1572055989715,
    "duration": 0,
    "pid": 7064,
    "index": 7
  },
  {
    "name": "Require(5) node_modules/egg-i18n/config/config.default.js",
    "start": 1572055989716,
    "end": 1572055989716,
    "duration": 0,
    "pid": 7064,
    "index": 8
  },
  {
    "name": "Require(6) node_modules/egg-watcher/config/config.default.js",
    "start": 1572055989717,
    "end": 1572055989717,
    "duration": 0,
    "pid": 7064,
    "index": 9
  },
  {
    "name": "Require(7) node_modules/egg-schedule/config/config.default.js",
    "start": 1572055989717,
    "end": 1572055989718,
    "duration": 1,
    "pid": 7064,
    "index": 10
  },
  {
    "name": "Require(8) node_modules/egg-multipart/config/config.default.js",
    "start": 1572055989718,
    "end": 1572055989718,
    "duration": 0,
    "pid": 7064,
    "index": 11
  },
  {
    "name": "Require(9) node_modules/egg-development/config/config.default.js",
    "start": 1572055989719,
    "end": 1572055989719,
    "duration": 0,
    "pid": 7064,
    "index": 12
  },
  {
    "name": "Require(10) node_modules/egg-logrotator/config/config.default.js",
    "start": 1572055989720,
    "end": 1572055989723,
    "duration": 3,
    "pid": 7064,
    "index": 13
  },
  {
    "name": "Require(11) node_modules/egg-static/config/config.default.js",
    "start": 1572055989724,
    "end": 1572055989724,
    "duration": 0,
    "pid": 7064,
    "index": 14
  },
  {
    "name": "Require(12) node_modules/egg-view/config/config.default.js",
    "start": 1572055989725,
    "end": 1572055989725,
    "duration": 0,
    "pid": 7064,
    "index": 15
  },
  {
    "name": "Require(13) node_modules/egg-mysql/config/config.default.js",
    "start": 1572055989725,
    "end": 1572055989726,
    "duration": 1,
    "pid": 7064,
    "index": 16
  },
  {
    "name": "Require(14) node_modules/egg/config/config.default.js",
    "start": 1572055989726,
    "end": 1572055989727,
    "duration": 1,
    "pid": 7064,
    "index": 17
  },
  {
    "name": "Require(15) config/config.default.js",
    "start": 1572055989728,
    "end": 1572055989728,
    "duration": 0,
    "pid": 7064,
    "index": 18
  },
  {
    "name": "Require(16) node_modules/egg-security/config/config.local.js",
    "start": 1572055989728,
    "end": 1572055989728,
    "duration": 0,
    "pid": 7064,
    "index": 19
  },
  {
    "name": "Require(17) node_modules/egg-watcher/config/config.local.js",
    "start": 1572055989729,
    "end": 1572055989729,
    "duration": 0,
    "pid": 7064,
    "index": 20
  },
  {
    "name": "Require(18) node_modules/egg-view/config/config.local.js",
    "start": 1572055989730,
    "end": 1572055989730,
    "duration": 0,
    "pid": 7064,
    "index": 21
  },
  {
    "name": "Require(19) node_modules/egg/config/config.local.js",
    "start": 1572055989731,
    "end": 1572055989731,
    "duration": 0,
    "pid": 7064,
    "index": 22
  },
  {
    "name": "Load extend/application.js",
    "start": 1572055989733,
    "end": 1572055989744,
    "duration": 11,
    "pid": 7064,
    "index": 23
  },
  {
    "name": "Require(20) node_modules/egg-session/app/extend/application.js",
    "start": 1572055989733,
    "end": 1572055989734,
    "duration": 1,
    "pid": 7064,
    "index": 24
  },
  {
    "name": "Require(21) node_modules/egg-security/app/extend/application.js",
    "start": 1572055989734,
    "end": 1572055989735,
    "duration": 1,
    "pid": 7064,
    "index": 25
  },
  {
    "name": "Require(22) node_modules/egg-jsonp/app/extend/application.js",
    "start": 1572055989736,
    "end": 1572055989737,
    "duration": 1,
    "pid": 7064,
    "index": 26
  },
  {
    "name": "Require(23) node_modules/egg-logrotator/app/extend/application.js",
    "start": 1572055989739,
    "end": 1572055989741,
    "duration": 2,
    "pid": 7064,
    "index": 27
  },
  {
    "name": "Require(24) node_modules/egg-view/app/extend/application.js",
    "start": 1572055989741,
    "end": 1572055989742,
    "duration": 1,
    "pid": 7064,
    "index": 28
  },
  {
    "name": "Load extend/request.js",
    "start": 1572055989744,
    "end": 1572055989748,
    "duration": 4,
    "pid": 7064,
    "index": 29
  },
  {
    "name": "Require(25) node_modules/egg/app/extend/request.js",
    "start": 1572055989745,
    "end": 1572055989746,
    "duration": 1,
    "pid": 7064,
    "index": 30
  },
  {
    "name": "Load extend/response.js",
    "start": 1572055989748,
    "end": 1572055989752,
    "duration": 4,
    "pid": 7064,
    "index": 31
  },
  {
    "name": "Require(26) node_modules/egg/app/extend/response.js",
    "start": 1572055989749,
    "end": 1572055989750,
    "duration": 1,
    "pid": 7064,
    "index": 32
  },
  {
    "name": "Load extend/context.js",
    "start": 1572055989752,
    "end": 1572055989814,
    "duration": 62,
    "pid": 7064,
    "index": 33
  },
  {
    "name": "Require(27) node_modules/egg-security/app/extend/context.js",
    "start": 1572055989752,
    "end": 1572055989762,
    "duration": 10,
    "pid": 7064,
    "index": 34
  },
  {
    "name": "Require(28) node_modules/egg-jsonp/app/extend/context.js",
    "start": 1572055989762,
    "end": 1572055989763,
    "duration": 1,
    "pid": 7064,
    "index": 35
  },
  {
    "name": "Require(29) node_modules/egg-i18n/app/extend/context.js",
    "start": 1572055989764,
    "end": 1572055989764,
    "duration": 0,
    "pid": 7064,
    "index": 36
  },
  {
    "name": "Require(30) node_modules/egg-multipart/app/extend/context.js",
    "start": 1572055989765,
    "end": 1572055989809,
    "duration": 44,
    "pid": 7064,
    "index": 37
  },
  {
    "name": "Require(31) node_modules/egg-view/app/extend/context.js",
    "start": 1572055989810,
    "end": 1572055989811,
    "duration": 1,
    "pid": 7064,
    "index": 38
  },
  {
    "name": "Require(32) node_modules/egg/app/extend/context.js",
    "start": 1572055989811,
    "end": 1572055989813,
    "duration": 2,
    "pid": 7064,
    "index": 39
  },
  {
    "name": "Load extend/helper.js",
    "start": 1572055989814,
    "end": 1572055989833,
    "duration": 19,
    "pid": 7064,
    "index": 40
  },
  {
    "name": "Require(33) node_modules/egg-security/app/extend/helper.js",
    "start": 1572055989814,
    "end": 1572055989830,
    "duration": 16,
    "pid": 7064,
    "index": 41
  },
  {
    "name": "Require(34) node_modules/egg/app/extend/helper.js",
    "start": 1572055989831,
    "end": 1572055989832,
    "duration": 1,
    "pid": 7064,
    "index": 42
  },
  {
    "name": "Load app.js",
    "start": 1572055989834,
    "end": 1572055989889,
    "duration": 55,
    "pid": 7064,
    "index": 43
  },
  {
    "name": "Require(35) node_modules/egg-session/app.js",
    "start": 1572055989834,
    "end": 1572055989834,
    "duration": 0,
    "pid": 7064,
    "index": 44
  },
  {
    "name": "Require(36) node_modules/egg-security/app.js",
    "start": 1572055989835,
    "end": 1572055989836,
    "duration": 1,
    "pid": 7064,
    "index": 45
  },
  {
    "name": "Require(37) node_modules/egg-onerror/app.js",
    "start": 1572055989837,
    "end": 1572055989844,
    "duration": 7,
    "pid": 7064,
    "index": 46
  },
  {
    "name": "Require(38) node_modules/egg-i18n/app.js",
    "start": 1572055989845,
    "end": 1572055989860,
    "duration": 15,
    "pid": 7064,
    "index": 47
  },
  {
    "name": "Require(39) node_modules/egg-watcher/app.js",
    "start": 1572055989860,
    "end": 1572055989863,
    "duration": 3,
    "pid": 7064,
    "index": 48
  },
  {
    "name": "Require(40) node_modules/egg-schedule/app.js",
    "start": 1572055989864,
    "end": 1572055989866,
    "duration": 2,
    "pid": 7064,
    "index": 49
  },
  {
    "name": "Require(41) node_modules/egg-multipart/app.js",
    "start": 1572055989866,
    "end": 1572055989868,
    "duration": 2,
    "pid": 7064,
    "index": 50
  },
  {
    "name": "Require(42) node_modules/egg-development/app.js",
    "start": 1572055989868,
    "end": 1572055989869,
    "duration": 1,
    "pid": 7064,
    "index": 51
  },
  {
    "name": "Require(43) node_modules/egg-logrotator/app.js",
    "start": 1572055989869,
    "end": 1572055989869,
    "duration": 0,
    "pid": 7064,
    "index": 52
  },
  {
    "name": "Require(44) node_modules/egg-static/app.js",
    "start": 1572055989870,
    "end": 1572055989870,
    "duration": 0,
    "pid": 7064,
    "index": 53
  },
  {
    "name": "Require(45) node_modules/egg-mysql/app.js",
    "start": 1572055989870,
    "end": 1572055989889,
    "duration": 19,
    "pid": 7064,
    "index": 54
  },
  {
    "name": "Before Start in node_modules/egg-watcher/lib/init.js:15:14",
    "start": 1572055989906,
    "end": 1572055990170,
    "duration": 264,
    "pid": 7064,
    "index": 55
  },
  {
    "name": "Before Start in node_modules/egg-mysql/lib/mysql.js:20:7",
    "start": 1572055990022,
    "end": 1572055990179,
    "duration": 157,
    "pid": 7064,
    "index": 56
  },
  {
    "name": "Load Service",
    "start": 1572055990023,
    "end": 1572055990025,
    "duration": 2,
    "pid": 7064,
    "index": 57
  },
  {
    "name": "Load \"service\" to Context",
    "start": 1572055990023,
    "end": 1572055990025,
    "duration": 2,
    "pid": 7064,
    "index": 58
  },
  {
    "name": "Load Middleware",
    "start": 1572055990026,
    "end": 1572055990124,
    "duration": 98,
    "pid": 7064,
    "index": 59
  },
  {
    "name": "Load \"middlewares\" to Application",
    "start": 1572055990026,
    "end": 1572055990113,
    "duration": 87,
    "pid": 7064,
    "index": 60
  },
  {
    "name": "Load Controller",
    "start": 1572055990124,
    "end": 1572055990133,
    "duration": 9,
    "pid": 7064,
    "index": 61
  },
  {
    "name": "Load \"controller\" to Application",
    "start": 1572055990124,
    "end": 1572055990133,
    "duration": 9,
    "pid": 7064,
    "index": 62
  },
  {
    "name": "Load Router",
    "start": 1572055990133,
    "end": 1572055990136,
    "duration": 3,
    "pid": 7064,
    "index": 63
  },
  {
    "name": "Require(46) app/router.js",
    "start": 1572055990134,
    "end": 1572055990134,
    "duration": 0,
    "pid": 7064,
    "index": 64
  },
  {
    "name": "Before Start in node_modules/egg-core/lib/egg.js:303:10",
    "start": 1572055990134,
    "end": 1572055990150,
    "duration": 16,
    "pid": 7064,
    "index": 65
  }
]