[
  {
    "name": "Application Start",
    "start": 1572056317765,
    "end": 1572056318257,
    "duration": 492,
    "pid": 3188,
    "index": 0
  },
  {
    "name": "Load Plugin",
    "start": 1572056317773,
    "end": 1572056317791,
    "duration": 18,
    "pid": 3188,
    "index": 1
  },
  {
    "name": "Load Config",
    "start": 1572056317792,
    "end": 1572056317815,
    "duration": 23,
    "pid": 3188,
    "index": 2
  },
  {
    "name": "Require(0) config/config.default.js",
    "start": 1572056317792,
    "end": 1572056317793,
    "duration": 1,
    "pid": 3188,
    "index": 3
  },
  {
    "name": "Require(1) node_modules/egg-session/config/config.default.js",
    "start": 1572056317794,
    "end": 1572056317794,
    "duration": 0,
    "pid": 3188,
    "index": 4
  },
  {
    "name": "Require(2) node_modules/egg-security/config/config.default.js",
    "start": 1572056317795,
    "end": 1572056317795,
    "duration": 0,
    "pid": 3188,
    "index": 5
  },
  {
    "name": "Require(3) node_modules/egg-jsonp/config/config.default.js",
    "start": 1572056317796,
    "end": 1572056317796,
    "duration": 0,
    "pid": 3188,
    "index": 6
  },
  {
    "name": "Require(4) node_modules/egg-onerror/config/config.default.js",
    "start": 1572056317797,
    "end": 1572056317797,
    "duration": 0,
    "pid": 3188,
    "index": 7
  },
  {
    "name": "Require(5) node_modules/egg-i18n/config/config.default.js",
    "start": 1572056317799,
    "end": 1572056317800,
    "duration": 1,
    "pid": 3188,
    "index": 8
  },
  {
    "name": "Require(6) node_modules/egg-watcher/config/config.default.js",
    "start": 1572056317801,
    "end": 1572056317802,
    "duration": 1,
    "pid": 3188,
    "index": 9
  },
  {
    "name": "Require(7) node_modules/egg-schedule/config/config.default.js",
    "start": 1572056317802,
    "end": 1572056317802,
    "duration": 0,
    "pid": 3188,
    "index": 10
  },
  {
    "name": "Require(8) node_modules/egg-multipart/config/config.default.js",
    "start": 1572056317803,
    "end": 1572056317803,
    "duration": 0,
    "pid": 3188,
    "index": 11
  },
  {
    "name": "Require(9) node_modules/egg-development/config/config.default.js",
    "start": 1572056317804,
    "end": 1572056317804,
    "duration": 0,
    "pid": 3188,
    "index": 12
  },
  {
    "name": "Require(10) node_modules/egg-logrotator/config/config.default.js",
    "start": 1572056317805,
    "end": 1572056317807,
    "duration": 2,
    "pid": 3188,
    "index": 13
  },
  {
    "name": "Require(11) node_modules/egg-static/config/config.default.js",
    "start": 1572056317807,
    "end": 1572056317808,
    "duration": 1,
    "pid": 3188,
    "index": 14
  },
  {
    "name": "Require(12) node_modules/egg-view/config/config.default.js",
    "start": 1572056317808,
    "end": 1572056317808,
    "duration": 0,
    "pid": 3188,
    "index": 15
  },
  {
    "name": "Require(13) node_modules/egg-mysql/config/config.default.js",
    "start": 1572056317809,
    "end": 1572056317809,
    "duration": 0,
    "pid": 3188,
    "index": 16
  },
  {
    "name": "Require(14) node_modules/egg/config/config.default.js",
    "start": 1572056317810,
    "end": 1572056317810,
    "duration": 0,
    "pid": 3188,
    "index": 17
  },
  {
    "name": "Require(15) config/config.default.js",
    "start": 1572056317811,
    "end": 1572056317811,
    "duration": 0,
    "pid": 3188,
    "index": 18
  },
  {
    "name": "Require(16) node_modules/egg-security/config/config.local.js",
    "start": 1572056317812,
    "end": 1572056317812,
    "duration": 0,
    "pid": 3188,
    "index": 19
  },
  {
    "name": "Require(17) node_modules/egg-watcher/config/config.local.js",
    "start": 1572056317813,
    "end": 1572056317813,
    "duration": 0,
    "pid": 3188,
    "index": 20
  },
  {
    "name": "Require(18) node_modules/egg-view/config/config.local.js",
    "start": 1572056317814,
    "end": 1572056317814,
    "duration": 0,
    "pid": 3188,
    "index": 21
  },
  {
    "name": "Require(19) node_modules/egg/config/config.local.js",
    "start": 1572056317814,
    "end": 1572056317815,
    "duration": 1,
    "pid": 3188,
    "index": 22
  },
  {
    "name": "Load extend/application.js",
    "start": 1572056317817,
    "end": 1572056317827,
    "duration": 10,
    "pid": 3188,
    "index": 23
  },
  {
    "name": "Require(20) node_modules/egg-session/app/extend/application.js",
    "start": 1572056317818,
    "end": 1572056317818,
    "duration": 0,
    "pid": 3188,
    "index": 24
  },
  {
    "name": "Require(21) node_modules/egg-security/app/extend/application.js",
    "start": 1572056317819,
    "end": 1572056317820,
    "duration": 1,
    "pid": 3188,
    "index": 25
  },
  {
    "name": "Require(22) node_modules/egg-jsonp/app/extend/application.js",
    "start": 1572056317820,
    "end": 1572056317822,
    "duration": 2,
    "pid": 3188,
    "index": 26
  },
  {
    "name": "Require(23) node_modules/egg-logrotator/app/extend/application.js",
    "start": 1572056317823,
    "end": 1572056317824,
    "duration": 1,
    "pid": 3188,
    "index": 27
  },
  {
    "name": "Require(24) node_modules/egg-view/app/extend/application.js",
    "start": 1572056317824,
    "end": 1572056317826,
    "duration": 2,
    "pid": 3188,
    "index": 28
  },
  {
    "name": "Load extend/request.js",
    "start": 1572056317827,
    "end": 1572056317831,
    "duration": 4,
    "pid": 3188,
    "index": 29
  },
  {
    "name": "Require(25) node_modules/egg/app/extend/request.js",
    "start": 1572056317828,
    "end": 1572056317829,
    "duration": 1,
    "pid": 3188,
    "index": 30
  },
  {
    "name": "Load extend/response.js",
    "start": 1572056317831,
    "end": 1572056317836,
    "duration": 5,
    "pid": 3188,
    "index": 31
  },
  {
    "name": "Require(26) node_modules/egg/app/extend/response.js",
    "start": 1572056317833,
    "end": 1572056317834,
    "duration": 1,
    "pid": 3188,
    "index": 32
  },
  {
    "name": "Load extend/context.js",
    "start": 1572056317836,
    "end": 1572056317913,
    "duration": 77,
    "pid": 3188,
    "index": 33
  },
  {
    "name": "Require(27) node_modules/egg-security/app/extend/context.js",
    "start": 1572056317837,
    "end": 1572056317845,
    "duration": 8,
    "pid": 3188,
    "index": 34
  },
  {
    "name": "Require(28) node_modules/egg-jsonp/app/extend/context.js",
    "start": 1572056317845,
    "end": 1572056317847,
    "duration": 2,
    "pid": 3188,
    "index": 35
  },
  {
    "name": "Require(29) node_modules/egg-i18n/app/extend/context.js",
    "start": 1572056317847,
    "end": 1572056317848,
    "duration": 1,
    "pid": 3188,
    "index": 36
  },
  {
    "name": "Require(30) node_modules/egg-multipart/app/extend/context.js",
    "start": 1572056317849,
    "end": 1572056317907,
    "duration": 58,
    "pid": 3188,
    "index": 37
  },
  {
    "name": "Require(31) node_modules/egg-view/app/extend/context.js",
    "start": 1572056317907,
    "end": 1572056317909,
    "duration": 2,
    "pid": 3188,
    "index": 38
  },
  {
    "name": "Require(32) node_modules/egg/app/extend/context.js",
    "start": 1572056317909,
    "end": 1572056317911,
    "duration": 2,
    "pid": 3188,
    "index": 39
  },
  {
    "name": "Load extend/helper.js",
    "start": 1572056317913,
    "end": 1572056317937,
    "duration": 24,
    "pid": 3188,
    "index": 40
  },
  {
    "name": "Require(33) node_modules/egg-security/app/extend/helper.js",
    "start": 1572056317914,
    "end": 1572056317934,
    "duration": 20,
    "pid": 3188,
    "index": 41
  },
  {
    "name": "Require(34) node_modules/egg/app/extend/helper.js",
    "start": 1572056317935,
    "end": 1572056317936,
    "duration": 1,
    "pid": 3188,
    "index": 42
  },
  {
    "name": "Load app.js",
    "start": 1572056317937,
    "end": 1572056317999,
    "duration": 62,
    "pid": 3188,
    "index": 43
  },
  {
    "name": "Require(35) node_modules/egg-session/app.js",
    "start": 1572056317937,
    "end": 1572056317938,
    "duration": 1,
    "pid": 3188,
    "index": 44
  },
  {
    "name": "Require(36) node_modules/egg-security/app.js",
    "start": 1572056317938,
    "end": 1572056317940,
    "duration": 2,
    "pid": 3188,
    "index": 45
  },
  {
    "name": "Require(37) node_modules/egg-onerror/app.js",
    "start": 1572056317940,
    "end": 1572056317949,
    "duration": 9,
    "pid": 3188,
    "index": 46
  },
  {
    "name": "Require(38) node_modules/egg-i18n/app.js",
    "start": 1572056317949,
    "end": 1572056317969,
    "duration": 20,
    "pid": 3188,
    "index": 47
  },
  {
    "name": "Require(39) node_modules/egg-watcher/app.js",
    "start": 1572056317969,
    "end": 1572056317973,
    "duration": 4,
    "pid": 3188,
    "index": 48
  },
  {
    "name": "Require(40) node_modules/egg-schedule/app.js",
    "start": 1572056317973,
    "end": 1572056317975,
    "duration": 2,
    "pid": 3188,
    "index": 49
  },
  {
    "name": "Require(41) node_modules/egg-multipart/app.js",
    "start": 1572056317975,
    "end": 1572056317978,
    "duration": 3,
    "pid": 3188,
    "index": 50
  },
  {
    "name": "Require(42) node_modules/egg-development/app.js",
    "start": 1572056317978,
    "end": 1572056317978,
    "duration": 0,
    "pid": 3188,
    "index": 51
  },
  {
    "name": "Require(43) node_modules/egg-logrotator/app.js",
    "start": 1572056317979,
    "end": 1572056317979,
    "duration": 0,
    "pid": 3188,
    "index": 52
  },
  {
    "name": "Require(44) node_modules/egg-static/app.js",
    "start": 1572056317979,
    "end": 1572056317980,
    "duration": 1,
    "pid": 3188,
    "index": 53
  },
  {
    "name": "Require(45) node_modules/egg-mysql/app.js",
    "start": 1572056317980,
    "end": 1572056317999,
    "duration": 19,
    "pid": 3188,
    "index": 54
  },
  {
    "name": "Before Start in node_modules/egg-watcher/lib/init.js:15:14",
    "start": 1572056318012,
    "end": 1572056318249,
    "duration": 237,
    "pid": 3188,
    "index": 55
  },
  {
    "name": "Before Start in node_modules/egg-mysql/lib/mysql.js:20:7",
    "start": 1572056318115,
    "end": 1572056318255,
    "duration": 140,
    "pid": 3188,
    "index": 56
  },
  {
    "name": "Load Service",
    "start": 1572056318116,
    "end": 1572056318121,
    "duration": 5,
    "pid": 3188,
    "index": 57
  },
  {
    "name": "Load \"service\" to Context",
    "start": 1572056318116,
    "end": 1572056318121,
    "duration": 5,
    "pid": 3188,
    "index": 58
  },
  {
    "name": "Load Middleware",
    "start": 1572056318121,
    "end": 1572056318211,
    "duration": 90,
    "pid": 3188,
    "index": 59
  },
  {
    "name": "Load \"middlewares\" to Application",
    "start": 1572056318121,
    "end": 1572056318202,
    "duration": 81,
    "pid": 3188,
    "index": 60
  },
  {
    "name": "Load Controller",
    "start": 1572056318211,
    "end": 1572056318220,
    "duration": 9,
    "pid": 3188,
    "index": 61
  },
  {
    "name": "Load \"controller\" to Application",
    "start": 1572056318211,
    "end": 1572056318220,
    "duration": 9,
    "pid": 3188,
    "index": 62
  },
  {
    "name": "Load Router",
    "start": 1572056318220,
    "end": 1572056318222,
    "duration": 2,
    "pid": 3188,
    "index": 63
  },
  {
    "name": "Require(46) app/router.js",
    "start": 1572056318221,
    "end": 1572056318221,
    "duration": 0,
    "pid": 3188,
    "index": 64
  },
  {
    "name": "Before Start in node_modules/egg-core/lib/egg.js:303:10",
    "start": 1572056318221,
    "end": 1572056318234,
    "duration": 13,
    "pid": 3188,
    "index": 65
  }
]