[
  {
    "name": "Application Start",
    "start": 1572057070649,
    "end": 1572057071139,
    "duration": 490,
    "pid": 19560,
    "index": 0
  },
  {
    "name": "Load Plugin",
    "start": 1572057070653,
    "end": 1572057070668,
    "duration": 15,
    "pid": 19560,
    "index": 1
  },
  {
    "name": "Load Config",
    "start": 1572057070669,
    "end": 1572057070688,
    "duration": 19,
    "pid": 19560,
    "index": 2
  },
  {
    "name": "Require(0) config/config.default.js",
    "start": 1572057070669,
    "end": 1572057070669,
    "duration": 0,
    "pid": 19560,
    "index": 3
  },
  {
    "name": "Require(1) node_modules/egg-session/config/config.default.js",
    "start": 1572057070671,
    "end": 1572057070671,
    "duration": 0,
    "pid": 19560,
    "index": 4
  },
  {
    "name": "Require(2) node_modules/egg-security/config/config.default.js",
    "start": 1572057070671,
    "end": 1572057070672,
    "duration": 1,
    "pid": 19560,
    "index": 5
  },
  {
    "name": "Require(3) node_modules/egg-jsonp/config/config.default.js",
    "start": 1572057070672,
    "end": 1572057070673,
    "duration": 1,
    "pid": 19560,
    "index": 6
  },
  {
    "name": "Require(4) node_modules/egg-onerror/config/config.default.js",
    "start": 1572057070673,
    "end": 1572057070673,
    "duration": 0,
    "pid": 19560,
    "index": 7
  },
  {
    "name": "Require(5) node_modules/egg-i18n/config/config.default.js",
    "start": 1572057070674,
    "end": 1572057070674,
    "duration": 0,
    "pid": 19560,
    "index": 8
  },
  {
    "name": "Require(6) node_modules/egg-watcher/config/config.default.js",
    "start": 1572057070675,
    "end": 1572057070675,
    "duration": 0,
    "pid": 19560,
    "index": 9
  },
  {
    "name": "Require(7) node_modules/egg-schedule/config/config.default.js",
    "start": 1572057070675,
    "end": 1572057070676,
    "duration": 1,
    "pid": 19560,
    "index": 10
  },
  {
    "name": "Require(8) node_modules/egg-multipart/config/config.default.js",
    "start": 1572057070676,
    "end": 1572057070676,
    "duration": 0,
    "pid": 19560,
    "index": 11
  },
  {
    "name": "Require(9) node_modules/egg-development/config/config.default.js",
    "start": 1572057070677,
    "end": 1572057070677,
    "duration": 0,
    "pid": 19560,
    "index": 12
  },
  {
    "name": "Require(10) node_modules/egg-logrotator/config/config.default.js",
    "start": 1572057070678,
    "end": 1572057070680,
    "duration": 2,
    "pid": 19560,
    "index": 13
  },
  {
    "name": "Require(11) node_modules/egg-static/config/config.default.js",
    "start": 1572057070681,
    "end": 1572057070681,
    "duration": 0,
    "pid": 19560,
    "index": 14
  },
  {
    "name": "Require(12) node_modules/egg-view/config/config.default.js",
    "start": 1572057070682,
    "end": 1572057070682,
    "duration": 0,
    "pid": 19560,
    "index": 15
  },
  {
    "name": "Require(13) node_modules/egg-mysql/config/config.default.js",
    "start": 1572057070683,
    "end": 1572057070683,
    "duration": 0,
    "pid": 19560,
    "index": 16
  },
  {
    "name": "Require(14) node_modules/egg/config/config.default.js",
    "start": 1572057070683,
    "end": 1572057070684,
    "duration": 1,
    "pid": 19560,
    "index": 17
  },
  {
    "name": "Require(15) config/config.default.js",
    "start": 1572057070685,
    "end": 1572057070685,
    "duration": 0,
    "pid": 19560,
    "index": 18
  },
  {
    "name": "Require(16) node_modules/egg-security/config/config.local.js",
    "start": 1572057070685,
    "end": 1572057070685,
    "duration": 0,
    "pid": 19560,
    "index": 19
  },
  {
    "name": "Require(17) node_modules/egg-watcher/config/config.local.js",
    "start": 1572057070686,
    "end": 1572057070686,
    "duration": 0,
    "pid": 19560,
    "index": 20
  },
  {
    "name": "Require(18) node_modules/egg-view/config/config.local.js",
    "start": 1572057070687,
    "end": 1572057070687,
    "duration": 0,
    "pid": 19560,
    "index": 21
  },
  {
    "name": "Require(19) node_modules/egg/config/config.local.js",
    "start": 1572057070688,
    "end": 1572057070688,
    "duration": 0,
    "pid": 19560,
    "index": 22
  },
  {
    "name": "Load extend/application.js",
    "start": 1572057070689,
    "end": 1572057070700,
    "duration": 11,
    "pid": 19560,
    "index": 23
  },
  {
    "name": "Require(20) node_modules/egg-session/app/extend/application.js",
    "start": 1572057070690,
    "end": 1572057070690,
    "duration": 0,
    "pid": 19560,
    "index": 24
  },
  {
    "name": "Require(21) node_modules/egg-security/app/extend/application.js",
    "start": 1572057070690,
    "end": 1572057070691,
    "duration": 1,
    "pid": 19560,
    "index": 25
  },
  {
    "name": "Require(22) node_modules/egg-jsonp/app/extend/application.js",
    "start": 1572057070692,
    "end": 1572057070693,
    "duration": 1,
    "pid": 19560,
    "index": 26
  },
  {
    "name": "Require(23) node_modules/egg-logrotator/app/extend/application.js",
    "start": 1572057070694,
    "end": 1572057070696,
    "duration": 2,
    "pid": 19560,
    "index": 27
  },
  {
    "name": "Require(24) node_modules/egg-view/app/extend/application.js",
    "start": 1572057070697,
    "end": 1572057070698,
    "duration": 1,
    "pid": 19560,
    "index": 28
  },
  {
    "name": "Load extend/request.js",
    "start": 1572057070700,
    "end": 1572057070703,
    "duration": 3,
    "pid": 19560,
    "index": 29
  },
  {
    "name": "Require(25) node_modules/egg/app/extend/request.js",
    "start": 1572057070701,
    "end": 1572057070702,
    "duration": 1,
    "pid": 19560,
    "index": 30
  },
  {
    "name": "Load extend/response.js",
    "start": 1572057070703,
    "end": 1572057070707,
    "duration": 4,
    "pid": 19560,
    "index": 31
  },
  {
    "name": "Require(26) node_modules/egg/app/extend/response.js",
    "start": 1572057070704,
    "end": 1572057070705,
    "duration": 1,
    "pid": 19560,
    "index": 32
  },
  {
    "name": "Load extend/context.js",
    "start": 1572057070707,
    "end": 1572057070770,
    "duration": 63,
    "pid": 19560,
    "index": 33
  },
  {
    "name": "Require(27) node_modules/egg-security/app/extend/context.js",
    "start": 1572057070707,
    "end": 1572057070716,
    "duration": 9,
    "pid": 19560,
    "index": 34
  },
  {
    "name": "Require(28) node_modules/egg-jsonp/app/extend/context.js",
    "start": 1572057070717,
    "end": 1572057070718,
    "duration": 1,
    "pid": 19560,
    "index": 35
  },
  {
    "name": "Require(29) node_modules/egg-i18n/app/extend/context.js",
    "start": 1572057070718,
    "end": 1572057070719,
    "duration": 1,
    "pid": 19560,
    "index": 36
  },
  {
    "name": "Require(30) node_modules/egg-multipart/app/extend/context.js",
    "start": 1572057070719,
    "end": 1572057070765,
    "duration": 46,
    "pid": 19560,
    "index": 37
  },
  {
    "name": "Require(31) node_modules/egg-view/app/extend/context.js",
    "start": 1572057070766,
    "end": 1572057070767,
    "duration": 1,
    "pid": 19560,
    "index": 38
  },
  {
    "name": "Require(32) node_modules/egg/app/extend/context.js",
    "start": 1572057070767,
    "end": 1572057070769,
    "duration": 2,
    "pid": 19560,
    "index": 39
  },
  {
    "name": "Load extend/helper.js",
    "start": 1572057070770,
    "end": 1572057070805,
    "duration": 35,
    "pid": 19560,
    "index": 40
  },
  {
    "name": "Require(33) node_modules/egg-security/app/extend/helper.js",
    "start": 1572057070771,
    "end": 1572057070788,
    "duration": 17,
    "pid": 19560,
    "index": 41
  },
  {
    "name": "Require(34) node_modules/egg/app/extend/helper.js",
    "start": 1572057070796,
    "end": 1572057070801,
    "duration": 5,
    "pid": 19560,
    "index": 42
  },
  {
    "name": "Load app.js",
    "start": 1572057070806,
    "end": 1572057070882,
    "duration": 76,
    "pid": 19560,
    "index": 43
  },
  {
    "name": "Require(35) node_modules/egg-session/app.js",
    "start": 1572057070806,
    "end": 1572057070807,
    "duration": 1,
    "pid": 19560,
    "index": 44
  },
  {
    "name": "Require(36) node_modules/egg-security/app.js",
    "start": 1572057070808,
    "end": 1572057070815,
    "duration": 7,
    "pid": 19560,
    "index": 45
  },
  {
    "name": "Require(37) node_modules/egg-onerror/app.js",
    "start": 1572057070818,
    "end": 1572057070826,
    "duration": 8,
    "pid": 19560,
    "index": 46
  },
  {
    "name": "Require(38) node_modules/egg-i18n/app.js",
    "start": 1572057070827,
    "end": 1572057070851,
    "duration": 24,
    "pid": 19560,
    "index": 47
  },
  {
    "name": "Require(39) node_modules/egg-watcher/app.js",
    "start": 1572057070852,
    "end": 1572057070855,
    "duration": 3,
    "pid": 19560,
    "index": 48
  },
  {
    "name": "Require(40) node_modules/egg-schedule/app.js",
    "start": 1572057070855,
    "end": 1572057070857,
    "duration": 2,
    "pid": 19560,
    "index": 49
  },
  {
    "name": "Require(41) node_modules/egg-multipart/app.js",
    "start": 1572057070857,
    "end": 1572057070859,
    "duration": 2,
    "pid": 19560,
    "index": 50
  },
  {
    "name": "Require(42) node_modules/egg-development/app.js",
    "start": 1572057070859,
    "end": 1572057070860,
    "duration": 1,
    "pid": 19560,
    "index": 51
  },
  {
    "name": "Require(43) node_modules/egg-logrotator/app.js",
    "start": 1572057070860,
    "end": 1572057070860,
    "duration": 0,
    "pid": 19560,
    "index": 52
  },
  {
    "name": "Require(44) node_modules/egg-static/app.js",
    "start": 1572057070861,
    "end": 1572057070861,
    "duration": 0,
    "pid": 19560,
    "index": 53
  },
  {
    "name": "Require(45) node_modules/egg-mysql/app.js",
    "start": 1572057070862,
    "end": 1572057070881,
    "duration": 19,
    "pid": 19560,
    "index": 54
  },
  {
    "name": "Before Start in node_modules/egg-watcher/lib/init.js:15:14",
    "start": 1572057070896,
    "end": 1572057071128,
    "duration": 232,
    "pid": 19560,
    "index": 55
  },
  {
    "name": "Before Start in node_modules/egg-mysql/lib/mysql.js:20:7",
    "start": 1572057071006,
    "end": 1572057071138,
    "duration": 132,
    "pid": 19560,
    "index": 56
  },
  {
    "name": "Load Service",
    "start": 1572057071006,
    "end": 1572057071009,
    "duration": 3,
    "pid": 19560,
    "index": 57
  },
  {
    "name": "Load \"service\" to Context",
    "start": 1572057071006,
    "end": 1572057071009,
    "duration": 3,
    "pid": 19560,
    "index": 58
  },
  {
    "name": "Load Middleware",
    "start": 1572057071009,
    "end": 1572057071089,
    "duration": 80,
    "pid": 19560,
    "index": 59
  },
  {
    "name": "Load \"middlewares\" to Application",
    "start": 1572057071009,
    "end": 1572057071080,
    "duration": 71,
    "pid": 19560,
    "index": 60
  },
  {
    "name": "Load Controller",
    "start": 1572057071089,
    "end": 1572057071096,
    "duration": 7,
    "pid": 19560,
    "index": 61
  },
  {
    "name": "Load \"controller\" to Application",
    "start": 1572057071089,
    "end": 1572057071096,
    "duration": 7,
    "pid": 19560,
    "index": 62
  },
  {
    "name": "Load Router",
    "start": 1572057071096,
    "end": 1572057071098,
    "duration": 2,
    "pid": 19560,
    "index": 63
  },
  {
    "name": "Require(46) app/router.js",
    "start": 1572057071096,
    "end": 1572057071097,
    "duration": 1,
    "pid": 19560,
    "index": 64
  },
  {
    "name": "Before Start in node_modules/egg-core/lib/egg.js:303:10",
    "start": 1572057071097,
    "end": 1572057071110,
    "duration": 13,
    "pid": 19560,
    "index": 65
  }
]