[
  {
    "name": "Application Start",
    "start": 1572056700484,
    "end": 1572056701013,
    "duration": 529,
    "pid": 8276,
    "index": 0
  },
  {
    "name": "Load Plugin",
    "start": 1572056700494,
    "end": 1572056700515,
    "duration": 21,
    "pid": 8276,
    "index": 1
  },
  {
    "name": "Load Config",
    "start": 1572056700515,
    "end": 1572056700549,
    "duration": 34,
    "pid": 8276,
    "index": 2
  },
  {
    "name": "Require(0) config/config.default.js",
    "start": 1572056700517,
    "end": 1572056700517,
    "duration": 0,
    "pid": 8276,
    "index": 3
  },
  {
    "name": "Require(1) node_modules/egg-session/config/config.default.js",
    "start": 1572056700521,
    "end": 1572056700521,
    "duration": 0,
    "pid": 8276,
    "index": 4
  },
  {
    "name": "Require(2) node_modules/egg-security/config/config.default.js",
    "start": 1572056700523,
    "end": 1572056700524,
    "duration": 1,
    "pid": 8276,
    "index": 5
  },
  {
    "name": "Require(3) node_modules/egg-jsonp/config/config.default.js",
    "start": 1572056700525,
    "end": 1572056700526,
    "duration": 1,
    "pid": 8276,
    "index": 6
  },
  {
    "name": "Require(4) node_modules/egg-onerror/config/config.default.js",
    "start": 1572056700527,
    "end": 1572056700527,
    "duration": 0,
    "pid": 8276,
    "index": 7
  },
  {
    "name": "Require(5) node_modules/egg-i18n/config/config.default.js",
    "start": 1572056700528,
    "end": 1572056700529,
    "duration": 1,
    "pid": 8276,
    "index": 8
  },
  {
    "name": "Require(6) node_modules/egg-watcher/config/config.default.js",
    "start": 1572056700530,
    "end": 1572056700531,
    "duration": 1,
    "pid": 8276,
    "index": 9
  },
  {
    "name": "Require(7) node_modules/egg-schedule/config/config.default.js",
    "start": 1572056700532,
    "end": 1572056700532,
    "duration": 0,
    "pid": 8276,
    "index": 10
  },
  {
    "name": "Require(8) node_modules/egg-multipart/config/config.default.js",
    "start": 1572056700533,
    "end": 1572056700533,
    "duration": 0,
    "pid": 8276,
    "index": 11
  },
  {
    "name": "Require(9) node_modules/egg-development/config/config.default.js",
    "start": 1572056700534,
    "end": 1572056700534,
    "duration": 0,
    "pid": 8276,
    "index": 12
  },
  {
    "name": "Require(10) node_modules/egg-logrotator/config/config.default.js",
    "start": 1572056700535,
    "end": 1572056700537,
    "duration": 2,
    "pid": 8276,
    "index": 13
  },
  {
    "name": "Require(11) node_modules/egg-static/config/config.default.js",
    "start": 1572056700537,
    "end": 1572056700538,
    "duration": 1,
    "pid": 8276,
    "index": 14
  },
  {
    "name": "Require(12) node_modules/egg-view/config/config.default.js",
    "start": 1572056700539,
    "end": 1572056700540,
    "duration": 1,
    "pid": 8276,
    "index": 15
  },
  {
    "name": "Require(13) node_modules/egg-mysql/config/config.default.js",
    "start": 1572056700541,
    "end": 1572056700542,
    "duration": 1,
    "pid": 8276,
    "index": 16
  },
  {
    "name": "Require(14) node_modules/egg/config/config.default.js",
    "start": 1572056700542,
    "end": 1572056700543,
    "duration": 1,
    "pid": 8276,
    "index": 17
  },
  {
    "name": "Require(15) config/config.default.js",
    "start": 1572056700544,
    "end": 1572056700544,
    "duration": 0,
    "pid": 8276,
    "index": 18
  },
  {
    "name": "Require(16) node_modules/egg-security/config/config.local.js",
    "start": 1572056700546,
    "end": 1572056700547,
    "duration": 1,
    "pid": 8276,
    "index": 19
  },
  {
    "name": "Require(17) node_modules/egg-watcher/config/config.local.js",
    "start": 1572056700547,
    "end": 1572056700548,
    "duration": 1,
    "pid": 8276,
    "index": 20
  },
  {
    "name": "Require(18) node_modules/egg-view/config/config.local.js",
    "start": 1572056700548,
    "end": 1572056700549,
    "duration": 1,
    "pid": 8276,
    "index": 21
  },
  {
    "name": "Require(19) node_modules/egg/config/config.local.js",
    "start": 1572056700549,
    "end": 1572056700549,
    "duration": 0,
    "pid": 8276,
    "index": 22
  },
  {
    "name": "Load extend/application.js",
    "start": 1572056700551,
    "end": 1572056700566,
    "duration": 15,
    "pid": 8276,
    "index": 23
  },
  {
    "name": "Require(20) node_modules/egg-session/app/extend/application.js",
    "start": 1572056700551,
    "end": 1572056700552,
    "duration": 1,
    "pid": 8276,
    "index": 24
  },
  {
    "name": "Require(21) node_modules/egg-security/app/extend/application.js",
    "start": 1572056700553,
    "end": 1572056700554,
    "duration": 1,
    "pid": 8276,
    "index": 25
  },
  {
    "name": "Require(22) node_modules/egg-jsonp/app/extend/application.js",
    "start": 1572056700554,
    "end": 1572056700559,
    "duration": 5,
    "pid": 8276,
    "index": 26
  },
  {
    "name": "Require(23) node_modules/egg-logrotator/app/extend/application.js",
    "start": 1572056700560,
    "end": 1572056700562,
    "duration": 2,
    "pid": 8276,
    "index": 27
  },
  {
    "name": "Require(24) node_modules/egg-view/app/extend/application.js",
    "start": 1572056700562,
    "end": 1572056700564,
    "duration": 2,
    "pid": 8276,
    "index": 28
  },
  {
    "name": "Load extend/request.js",
    "start": 1572056700566,
    "end": 1572056700571,
    "duration": 5,
    "pid": 8276,
    "index": 29
  },
  {
    "name": "Require(25) node_modules/egg/app/extend/request.js",
    "start": 1572056700568,
    "end": 1572056700569,
    "duration": 1,
    "pid": 8276,
    "index": 30
  },
  {
    "name": "Load extend/response.js",
    "start": 1572056700571,
    "end": 1572056700579,
    "duration": 8,
    "pid": 8276,
    "index": 31
  },
  {
    "name": "Require(26) node_modules/egg/app/extend/response.js",
    "start": 1572056700574,
    "end": 1572056700576,
    "duration": 2,
    "pid": 8276,
    "index": 32
  },
  {
    "name": "Load extend/context.js",
    "start": 1572056700579,
    "end": 1572056700660,
    "duration": 81,
    "pid": 8276,
    "index": 33
  },
  {
    "name": "Require(27) node_modules/egg-security/app/extend/context.js",
    "start": 1572056700579,
    "end": 1572056700593,
    "duration": 14,
    "pid": 8276,
    "index": 34
  },
  {
    "name": "Require(28) node_modules/egg-jsonp/app/extend/context.js",
    "start": 1572056700593,
    "end": 1572056700596,
    "duration": 3,
    "pid": 8276,
    "index": 35
  },
  {
    "name": "Require(29) node_modules/egg-i18n/app/extend/context.js",
    "start": 1572056700597,
    "end": 1572056700597,
    "duration": 0,
    "pid": 8276,
    "index": 36
  },
  {
    "name": "Require(30) node_modules/egg-multipart/app/extend/context.js",
    "start": 1572056700598,
    "end": 1572056700653,
    "duration": 55,
    "pid": 8276,
    "index": 37
  },
  {
    "name": "Require(31) node_modules/egg-view/app/extend/context.js",
    "start": 1572056700653,
    "end": 1572056700655,
    "duration": 2,
    "pid": 8276,
    "index": 38
  },
  {
    "name": "Require(32) node_modules/egg/app/extend/context.js",
    "start": 1572056700657,
    "end": 1572056700658,
    "duration": 1,
    "pid": 8276,
    "index": 39
  },
  {
    "name": "Load extend/helper.js",
    "start": 1572056700660,
    "end": 1572056700692,
    "duration": 32,
    "pid": 8276,
    "index": 40
  },
  {
    "name": "Require(33) node_modules/egg-security/app/extend/helper.js",
    "start": 1572056700660,
    "end": 1572056700687,
    "duration": 27,
    "pid": 8276,
    "index": 41
  },
  {
    "name": "Require(34) node_modules/egg/app/extend/helper.js",
    "start": 1572056700690,
    "end": 1572056700691,
    "duration": 1,
    "pid": 8276,
    "index": 42
  },
  {
    "name": "Load app.js",
    "start": 1572056700693,
    "end": 1572056700757,
    "duration": 64,
    "pid": 8276,
    "index": 43
  },
  {
    "name": "Require(35) node_modules/egg-session/app.js",
    "start": 1572056700693,
    "end": 1572056700694,
    "duration": 1,
    "pid": 8276,
    "index": 44
  },
  {
    "name": "Require(36) node_modules/egg-security/app.js",
    "start": 1572056700694,
    "end": 1572056700696,
    "duration": 2,
    "pid": 8276,
    "index": 45
  },
  {
    "name": "Require(37) node_modules/egg-onerror/app.js",
    "start": 1572056700697,
    "end": 1572056700705,
    "duration": 8,
    "pid": 8276,
    "index": 46
  },
  {
    "name": "Require(38) node_modules/egg-i18n/app.js",
    "start": 1572056700706,
    "end": 1572056700725,
    "duration": 19,
    "pid": 8276,
    "index": 47
  },
  {
    "name": "Require(39) node_modules/egg-watcher/app.js",
    "start": 1572056700725,
    "end": 1572056700729,
    "duration": 4,
    "pid": 8276,
    "index": 48
  },
  {
    "name": "Require(40) node_modules/egg-schedule/app.js",
    "start": 1572056700729,
    "end": 1572056700731,
    "duration": 2,
    "pid": 8276,
    "index": 49
  },
  {
    "name": "Require(41) node_modules/egg-multipart/app.js",
    "start": 1572056700731,
    "end": 1572056700734,
    "duration": 3,
    "pid": 8276,
    "index": 50
  },
  {
    "name": "Require(42) node_modules/egg-development/app.js",
    "start": 1572056700734,
    "end": 1572056700734,
    "duration": 0,
    "pid": 8276,
    "index": 51
  },
  {
    "name": "Require(43) node_modules/egg-logrotator/app.js",
    "start": 1572056700735,
    "end": 1572056700735,
    "duration": 0,
    "pid": 8276,
    "index": 52
  },
  {
    "name": "Require(44) node_modules/egg-static/app.js",
    "start": 1572056700736,
    "end": 1572056700736,
    "duration": 0,
    "pid": 8276,
    "index": 53
  },
  {
    "name": "Require(45) node_modules/egg-mysql/app.js",
    "start": 1572056700737,
    "end": 1572056700757,
    "duration": 20,
    "pid": 8276,
    "index": 54
  },
  {
    "name": "Before Start in node_modules/egg-watcher/lib/init.js:15:14",
    "start": 1572056700773,
    "end": 1572056701001,
    "duration": 228,
    "pid": 8276,
    "index": 55
  },
  {
    "name": "Before Start in node_modules/egg-mysql/lib/mysql.js:20:7",
    "start": 1572056700877,
    "end": 1572056701012,
    "duration": 135,
    "pid": 8276,
    "index": 56
  },
  {
    "name": "Load Service",
    "start": 1572056700877,
    "end": 1572056700880,
    "duration": 3,
    "pid": 8276,
    "index": 57
  },
  {
    "name": "Load \"service\" to Context",
    "start": 1572056700877,
    "end": 1572056700880,
    "duration": 3,
    "pid": 8276,
    "index": 58
  },
  {
    "name": "Load Middleware",
    "start": 1572056700880,
    "end": 1572056700961,
    "duration": 81,
    "pid": 8276,
    "index": 59
  },
  {
    "name": "Load \"middlewares\" to Application",
    "start": 1572056700880,
    "end": 1572056700951,
    "duration": 71,
    "pid": 8276,
    "index": 60
  },
  {
    "name": "Load Controller",
    "start": 1572056700961,
    "end": 1572056700967,
    "duration": 6,
    "pid": 8276,
    "index": 61
  },
  {
    "name": "Load \"controller\" to Application",
    "start": 1572056700961,
    "end": 1572056700967,
    "duration": 6,
    "pid": 8276,
    "index": 62
  },
  {
    "name": "Load Router",
    "start": 1572056700967,
    "end": 1572056700969,
    "duration": 2,
    "pid": 8276,
    "index": 63
  },
  {
    "name": "Require(46) app/router.js",
    "start": 1572056700968,
    "end": 1572056700968,
    "duration": 0,
    "pid": 8276,
    "index": 64
  },
  {
    "name": "Before Start in node_modules/egg-core/lib/egg.js:303:10",
    "start": 1572056700968,
    "end": 1572056700982,
    "duration": 14,
    "pid": 8276,
    "index": 65
  }
]