[
  {
    "name": "Application Start",
    "start": 1572057018962,
    "end": 1572057019417,
    "duration": 455,
    "pid": 16952,
    "index": 0
  },
  {
    "name": "Load Plugin",
    "start": 1572057018967,
    "end": 1572057018983,
    "duration": 16,
    "pid": 16952,
    "index": 1
  },
  {
    "name": "Load Config",
    "start": 1572057018983,
    "end": 1572057019005,
    "duration": 22,
    "pid": 16952,
    "index": 2
  },
  {
    "name": "Require(0) config/config.default.js",
    "start": 1572057018984,
    "end": 1572057018984,
    "duration": 0,
    "pid": 16952,
    "index": 3
  },
  {
    "name": "Require(1) node_modules/egg-session/config/config.default.js",
    "start": 1572057018986,
    "end": 1572057018987,
    "duration": 1,
    "pid": 16952,
    "index": 4
  },
  {
    "name": "Require(2) node_modules/egg-security/config/config.default.js",
    "start": 1572057018987,
    "end": 1572057018988,
    "duration": 1,
    "pid": 16952,
    "index": 5
  },
  {
    "name": "Require(3) node_modules/egg-jsonp/config/config.default.js",
    "start": 1572057018988,
    "end": 1572057018989,
    "duration": 1,
    "pid": 16952,
    "index": 6
  },
  {
    "name": "Require(4) node_modules/egg-onerror/config/config.default.js",
    "start": 1572057018989,
    "end": 1572057018989,
    "duration": 0,
    "pid": 16952,
    "index": 7
  },
  {
    "name": "Require(5) node_modules/egg-i18n/config/config.default.js",
    "start": 1572057018990,
    "end": 1572057018990,
    "duration": 0,
    "pid": 16952,
    "index": 8
  },
  {
    "name": "Require(6) node_modules/egg-watcher/config/config.default.js",
    "start": 1572057018991,
    "end": 1572057018991,
    "duration": 0,
    "pid": 16952,
    "index": 9
  },
  {
    "name": "Require(7) node_modules/egg-schedule/config/config.default.js",
    "start": 1572057018992,
    "end": 1572057018992,
    "duration": 0,
    "pid": 16952,
    "index": 10
  },
  {
    "name": "Require(8) node_modules/egg-multipart/config/config.default.js",
    "start": 1572057018992,
    "end": 1572057018993,
    "duration": 1,
    "pid": 16952,
    "index": 11
  },
  {
    "name": "Require(9) node_modules/egg-development/config/config.default.js",
    "start": 1572057018993,
    "end": 1572057018994,
    "duration": 1,
    "pid": 16952,
    "index": 12
  },
  {
    "name": "Require(10) node_modules/egg-logrotator/config/config.default.js",
    "start": 1572057018994,
    "end": 1572057018997,
    "duration": 3,
    "pid": 16952,
    "index": 13
  },
  {
    "name": "Require(11) node_modules/egg-static/config/config.default.js",
    "start": 1572057018997,
    "end": 1572057018998,
    "duration": 1,
    "pid": 16952,
    "index": 14
  },
  {
    "name": "Require(12) node_modules/egg-view/config/config.default.js",
    "start": 1572057018998,
    "end": 1572057018999,
    "duration": 1,
    "pid": 16952,
    "index": 15
  },
  {
    "name": "Require(13) node_modules/egg-mysql/config/config.default.js",
    "start": 1572057018999,
    "end": 1572057019000,
    "duration": 1,
    "pid": 16952,
    "index": 16
  },
  {
    "name": "Require(14) node_modules/egg/config/config.default.js",
    "start": 1572057019000,
    "end": 1572057019000,
    "duration": 0,
    "pid": 16952,
    "index": 17
  },
  {
    "name": "Require(15) config/config.default.js",
    "start": 1572057019001,
    "end": 1572057019001,
    "duration": 0,
    "pid": 16952,
    "index": 18
  },
  {
    "name": "Require(16) node_modules/egg-security/config/config.local.js",
    "start": 1572057019002,
    "end": 1572057019002,
    "duration": 0,
    "pid": 16952,
    "index": 19
  },
  {
    "name": "Require(17) node_modules/egg-watcher/config/config.local.js",
    "start": 1572057019003,
    "end": 1572057019003,
    "duration": 0,
    "pid": 16952,
    "index": 20
  },
  {
    "name": "Require(18) node_modules/egg-view/config/config.local.js",
    "start": 1572057019004,
    "end": 1572057019004,
    "duration": 0,
    "pid": 16952,
    "index": 21
  },
  {
    "name": "Require(19) node_modules/egg/config/config.local.js",
    "start": 1572057019005,
    "end": 1572057019005,
    "duration": 0,
    "pid": 16952,
    "index": 22
  },
  {
    "name": "Load extend/application.js",
    "start": 1572057019006,
    "end": 1572057019017,
    "duration": 11,
    "pid": 16952,
    "index": 23
  },
  {
    "name": "Require(20) node_modules/egg-session/app/extend/application.js",
    "start": 1572057019007,
    "end": 1572057019007,
    "duration": 0,
    "pid": 16952,
    "index": 24
  },
  {
    "name": "Require(21) node_modules/egg-security/app/extend/application.js",
    "start": 1572057019007,
    "end": 1572057019008,
    "duration": 1,
    "pid": 16952,
    "index": 25
  },
  {
    "name": "Require(22) node_modules/egg-jsonp/app/extend/application.js",
    "start": 1572057019009,
    "end": 1572057019010,
    "duration": 1,
    "pid": 16952,
    "index": 26
  },
  {
    "name": "Require(23) node_modules/egg-logrotator/app/extend/application.js",
    "start": 1572057019011,
    "end": 1572057019012,
    "duration": 1,
    "pid": 16952,
    "index": 27
  },
  {
    "name": "Require(24) node_modules/egg-view/app/extend/application.js",
    "start": 1572057019013,
    "end": 1572057019014,
    "duration": 1,
    "pid": 16952,
    "index": 28
  },
  {
    "name": "Load extend/request.js",
    "start": 1572057019017,
    "end": 1572057019020,
    "duration": 3,
    "pid": 16952,
    "index": 29
  },
  {
    "name": "Require(25) node_modules/egg/app/extend/request.js",
    "start": 1572057019018,
    "end": 1572057019019,
    "duration": 1,
    "pid": 16952,
    "index": 30
  },
  {
    "name": "Load extend/response.js",
    "start": 1572057019020,
    "end": 1572057019025,
    "duration": 5,
    "pid": 16952,
    "index": 31
  },
  {
    "name": "Require(26) node_modules/egg/app/extend/response.js",
    "start": 1572057019022,
    "end": 1572057019023,
    "duration": 1,
    "pid": 16952,
    "index": 32
  },
  {
    "name": "Load extend/context.js",
    "start": 1572057019025,
    "end": 1572057019097,
    "duration": 72,
    "pid": 16952,
    "index": 33
  },
  {
    "name": "Require(27) node_modules/egg-security/app/extend/context.js",
    "start": 1572057019025,
    "end": 1572057019036,
    "duration": 11,
    "pid": 16952,
    "index": 34
  },
  {
    "name": "Require(28) node_modules/egg-jsonp/app/extend/context.js",
    "start": 1572057019036,
    "end": 1572057019038,
    "duration": 2,
    "pid": 16952,
    "index": 35
  },
  {
    "name": "Require(29) node_modules/egg-i18n/app/extend/context.js",
    "start": 1572057019038,
    "end": 1572057019039,
    "duration": 1,
    "pid": 16952,
    "index": 36
  },
  {
    "name": "Require(30) node_modules/egg-multipart/app/extend/context.js",
    "start": 1572057019039,
    "end": 1572057019091,
    "duration": 52,
    "pid": 16952,
    "index": 37
  },
  {
    "name": "Require(31) node_modules/egg-view/app/extend/context.js",
    "start": 1572057019092,
    "end": 1572057019093,
    "duration": 1,
    "pid": 16952,
    "index": 38
  },
  {
    "name": "Require(32) node_modules/egg/app/extend/context.js",
    "start": 1572057019093,
    "end": 1572057019096,
    "duration": 3,
    "pid": 16952,
    "index": 39
  },
  {
    "name": "Load extend/helper.js",
    "start": 1572057019097,
    "end": 1572057019117,
    "duration": 20,
    "pid": 16952,
    "index": 40
  },
  {
    "name": "Require(33) node_modules/egg-security/app/extend/helper.js",
    "start": 1572057019098,
    "end": 1572057019113,
    "duration": 15,
    "pid": 16952,
    "index": 41
  },
  {
    "name": "Require(34) node_modules/egg/app/extend/helper.js",
    "start": 1572057019115,
    "end": 1572057019115,
    "duration": 0,
    "pid": 16952,
    "index": 42
  },
  {
    "name": "Load app.js",
    "start": 1572057019117,
    "end": 1572057019167,
    "duration": 50,
    "pid": 16952,
    "index": 43
  },
  {
    "name": "Require(35) node_modules/egg-session/app.js",
    "start": 1572057019118,
    "end": 1572057019118,
    "duration": 0,
    "pid": 16952,
    "index": 44
  },
  {
    "name": "Require(36) node_modules/egg-security/app.js",
    "start": 1572057019119,
    "end": 1572057019120,
    "duration": 1,
    "pid": 16952,
    "index": 45
  },
  {
    "name": "Require(37) node_modules/egg-onerror/app.js",
    "start": 1572057019120,
    "end": 1572057019128,
    "duration": 8,
    "pid": 16952,
    "index": 46
  },
  {
    "name": "Require(38) node_modules/egg-i18n/app.js",
    "start": 1572057019129,
    "end": 1572057019142,
    "duration": 13,
    "pid": 16952,
    "index": 47
  },
  {
    "name": "Require(39) node_modules/egg-watcher/app.js",
    "start": 1572057019142,
    "end": 1572057019145,
    "duration": 3,
    "pid": 16952,
    "index": 48
  },
  {
    "name": "Require(40) node_modules/egg-schedule/app.js",
    "start": 1572057019146,
    "end": 1572057019147,
    "duration": 1,
    "pid": 16952,
    "index": 49
  },
  {
    "name": "Require(41) node_modules/egg-multipart/app.js",
    "start": 1572057019147,
    "end": 1572057019149,
    "duration": 2,
    "pid": 16952,
    "index": 50
  },
  {
    "name": "Require(42) node_modules/egg-development/app.js",
    "start": 1572057019150,
    "end": 1572057019150,
    "duration": 0,
    "pid": 16952,
    "index": 51
  },
  {
    "name": "Require(43) node_modules/egg-logrotator/app.js",
    "start": 1572057019150,
    "end": 1572057019151,
    "duration": 1,
    "pid": 16952,
    "index": 52
  },
  {
    "name": "Require(44) node_modules/egg-static/app.js",
    "start": 1572057019151,
    "end": 1572057019151,
    "duration": 0,
    "pid": 16952,
    "index": 53
  },
  {
    "name": "Require(45) node_modules/egg-mysql/app.js",
    "start": 1572057019152,
    "end": 1572057019167,
    "duration": 15,
    "pid": 16952,
    "index": 54
  },
  {
    "name": "Before Start in node_modules/egg-watcher/lib/init.js:15:14",
    "start": 1572057019180,
    "end": 1572057019413,
    "duration": 233,
    "pid": 16952,
    "index": 55
  },
  {
    "name": "Before Start in node_modules/egg-mysql/lib/mysql.js:20:7",
    "start": 1572057019277,
    "end": 1572057019416,
    "duration": 139,
    "pid": 16952,
    "index": 56
  },
  {
    "name": "Load Service",
    "start": 1572057019277,
    "end": 1572057019280,
    "duration": 3,
    "pid": 16952,
    "index": 57
  },
  {
    "name": "Load \"service\" to Context",
    "start": 1572057019277,
    "end": 1572057019280,
    "duration": 3,
    "pid": 16952,
    "index": 58
  },
  {
    "name": "Load Middleware",
    "start": 1572057019280,
    "end": 1572057019367,
    "duration": 87,
    "pid": 16952,
    "index": 59
  },
  {
    "name": "Load \"middlewares\" to Application",
    "start": 1572057019280,
    "end": 1572057019358,
    "duration": 78,
    "pid": 16952,
    "index": 60
  },
  {
    "name": "Load Controller",
    "start": 1572057019367,
    "end": 1572057019374,
    "duration": 7,
    "pid": 16952,
    "index": 61
  },
  {
    "name": "Load \"controller\" to Application",
    "start": 1572057019368,
    "end": 1572057019374,
    "duration": 6,
    "pid": 16952,
    "index": 62
  },
  {
    "name": "Load Router",
    "start": 1572057019374,
    "end": 1572057019376,
    "duration": 2,
    "pid": 16952,
    "index": 63
  },
  {
    "name": "Require(46) app/router.js",
    "start": 1572057019374,
    "end": 1572057019374,
    "duration": 0,
    "pid": 16952,
    "index": 64
  },
  {
    "name": "Before Start in node_modules/egg-core/lib/egg.js:303:10",
    "start": 1572057019375,
    "end": 1572057019389,
    "duration": 14,
    "pid": 16952,
    "index": 65
  }
]