[
  {
    "name": "Application Start",
    "start": 1572056343925,
    "end": 1572056344367,
    "duration": 442,
    "pid": 7880,
    "index": 0
  },
  {
    "name": "Load Plugin",
    "start": 1572056343930,
    "end": 1572056343946,
    "duration": 16,
    "pid": 7880,
    "index": 1
  },
  {
    "name": "Load Config",
    "start": 1572056343947,
    "end": 1572056343969,
    "duration": 22,
    "pid": 7880,
    "index": 2
  },
  {
    "name": "Require(0) config/config.default.js",
    "start": 1572056343947,
    "end": 1572056343948,
    "duration": 1,
    "pid": 7880,
    "index": 3
  },
  {
    "name": "Require(1) node_modules/egg-session/config/config.default.js",
    "start": 1572056343949,
    "end": 1572056343949,
    "duration": 0,
    "pid": 7880,
    "index": 4
  },
  {
    "name": "Require(2) node_modules/egg-security/config/config.default.js",
    "start": 1572056343950,
    "end": 1572056343950,
    "duration": 0,
    "pid": 7880,
    "index": 5
  },
  {
    "name": "Require(3) node_modules/egg-jsonp/config/config.default.js",
    "start": 1572056343951,
    "end": 1572056343951,
    "duration": 0,
    "pid": 7880,
    "index": 6
  },
  {
    "name": "Require(4) node_modules/egg-onerror/config/config.default.js",
    "start": 1572056343952,
    "end": 1572056343952,
    "duration": 0,
    "pid": 7880,
    "index": 7
  },
  {
    "name": "Require(5) node_modules/egg-i18n/config/config.default.js",
    "start": 1572056343952,
    "end": 1572056343953,
    "duration": 1,
    "pid": 7880,
    "index": 8
  },
  {
    "name": "Require(6) node_modules/egg-watcher/config/config.default.js",
    "start": 1572056343953,
    "end": 1572056343954,
    "duration": 1,
    "pid": 7880,
    "index": 9
  },
  {
    "name": "Require(7) node_modules/egg-schedule/config/config.default.js",
    "start": 1572056343954,
    "end": 1572056343954,
    "duration": 0,
    "pid": 7880,
    "index": 10
  },
  {
    "name": "Require(8) node_modules/egg-multipart/config/config.default.js",
    "start": 1572056343955,
    "end": 1572056343955,
    "duration": 0,
    "pid": 7880,
    "index": 11
  },
  {
    "name": "Require(9) node_modules/egg-development/config/config.default.js",
    "start": 1572056343956,
    "end": 1572056343956,
    "duration": 0,
    "pid": 7880,
    "index": 12
  },
  {
    "name": "Require(10) node_modules/egg-logrotator/config/config.default.js",
    "start": 1572056343957,
    "end": 1572056343960,
    "duration": 3,
    "pid": 7880,
    "index": 13
  },
  {
    "name": "Require(11) node_modules/egg-static/config/config.default.js",
    "start": 1572056343961,
    "end": 1572056343961,
    "duration": 0,
    "pid": 7880,
    "index": 14
  },
  {
    "name": "Require(12) node_modules/egg-view/config/config.default.js",
    "start": 1572056343962,
    "end": 1572056343962,
    "duration": 0,
    "pid": 7880,
    "index": 15
  },
  {
    "name": "Require(13) node_modules/egg-mysql/config/config.default.js",
    "start": 1572056343963,
    "end": 1572056343964,
    "duration": 1,
    "pid": 7880,
    "index": 16
  },
  {
    "name": "Require(14) node_modules/egg/config/config.default.js",
    "start": 1572056343964,
    "end": 1572056343964,
    "duration": 0,
    "pid": 7880,
    "index": 17
  },
  {
    "name": "Require(15) config/config.default.js",
    "start": 1572056343966,
    "end": 1572056343966,
    "duration": 0,
    "pid": 7880,
    "index": 18
  },
  {
    "name": "Require(16) node_modules/egg-security/config/config.local.js",
    "start": 1572056343966,
    "end": 1572056343966,
    "duration": 0,
    "pid": 7880,
    "index": 19
  },
  {
    "name": "Require(17) node_modules/egg-watcher/config/config.local.js",
    "start": 1572056343967,
    "end": 1572056343967,
    "duration": 0,
    "pid": 7880,
    "index": 20
  },
  {
    "name": "Require(18) node_modules/egg-view/config/config.local.js",
    "start": 1572056343968,
    "end": 1572056343968,
    "duration": 0,
    "pid": 7880,
    "index": 21
  },
  {
    "name": "Require(19) node_modules/egg/config/config.local.js",
    "start": 1572056343969,
    "end": 1572056343969,
    "duration": 0,
    "pid": 7880,
    "index": 22
  },
  {
    "name": "Load extend/application.js",
    "start": 1572056343970,
    "end": 1572056343981,
    "duration": 11,
    "pid": 7880,
    "index": 23
  },
  {
    "name": "Require(20) node_modules/egg-session/app/extend/application.js",
    "start": 1572056343971,
    "end": 1572056343971,
    "duration": 0,
    "pid": 7880,
    "index": 24
  },
  {
    "name": "Require(21) node_modules/egg-security/app/extend/application.js",
    "start": 1572056343972,
    "end": 1572056343973,
    "duration": 1,
    "pid": 7880,
    "index": 25
  },
  {
    "name": "Require(22) node_modules/egg-jsonp/app/extend/application.js",
    "start": 1572056343974,
    "end": 1572056343975,
    "duration": 1,
    "pid": 7880,
    "index": 26
  },
  {
    "name": "Require(23) node_modules/egg-logrotator/app/extend/application.js",
    "start": 1572056343976,
    "end": 1572056343977,
    "duration": 1,
    "pid": 7880,
    "index": 27
  },
  {
    "name": "Require(24) node_modules/egg-view/app/extend/application.js",
    "start": 1572056343978,
    "end": 1572056343980,
    "duration": 2,
    "pid": 7880,
    "index": 28
  },
  {
    "name": "Load extend/request.js",
    "start": 1572056343982,
    "end": 1572056343985,
    "duration": 3,
    "pid": 7880,
    "index": 29
  },
  {
    "name": "Require(25) node_modules/egg/app/extend/request.js",
    "start": 1572056343983,
    "end": 1572056343984,
    "duration": 1,
    "pid": 7880,
    "index": 30
  },
  {
    "name": "Load extend/response.js",
    "start": 1572056343985,
    "end": 1572056343990,
    "duration": 5,
    "pid": 7880,
    "index": 31
  },
  {
    "name": "Require(26) node_modules/egg/app/extend/response.js",
    "start": 1572056343986,
    "end": 1572056343988,
    "duration": 2,
    "pid": 7880,
    "index": 32
  },
  {
    "name": "Load extend/context.js",
    "start": 1572056343990,
    "end": 1572056344050,
    "duration": 60,
    "pid": 7880,
    "index": 33
  },
  {
    "name": "Require(27) node_modules/egg-security/app/extend/context.js",
    "start": 1572056343990,
    "end": 1572056344000,
    "duration": 10,
    "pid": 7880,
    "index": 34
  },
  {
    "name": "Require(28) node_modules/egg-jsonp/app/extend/context.js",
    "start": 1572056344000,
    "end": 1572056344001,
    "duration": 1,
    "pid": 7880,
    "index": 35
  },
  {
    "name": "Require(29) node_modules/egg-i18n/app/extend/context.js",
    "start": 1572056344002,
    "end": 1572056344002,
    "duration": 0,
    "pid": 7880,
    "index": 36
  },
  {
    "name": "Require(30) node_modules/egg-multipart/app/extend/context.js",
    "start": 1572056344003,
    "end": 1572056344046,
    "duration": 43,
    "pid": 7880,
    "index": 37
  },
  {
    "name": "Require(31) node_modules/egg-view/app/extend/context.js",
    "start": 1572056344047,
    "end": 1572056344048,
    "duration": 1,
    "pid": 7880,
    "index": 38
  },
  {
    "name": "Require(32) node_modules/egg/app/extend/context.js",
    "start": 1572056344048,
    "end": 1572056344049,
    "duration": 1,
    "pid": 7880,
    "index": 39
  },
  {
    "name": "Load extend/helper.js",
    "start": 1572056344051,
    "end": 1572056344069,
    "duration": 18,
    "pid": 7880,
    "index": 40
  },
  {
    "name": "Require(33) node_modules/egg-security/app/extend/helper.js",
    "start": 1572056344051,
    "end": 1572056344067,
    "duration": 16,
    "pid": 7880,
    "index": 41
  },
  {
    "name": "Require(34) node_modules/egg/app/extend/helper.js",
    "start": 1572056344068,
    "end": 1572056344068,
    "duration": 0,
    "pid": 7880,
    "index": 42
  },
  {
    "name": "Load app.js",
    "start": 1572056344069,
    "end": 1572056344122,
    "duration": 53,
    "pid": 7880,
    "index": 43
  },
  {
    "name": "Require(35) node_modules/egg-session/app.js",
    "start": 1572056344070,
    "end": 1572056344070,
    "duration": 0,
    "pid": 7880,
    "index": 44
  },
  {
    "name": "Require(36) node_modules/egg-security/app.js",
    "start": 1572056344070,
    "end": 1572056344072,
    "duration": 2,
    "pid": 7880,
    "index": 45
  },
  {
    "name": "Require(37) node_modules/egg-onerror/app.js",
    "start": 1572056344073,
    "end": 1572056344080,
    "duration": 7,
    "pid": 7880,
    "index": 46
  },
  {
    "name": "Require(38) node_modules/egg-i18n/app.js",
    "start": 1572056344080,
    "end": 1572056344095,
    "duration": 15,
    "pid": 7880,
    "index": 47
  },
  {
    "name": "Require(39) node_modules/egg-watcher/app.js",
    "start": 1572056344095,
    "end": 1572056344098,
    "duration": 3,
    "pid": 7880,
    "index": 48
  },
  {
    "name": "Require(40) node_modules/egg-schedule/app.js",
    "start": 1572056344099,
    "end": 1572056344100,
    "duration": 1,
    "pid": 7880,
    "index": 49
  },
  {
    "name": "Require(41) node_modules/egg-multipart/app.js",
    "start": 1572056344100,
    "end": 1572056344102,
    "duration": 2,
    "pid": 7880,
    "index": 50
  },
  {
    "name": "Require(42) node_modules/egg-development/app.js",
    "start": 1572056344102,
    "end": 1572056344103,
    "duration": 1,
    "pid": 7880,
    "index": 51
  },
  {
    "name": "Require(43) node_modules/egg-logrotator/app.js",
    "start": 1572056344103,
    "end": 1572056344103,
    "duration": 0,
    "pid": 7880,
    "index": 52
  },
  {
    "name": "Require(44) node_modules/egg-static/app.js",
    "start": 1572056344104,
    "end": 1572056344104,
    "duration": 0,
    "pid": 7880,
    "index": 53
  },
  {
    "name": "Require(45) node_modules/egg-mysql/app.js",
    "start": 1572056344104,
    "end": 1572056344121,
    "duration": 17,
    "pid": 7880,
    "index": 54
  },
  {
    "name": "Before Start in node_modules/egg-watcher/lib/init.js:15:14",
    "start": 1572056344135,
    "end": 1572056344363,
    "duration": 228,
    "pid": 7880,
    "index": 55
  },
  {
    "name": "Before Start in node_modules/egg-mysql/lib/mysql.js:20:7",
    "start": 1572056344236,
    "end": 1572056344366,
    "duration": 130,
    "pid": 7880,
    "index": 56
  },
  {
    "name": "Load Service",
    "start": 1572056344237,
    "end": 1572056344240,
    "duration": 3,
    "pid": 7880,
    "index": 57
  },
  {
    "name": "Load \"service\" to Context",
    "start": 1572056344237,
    "end": 1572056344240,
    "duration": 3,
    "pid": 7880,
    "index": 58
  },
  {
    "name": "Load Middleware",
    "start": 1572056344240,
    "end": 1572056344319,
    "duration": 79,
    "pid": 7880,
    "index": 59
  },
  {
    "name": "Load \"middlewares\" to Application",
    "start": 1572056344240,
    "end": 1572056344311,
    "duration": 71,
    "pid": 7880,
    "index": 60
  },
  {
    "name": "Load Controller",
    "start": 1572056344319,
    "end": 1572056344326,
    "duration": 7,
    "pid": 7880,
    "index": 61
  },
  {
    "name": "Load \"controller\" to Application",
    "start": 1572056344319,
    "end": 1572056344326,
    "duration": 7,
    "pid": 7880,
    "index": 62
  },
  {
    "name": "Load Router",
    "start": 1572056344326,
    "end": 1572056344328,
    "duration": 2,
    "pid": 7880,
    "index": 63
  },
  {
    "name": "Require(46) app/router.js",
    "start": 1572056344326,
    "end": 1572056344326,
    "duration": 0,
    "pid": 7880,
    "index": 64
  },
  {
    "name": "Before Start in node_modules/egg-core/lib/egg.js:303:10",
    "start": 1572056344327,
    "end": 1572056344341,
    "duration": 14,
    "pid": 7880,
    "index": 65
  }
]