[
  {
    "name": "Application Start",
    "start": 1572057075617,
    "end": 1572057076104,
    "duration": 487,
    "pid": 16792,
    "index": 0
  },
  {
    "name": "Load Plugin",
    "start": 1572057075621,
    "end": 1572057075637,
    "duration": 16,
    "pid": 16792,
    "index": 1
  },
  {
    "name": "Load Config",
    "start": 1572057075637,
    "end": 1572057075660,
    "duration": 23,
    "pid": 16792,
    "index": 2
  },
  {
    "name": "Require(0) config/config.default.js",
    "start": 1572057075638,
    "end": 1572057075638,
    "duration": 0,
    "pid": 16792,
    "index": 3
  },
  {
    "name": "Require(1) node_modules/egg-session/config/config.default.js",
    "start": 1572057075640,
    "end": 1572057075640,
    "duration": 0,
    "pid": 16792,
    "index": 4
  },
  {
    "name": "Require(2) node_modules/egg-security/config/config.default.js",
    "start": 1572057075640,
    "end": 1572057075641,
    "duration": 1,
    "pid": 16792,
    "index": 5
  },
  {
    "name": "Require(3) node_modules/egg-jsonp/config/config.default.js",
    "start": 1572057075641,
    "end": 1572057075642,
    "duration": 1,
    "pid": 16792,
    "index": 6
  },
  {
    "name": "Require(4) node_modules/egg-onerror/config/config.default.js",
    "start": 1572057075642,
    "end": 1572057075643,
    "duration": 1,
    "pid": 16792,
    "index": 7
  },
  {
    "name": "Require(5) node_modules/egg-i18n/config/config.default.js",
    "start": 1572057075643,
    "end": 1572057075644,
    "duration": 1,
    "pid": 16792,
    "index": 8
  },
  {
    "name": "Require(6) node_modules/egg-watcher/config/config.default.js",
    "start": 1572057075644,
    "end": 1572057075645,
    "duration": 1,
    "pid": 16792,
    "index": 9
  },
  {
    "name": "Require(7) node_modules/egg-schedule/config/config.default.js",
    "start": 1572057075646,
    "end": 1572057075646,
    "duration": 0,
    "pid": 16792,
    "index": 10
  },
  {
    "name": "Require(8) node_modules/egg-multipart/config/config.default.js",
    "start": 1572057075647,
    "end": 1572057075647,
    "duration": 0,
    "pid": 16792,
    "index": 11
  },
  {
    "name": "Require(9) node_modules/egg-development/config/config.default.js",
    "start": 1572057075648,
    "end": 1572057075649,
    "duration": 1,
    "pid": 16792,
    "index": 12
  },
  {
    "name": "Require(10) node_modules/egg-logrotator/config/config.default.js",
    "start": 1572057075650,
    "end": 1572057075652,
    "duration": 2,
    "pid": 16792,
    "index": 13
  },
  {
    "name": "Require(11) node_modules/egg-static/config/config.default.js",
    "start": 1572057075653,
    "end": 1572057075653,
    "duration": 0,
    "pid": 16792,
    "index": 14
  },
  {
    "name": "Require(12) node_modules/egg-view/config/config.default.js",
    "start": 1572057075654,
    "end": 1572057075654,
    "duration": 0,
    "pid": 16792,
    "index": 15
  },
  {
    "name": "Require(13) node_modules/egg-mysql/config/config.default.js",
    "start": 1572057075654,
    "end": 1572057075655,
    "duration": 1,
    "pid": 16792,
    "index": 16
  },
  {
    "name": "Require(14) node_modules/egg/config/config.default.js",
    "start": 1572057075655,
    "end": 1572057075656,
    "duration": 1,
    "pid": 16792,
    "index": 17
  },
  {
    "name": "Require(15) config/config.default.js",
    "start": 1572057075656,
    "end": 1572057075657,
    "duration": 1,
    "pid": 16792,
    "index": 18
  },
  {
    "name": "Require(16) node_modules/egg-security/config/config.local.js",
    "start": 1572057075657,
    "end": 1572057075657,
    "duration": 0,
    "pid": 16792,
    "index": 19
  },
  {
    "name": "Require(17) node_modules/egg-watcher/config/config.local.js",
    "start": 1572057075658,
    "end": 1572057075658,
    "duration": 0,
    "pid": 16792,
    "index": 20
  },
  {
    "name": "Require(18) node_modules/egg-view/config/config.local.js",
    "start": 1572057075659,
    "end": 1572057075659,
    "duration": 0,
    "pid": 16792,
    "index": 21
  },
  {
    "name": "Require(19) node_modules/egg/config/config.local.js",
    "start": 1572057075660,
    "end": 1572057075660,
    "duration": 0,
    "pid": 16792,
    "index": 22
  },
  {
    "name": "Load extend/application.js",
    "start": 1572057075662,
    "end": 1572057075673,
    "duration": 11,
    "pid": 16792,
    "index": 23
  },
  {
    "name": "Require(20) node_modules/egg-session/app/extend/application.js",
    "start": 1572057075663,
    "end": 1572057075664,
    "duration": 1,
    "pid": 16792,
    "index": 24
  },
  {
    "name": "Require(21) node_modules/egg-security/app/extend/application.js",
    "start": 1572057075664,
    "end": 1572057075665,
    "duration": 1,
    "pid": 16792,
    "index": 25
  },
  {
    "name": "Require(22) node_modules/egg-jsonp/app/extend/application.js",
    "start": 1572057075666,
    "end": 1572057075667,
    "duration": 1,
    "pid": 16792,
    "index": 26
  },
  {
    "name": "Require(23) node_modules/egg-logrotator/app/extend/application.js",
    "start": 1572057075668,
    "end": 1572057075669,
    "duration": 1,
    "pid": 16792,
    "index": 27
  },
  {
    "name": "Require(24) node_modules/egg-view/app/extend/application.js",
    "start": 1572057075670,
    "end": 1572057075671,
    "duration": 1,
    "pid": 16792,
    "index": 28
  },
  {
    "name": "Load extend/request.js",
    "start": 1572057075673,
    "end": 1572057075677,
    "duration": 4,
    "pid": 16792,
    "index": 29
  },
  {
    "name": "Require(25) node_modules/egg/app/extend/request.js",
    "start": 1572057075674,
    "end": 1572057075675,
    "duration": 1,
    "pid": 16792,
    "index": 30
  },
  {
    "name": "Load extend/response.js",
    "start": 1572057075677,
    "end": 1572057075683,
    "duration": 6,
    "pid": 16792,
    "index": 31
  },
  {
    "name": "Require(26) node_modules/egg/app/extend/response.js",
    "start": 1572057075678,
    "end": 1572057075679,
    "duration": 1,
    "pid": 16792,
    "index": 32
  },
  {
    "name": "Load extend/context.js",
    "start": 1572057075683,
    "end": 1572057075753,
    "duration": 70,
    "pid": 16792,
    "index": 33
  },
  {
    "name": "Require(27) node_modules/egg-security/app/extend/context.js",
    "start": 1572057075683,
    "end": 1572057075692,
    "duration": 9,
    "pid": 16792,
    "index": 34
  },
  {
    "name": "Require(28) node_modules/egg-jsonp/app/extend/context.js",
    "start": 1572057075693,
    "end": 1572057075695,
    "duration": 2,
    "pid": 16792,
    "index": 35
  },
  {
    "name": "Require(29) node_modules/egg-i18n/app/extend/context.js",
    "start": 1572057075696,
    "end": 1572057075696,
    "duration": 0,
    "pid": 16792,
    "index": 36
  },
  {
    "name": "Require(30) node_modules/egg-multipart/app/extend/context.js",
    "start": 1572057075697,
    "end": 1572057075746,
    "duration": 49,
    "pid": 16792,
    "index": 37
  },
  {
    "name": "Require(31) node_modules/egg-view/app/extend/context.js",
    "start": 1572057075747,
    "end": 1572057075749,
    "duration": 2,
    "pid": 16792,
    "index": 38
  },
  {
    "name": "Require(32) node_modules/egg/app/extend/context.js",
    "start": 1572057075750,
    "end": 1572057075752,
    "duration": 2,
    "pid": 16792,
    "index": 39
  },
  {
    "name": "Load extend/helper.js",
    "start": 1572057075754,
    "end": 1572057075777,
    "duration": 23,
    "pid": 16792,
    "index": 40
  },
  {
    "name": "Require(33) node_modules/egg-security/app/extend/helper.js",
    "start": 1572057075754,
    "end": 1572057075773,
    "duration": 19,
    "pid": 16792,
    "index": 41
  },
  {
    "name": "Require(34) node_modules/egg/app/extend/helper.js",
    "start": 1572057075775,
    "end": 1572057075775,
    "duration": 0,
    "pid": 16792,
    "index": 42
  },
  {
    "name": "Load app.js",
    "start": 1572057075778,
    "end": 1572057075844,
    "duration": 66,
    "pid": 16792,
    "index": 43
  },
  {
    "name": "Require(35) node_modules/egg-session/app.js",
    "start": 1572057075778,
    "end": 1572057075779,
    "duration": 1,
    "pid": 16792,
    "index": 44
  },
  {
    "name": "Require(36) node_modules/egg-security/app.js",
    "start": 1572057075779,
    "end": 1572057075782,
    "duration": 3,
    "pid": 16792,
    "index": 45
  },
  {
    "name": "Require(37) node_modules/egg-onerror/app.js",
    "start": 1572057075782,
    "end": 1572057075794,
    "duration": 12,
    "pid": 16792,
    "index": 46
  },
  {
    "name": "Require(38) node_modules/egg-i18n/app.js",
    "start": 1572057075794,
    "end": 1572057075811,
    "duration": 17,
    "pid": 16792,
    "index": 47
  },
  {
    "name": "Require(39) node_modules/egg-watcher/app.js",
    "start": 1572057075811,
    "end": 1572057075816,
    "duration": 5,
    "pid": 16792,
    "index": 48
  },
  {
    "name": "Require(40) node_modules/egg-schedule/app.js",
    "start": 1572057075817,
    "end": 1572057075819,
    "duration": 2,
    "pid": 16792,
    "index": 49
  },
  {
    "name": "Require(41) node_modules/egg-multipart/app.js",
    "start": 1572057075820,
    "end": 1572057075822,
    "duration": 2,
    "pid": 16792,
    "index": 50
  },
  {
    "name": "Require(42) node_modules/egg-development/app.js",
    "start": 1572057075823,
    "end": 1572057075823,
    "duration": 0,
    "pid": 16792,
    "index": 51
  },
  {
    "name": "Require(43) node_modules/egg-logrotator/app.js",
    "start": 1572057075823,
    "end": 1572057075824,
    "duration": 1,
    "pid": 16792,
    "index": 52
  },
  {
    "name": "Require(44) node_modules/egg-static/app.js",
    "start": 1572057075824,
    "end": 1572057075824,
    "duration": 0,
    "pid": 16792,
    "index": 53
  },
  {
    "name": "Require(45) node_modules/egg-mysql/app.js",
    "start": 1572057075825,
    "end": 1572057075843,
    "duration": 18,
    "pid": 16792,
    "index": 54
  },
  {
    "name": "Before Start in node_modules/egg-watcher/lib/init.js:15:14",
    "start": 1572057075860,
    "end": 1572057076092,
    "duration": 232,
    "pid": 16792,
    "index": 55
  },
  {
    "name": "Before Start in node_modules/egg-mysql/lib/mysql.js:20:7",
    "start": 1572057075967,
    "end": 1572057076103,
    "duration": 136,
    "pid": 16792,
    "index": 56
  },
  {
    "name": "Load Service",
    "start": 1572057075967,
    "end": 1572057075970,
    "duration": 3,
    "pid": 16792,
    "index": 57
  },
  {
    "name": "Load \"service\" to Context",
    "start": 1572057075968,
    "end": 1572057075970,
    "duration": 2,
    "pid": 16792,
    "index": 58
  },
  {
    "name": "Load Middleware",
    "start": 1572057075970,
    "end": 1572057076052,
    "duration": 82,
    "pid": 16792,
    "index": 59
  },
  {
    "name": "Load \"middlewares\" to Application",
    "start": 1572057075970,
    "end": 1572057076044,
    "duration": 74,
    "pid": 16792,
    "index": 60
  },
  {
    "name": "Load Controller",
    "start": 1572057076052,
    "end": 1572057076058,
    "duration": 6,
    "pid": 16792,
    "index": 61
  },
  {
    "name": "Load \"controller\" to Application",
    "start": 1572057076052,
    "end": 1572057076058,
    "duration": 6,
    "pid": 16792,
    "index": 62
  },
  {
    "name": "Load Router",
    "start": 1572057076058,
    "end": 1572057076060,
    "duration": 2,
    "pid": 16792,
    "index": 63
  },
  {
    "name": "Require(46) app/router.js",
    "start": 1572057076058,
    "end": 1572057076058,
    "duration": 0,
    "pid": 16792,
    "index": 64
  },
  {
    "name": "Before Start in node_modules/egg-core/lib/egg.js:303:10",
    "start": 1572057076059,
    "end": 1572057076073,
    "duration": 14,
    "pid": 16792,
    "index": 65
  }
]