[
  {
    "name": "Application Start",
    "start": 1572056821569,
    "end": 1572056822115,
    "duration": 546,
    "pid": 19924,
    "index": 0
  },
  {
    "name": "Load Plugin",
    "start": 1572056821574,
    "end": 1572056821588,
    "duration": 14,
    "pid": 19924,
    "index": 1
  },
  {
    "name": "Load Config",
    "start": 1572056821588,
    "end": 1572056821610,
    "duration": 22,
    "pid": 19924,
    "index": 2
  },
  {
    "name": "Require(0) config/config.default.js",
    "start": 1572056821589,
    "end": 1572056821589,
    "duration": 0,
    "pid": 19924,
    "index": 3
  },
  {
    "name": "Require(1) node_modules/egg-session/config/config.default.js",
    "start": 1572056821590,
    "end": 1572056821590,
    "duration": 0,
    "pid": 19924,
    "index": 4
  },
  {
    "name": "Require(2) node_modules/egg-security/config/config.default.js",
    "start": 1572056821591,
    "end": 1572056821591,
    "duration": 0,
    "pid": 19924,
    "index": 5
  },
  {
    "name": "Require(3) node_modules/egg-jsonp/config/config.default.js",
    "start": 1572056821592,
    "end": 1572056821592,
    "duration": 0,
    "pid": 19924,
    "index": 6
  },
  {
    "name": "Require(4) node_modules/egg-onerror/config/config.default.js",
    "start": 1572056821592,
    "end": 1572056821593,
    "duration": 1,
    "pid": 19924,
    "index": 7
  },
  {
    "name": "Require(5) node_modules/egg-i18n/config/config.default.js",
    "start": 1572056821593,
    "end": 1572056821593,
    "duration": 0,
    "pid": 19924,
    "index": 8
  },
  {
    "name": "Require(6) node_modules/egg-watcher/config/config.default.js",
    "start": 1572056821594,
    "end": 1572056821594,
    "duration": 0,
    "pid": 19924,
    "index": 9
  },
  {
    "name": "Require(7) node_modules/egg-schedule/config/config.default.js",
    "start": 1572056821595,
    "end": 1572056821596,
    "duration": 1,
    "pid": 19924,
    "index": 10
  },
  {
    "name": "Require(8) node_modules/egg-multipart/config/config.default.js",
    "start": 1572056821597,
    "end": 1572056821597,
    "duration": 0,
    "pid": 19924,
    "index": 11
  },
  {
    "name": "Require(9) node_modules/egg-development/config/config.default.js",
    "start": 1572056821598,
    "end": 1572056821598,
    "duration": 0,
    "pid": 19924,
    "index": 12
  },
  {
    "name": "Require(10) node_modules/egg-logrotator/config/config.default.js",
    "start": 1572056821599,
    "end": 1572056821601,
    "duration": 2,
    "pid": 19924,
    "index": 13
  },
  {
    "name": "Require(11) node_modules/egg-static/config/config.default.js",
    "start": 1572056821602,
    "end": 1572056821602,
    "duration": 0,
    "pid": 19924,
    "index": 14
  },
  {
    "name": "Require(12) node_modules/egg-view/config/config.default.js",
    "start": 1572056821602,
    "end": 1572056821603,
    "duration": 1,
    "pid": 19924,
    "index": 15
  },
  {
    "name": "Require(13) node_modules/egg-mysql/config/config.default.js",
    "start": 1572056821603,
    "end": 1572056821604,
    "duration": 1,
    "pid": 19924,
    "index": 16
  },
  {
    "name": "Require(14) node_modules/egg/config/config.default.js",
    "start": 1572056821604,
    "end": 1572056821605,
    "duration": 1,
    "pid": 19924,
    "index": 17
  },
  {
    "name": "Require(15) config/config.default.js",
    "start": 1572056821606,
    "end": 1572056821606,
    "duration": 0,
    "pid": 19924,
    "index": 18
  },
  {
    "name": "Require(16) node_modules/egg-security/config/config.local.js",
    "start": 1572056821606,
    "end": 1572056821607,
    "duration": 1,
    "pid": 19924,
    "index": 19
  },
  {
    "name": "Require(17) node_modules/egg-watcher/config/config.local.js",
    "start": 1572056821607,
    "end": 1572056821608,
    "duration": 1,
    "pid": 19924,
    "index": 20
  },
  {
    "name": "Require(18) node_modules/egg-view/config/config.local.js",
    "start": 1572056821609,
    "end": 1572056821609,
    "duration": 0,
    "pid": 19924,
    "index": 21
  },
  {
    "name": "Require(19) node_modules/egg/config/config.local.js",
    "start": 1572056821610,
    "end": 1572056821610,
    "duration": 0,
    "pid": 19924,
    "index": 22
  },
  {
    "name": "Load extend/application.js",
    "start": 1572056821613,
    "end": 1572056821635,
    "duration": 22,
    "pid": 19924,
    "index": 23
  },
  {
    "name": "Require(20) node_modules/egg-session/app/extend/application.js",
    "start": 1572056821614,
    "end": 1572056821614,
    "duration": 0,
    "pid": 19924,
    "index": 24
  },
  {
    "name": "Require(21) node_modules/egg-security/app/extend/application.js",
    "start": 1572056821615,
    "end": 1572056821617,
    "duration": 2,
    "pid": 19924,
    "index": 25
  },
  {
    "name": "Require(22) node_modules/egg-jsonp/app/extend/application.js",
    "start": 1572056821618,
    "end": 1572056821620,
    "duration": 2,
    "pid": 19924,
    "index": 26
  },
  {
    "name": "Require(23) node_modules/egg-logrotator/app/extend/application.js",
    "start": 1572056821623,
    "end": 1572056821628,
    "duration": 5,
    "pid": 19924,
    "index": 27
  },
  {
    "name": "Require(24) node_modules/egg-view/app/extend/application.js",
    "start": 1572056821630,
    "end": 1572056821634,
    "duration": 4,
    "pid": 19924,
    "index": 28
  },
  {
    "name": "Load extend/request.js",
    "start": 1572056821635,
    "end": 1572056821639,
    "duration": 4,
    "pid": 19924,
    "index": 29
  },
  {
    "name": "Require(25) node_modules/egg/app/extend/request.js",
    "start": 1572056821637,
    "end": 1572056821638,
    "duration": 1,
    "pid": 19924,
    "index": 30
  },
  {
    "name": "Load extend/response.js",
    "start": 1572056821639,
    "end": 1572056821644,
    "duration": 5,
    "pid": 19924,
    "index": 31
  },
  {
    "name": "Require(26) node_modules/egg/app/extend/response.js",
    "start": 1572056821640,
    "end": 1572056821642,
    "duration": 2,
    "pid": 19924,
    "index": 32
  },
  {
    "name": "Load extend/context.js",
    "start": 1572056821644,
    "end": 1572056821715,
    "duration": 71,
    "pid": 19924,
    "index": 33
  },
  {
    "name": "Require(27) node_modules/egg-security/app/extend/context.js",
    "start": 1572056821645,
    "end": 1572056821655,
    "duration": 10,
    "pid": 19924,
    "index": 34
  },
  {
    "name": "Require(28) node_modules/egg-jsonp/app/extend/context.js",
    "start": 1572056821655,
    "end": 1572056821656,
    "duration": 1,
    "pid": 19924,
    "index": 35
  },
  {
    "name": "Require(29) node_modules/egg-i18n/app/extend/context.js",
    "start": 1572056821658,
    "end": 1572056821659,
    "duration": 1,
    "pid": 19924,
    "index": 36
  },
  {
    "name": "Require(30) node_modules/egg-multipart/app/extend/context.js",
    "start": 1572056821660,
    "end": 1572056821710,
    "duration": 50,
    "pid": 19924,
    "index": 37
  },
  {
    "name": "Require(31) node_modules/egg-view/app/extend/context.js",
    "start": 1572056821711,
    "end": 1572056821712,
    "duration": 1,
    "pid": 19924,
    "index": 38
  },
  {
    "name": "Require(32) node_modules/egg/app/extend/context.js",
    "start": 1572056821712,
    "end": 1572056821714,
    "duration": 2,
    "pid": 19924,
    "index": 39
  },
  {
    "name": "Load extend/helper.js",
    "start": 1572056821715,
    "end": 1572056821740,
    "duration": 25,
    "pid": 19924,
    "index": 40
  },
  {
    "name": "Require(33) node_modules/egg-security/app/extend/helper.js",
    "start": 1572056821715,
    "end": 1572056821738,
    "duration": 23,
    "pid": 19924,
    "index": 41
  },
  {
    "name": "Require(34) node_modules/egg/app/extend/helper.js",
    "start": 1572056821739,
    "end": 1572056821739,
    "duration": 0,
    "pid": 19924,
    "index": 42
  },
  {
    "name": "Load app.js",
    "start": 1572056821740,
    "end": 1572056821822,
    "duration": 82,
    "pid": 19924,
    "index": 43
  },
  {
    "name": "Require(35) node_modules/egg-session/app.js",
    "start": 1572056821741,
    "end": 1572056821741,
    "duration": 0,
    "pid": 19924,
    "index": 44
  },
  {
    "name": "Require(36) node_modules/egg-security/app.js",
    "start": 1572056821742,
    "end": 1572056821744,
    "duration": 2,
    "pid": 19924,
    "index": 45
  },
  {
    "name": "Require(37) node_modules/egg-onerror/app.js",
    "start": 1572056821745,
    "end": 1572056821762,
    "duration": 17,
    "pid": 19924,
    "index": 46
  },
  {
    "name": "Require(38) node_modules/egg-i18n/app.js",
    "start": 1572056821763,
    "end": 1572056821783,
    "duration": 20,
    "pid": 19924,
    "index": 47
  },
  {
    "name": "Require(39) node_modules/egg-watcher/app.js",
    "start": 1572056821784,
    "end": 1572056821789,
    "duration": 5,
    "pid": 19924,
    "index": 48
  },
  {
    "name": "Require(40) node_modules/egg-schedule/app.js",
    "start": 1572056821789,
    "end": 1572056821791,
    "duration": 2,
    "pid": 19924,
    "index": 49
  },
  {
    "name": "Require(41) node_modules/egg-multipart/app.js",
    "start": 1572056821791,
    "end": 1572056821795,
    "duration": 4,
    "pid": 19924,
    "index": 50
  },
  {
    "name": "Require(42) node_modules/egg-development/app.js",
    "start": 1572056821796,
    "end": 1572056821796,
    "duration": 0,
    "pid": 19924,
    "index": 51
  },
  {
    "name": "Require(43) node_modules/egg-logrotator/app.js",
    "start": 1572056821797,
    "end": 1572056821797,
    "duration": 0,
    "pid": 19924,
    "index": 52
  },
  {
    "name": "Require(44) node_modules/egg-static/app.js",
    "start": 1572056821798,
    "end": 1572056821798,
    "duration": 0,
    "pid": 19924,
    "index": 53
  },
  {
    "name": "Require(45) node_modules/egg-mysql/app.js",
    "start": 1572056821799,
    "end": 1572056821822,
    "duration": 23,
    "pid": 19924,
    "index": 54
  },
  {
    "name": "Before Start in node_modules/egg-watcher/lib/init.js:15:14",
    "start": 1572056821839,
    "end": 1572056822105,
    "duration": 266,
    "pid": 19924,
    "index": 55
  },
  {
    "name": "Before Start in node_modules/egg-mysql/lib/mysql.js:20:7",
    "start": 1572056821953,
    "end": 1572056822115,
    "duration": 162,
    "pid": 19924,
    "index": 56
  },
  {
    "name": "Load Service",
    "start": 1572056821953,
    "end": 1572056821956,
    "duration": 3,
    "pid": 19924,
    "index": 57
  },
  {
    "name": "Load \"service\" to Context",
    "start": 1572056821953,
    "end": 1572056821956,
    "duration": 3,
    "pid": 19924,
    "index": 58
  },
  {
    "name": "Load Middleware",
    "start": 1572056821957,
    "end": 1572056822047,
    "duration": 90,
    "pid": 19924,
    "index": 59
  },
  {
    "name": "Load \"middlewares\" to Application",
    "start": 1572056821957,
    "end": 1572056822038,
    "duration": 81,
    "pid": 19924,
    "index": 60
  },
  {
    "name": "Load Controller",
    "start": 1572056822047,
    "end": 1572056822058,
    "duration": 11,
    "pid": 19924,
    "index": 61
  },
  {
    "name": "Load \"controller\" to Application",
    "start": 1572056822047,
    "end": 1572056822058,
    "duration": 11,
    "pid": 19924,
    "index": 62
  },
  {
    "name": "Load Router",
    "start": 1572056822058,
    "end": 1572056822060,
    "duration": 2,
    "pid": 19924,
    "index": 63
  },
  {
    "name": "Require(46) app/router.js",
    "start": 1572056822058,
    "end": 1572056822058,
    "duration": 0,
    "pid": 19924,
    "index": 64
  },
  {
    "name": "Before Start in node_modules/egg-core/lib/egg.js:303:10",
    "start": 1572056822059,
    "end": 1572056822078,
    "duration": 19,
    "pid": 19924,
    "index": 65
  }
]