[
  {
    "name": "Application Start",
    "start": 1572056805983,
    "end": 1572056806411,
    "duration": 428,
    "pid": 3856,
    "index": 0
  },
  {
    "name": "Load Plugin",
    "start": 1572056805988,
    "end": 1572056806002,
    "duration": 14,
    "pid": 3856,
    "index": 1
  },
  {
    "name": "Load Config",
    "start": 1572056806002,
    "end": 1572056806029,
    "duration": 27,
    "pid": 3856,
    "index": 2
  },
  {
    "name": "Require(0) config/config.default.js",
    "start": 1572056806004,
    "end": 1572056806004,
    "duration": 0,
    "pid": 3856,
    "index": 3
  },
  {
    "name": "Require(1) node_modules/egg-session/config/config.default.js",
    "start": 1572056806006,
    "end": 1572056806006,
    "duration": 0,
    "pid": 3856,
    "index": 4
  },
  {
    "name": "Require(2) node_modules/egg-security/config/config.default.js",
    "start": 1572056806007,
    "end": 1572056806007,
    "duration": 0,
    "pid": 3856,
    "index": 5
  },
  {
    "name": "Require(3) node_modules/egg-jsonp/config/config.default.js",
    "start": 1572056806009,
    "end": 1572056806009,
    "duration": 0,
    "pid": 3856,
    "index": 6
  },
  {
    "name": "Require(4) node_modules/egg-onerror/config/config.default.js",
    "start": 1572056806010,
    "end": 1572056806010,
    "duration": 0,
    "pid": 3856,
    "index": 7
  },
  {
    "name": "Require(5) node_modules/egg-i18n/config/config.default.js",
    "start": 1572056806010,
    "end": 1572056806011,
    "duration": 1,
    "pid": 3856,
    "index": 8
  },
  {
    "name": "Require(6) node_modules/egg-watcher/config/config.default.js",
    "start": 1572056806012,
    "end": 1572056806012,
    "duration": 0,
    "pid": 3856,
    "index": 9
  },
  {
    "name": "Require(7) node_modules/egg-schedule/config/config.default.js",
    "start": 1572056806012,
    "end": 1572056806013,
    "duration": 1,
    "pid": 3856,
    "index": 10
  },
  {
    "name": "Require(8) node_modules/egg-multipart/config/config.default.js",
    "start": 1572056806013,
    "end": 1572056806013,
    "duration": 0,
    "pid": 3856,
    "index": 11
  },
  {
    "name": "Require(9) node_modules/egg-development/config/config.default.js",
    "start": 1572056806015,
    "end": 1572056806016,
    "duration": 1,
    "pid": 3856,
    "index": 12
  },
  {
    "name": "Require(10) node_modules/egg-logrotator/config/config.default.js",
    "start": 1572056806017,
    "end": 1572056806020,
    "duration": 3,
    "pid": 3856,
    "index": 13
  },
  {
    "name": "Require(11) node_modules/egg-static/config/config.default.js",
    "start": 1572056806020,
    "end": 1572056806021,
    "duration": 1,
    "pid": 3856,
    "index": 14
  },
  {
    "name": "Require(12) node_modules/egg-view/config/config.default.js",
    "start": 1572056806021,
    "end": 1572056806021,
    "duration": 0,
    "pid": 3856,
    "index": 15
  },
  {
    "name": "Require(13) node_modules/egg-mysql/config/config.default.js",
    "start": 1572056806022,
    "end": 1572056806023,
    "duration": 1,
    "pid": 3856,
    "index": 16
  },
  {
    "name": "Require(14) node_modules/egg/config/config.default.js",
    "start": 1572056806023,
    "end": 1572056806024,
    "duration": 1,
    "pid": 3856,
    "index": 17
  },
  {
    "name": "Require(15) config/config.default.js",
    "start": 1572056806025,
    "end": 1572056806025,
    "duration": 0,
    "pid": 3856,
    "index": 18
  },
  {
    "name": "Require(16) node_modules/egg-security/config/config.local.js",
    "start": 1572056806026,
    "end": 1572056806026,
    "duration": 0,
    "pid": 3856,
    "index": 19
  },
  {
    "name": "Require(17) node_modules/egg-watcher/config/config.local.js",
    "start": 1572056806026,
    "end": 1572056806027,
    "duration": 1,
    "pid": 3856,
    "index": 20
  },
  {
    "name": "Require(18) node_modules/egg-view/config/config.local.js",
    "start": 1572056806027,
    "end": 1572056806028,
    "duration": 1,
    "pid": 3856,
    "index": 21
  },
  {
    "name": "Require(19) node_modules/egg/config/config.local.js",
    "start": 1572056806028,
    "end": 1572056806028,
    "duration": 0,
    "pid": 3856,
    "index": 22
  },
  {
    "name": "Load extend/application.js",
    "start": 1572056806030,
    "end": 1572056806040,
    "duration": 10,
    "pid": 3856,
    "index": 23
  },
  {
    "name": "Require(20) node_modules/egg-session/app/extend/application.js",
    "start": 1572056806030,
    "end": 1572056806031,
    "duration": 1,
    "pid": 3856,
    "index": 24
  },
  {
    "name": "Require(21) node_modules/egg-security/app/extend/application.js",
    "start": 1572056806031,
    "end": 1572056806032,
    "duration": 1,
    "pid": 3856,
    "index": 25
  },
  {
    "name": "Require(22) node_modules/egg-jsonp/app/extend/application.js",
    "start": 1572056806033,
    "end": 1572056806034,
    "duration": 1,
    "pid": 3856,
    "index": 26
  },
  {
    "name": "Require(23) node_modules/egg-logrotator/app/extend/application.js",
    "start": 1572056806035,
    "end": 1572056806037,
    "duration": 2,
    "pid": 3856,
    "index": 27
  },
  {
    "name": "Require(24) node_modules/egg-view/app/extend/application.js",
    "start": 1572056806037,
    "end": 1572056806038,
    "duration": 1,
    "pid": 3856,
    "index": 28
  },
  {
    "name": "Load extend/request.js",
    "start": 1572056806040,
    "end": 1572056806043,
    "duration": 3,
    "pid": 3856,
    "index": 29
  },
  {
    "name": "Require(25) node_modules/egg/app/extend/request.js",
    "start": 1572056806041,
    "end": 1572056806042,
    "duration": 1,
    "pid": 3856,
    "index": 30
  },
  {
    "name": "Load extend/response.js",
    "start": 1572056806043,
    "end": 1572056806047,
    "duration": 4,
    "pid": 3856,
    "index": 31
  },
  {
    "name": "Require(26) node_modules/egg/app/extend/response.js",
    "start": 1572056806044,
    "end": 1572056806045,
    "duration": 1,
    "pid": 3856,
    "index": 32
  },
  {
    "name": "Load extend/context.js",
    "start": 1572056806047,
    "end": 1572056806107,
    "duration": 60,
    "pid": 3856,
    "index": 33
  },
  {
    "name": "Require(27) node_modules/egg-security/app/extend/context.js",
    "start": 1572056806049,
    "end": 1572056806057,
    "duration": 8,
    "pid": 3856,
    "index": 34
  },
  {
    "name": "Require(28) node_modules/egg-jsonp/app/extend/context.js",
    "start": 1572056806057,
    "end": 1572056806059,
    "duration": 2,
    "pid": 3856,
    "index": 35
  },
  {
    "name": "Require(29) node_modules/egg-i18n/app/extend/context.js",
    "start": 1572056806059,
    "end": 1572056806059,
    "duration": 0,
    "pid": 3856,
    "index": 36
  },
  {
    "name": "Require(30) node_modules/egg-multipart/app/extend/context.js",
    "start": 1572056806060,
    "end": 1572056806103,
    "duration": 43,
    "pid": 3856,
    "index": 37
  },
  {
    "name": "Require(31) node_modules/egg-view/app/extend/context.js",
    "start": 1572056806103,
    "end": 1572056806104,
    "duration": 1,
    "pid": 3856,
    "index": 38
  },
  {
    "name": "Require(32) node_modules/egg/app/extend/context.js",
    "start": 1572056806104,
    "end": 1572056806106,
    "duration": 2,
    "pid": 3856,
    "index": 39
  },
  {
    "name": "Load extend/helper.js",
    "start": 1572056806107,
    "end": 1572056806124,
    "duration": 17,
    "pid": 3856,
    "index": 40
  },
  {
    "name": "Require(33) node_modules/egg-security/app/extend/helper.js",
    "start": 1572056806107,
    "end": 1572056806122,
    "duration": 15,
    "pid": 3856,
    "index": 41
  },
  {
    "name": "Require(34) node_modules/egg/app/extend/helper.js",
    "start": 1572056806123,
    "end": 1572056806123,
    "duration": 0,
    "pid": 3856,
    "index": 42
  },
  {
    "name": "Load app.js",
    "start": 1572056806124,
    "end": 1572056806176,
    "duration": 52,
    "pid": 3856,
    "index": 43
  },
  {
    "name": "Require(35) node_modules/egg-session/app.js",
    "start": 1572056806125,
    "end": 1572056806125,
    "duration": 0,
    "pid": 3856,
    "index": 44
  },
  {
    "name": "Require(36) node_modules/egg-security/app.js",
    "start": 1572056806125,
    "end": 1572056806127,
    "duration": 2,
    "pid": 3856,
    "index": 45
  },
  {
    "name": "Require(37) node_modules/egg-onerror/app.js",
    "start": 1572056806127,
    "end": 1572056806136,
    "duration": 9,
    "pid": 3856,
    "index": 46
  },
  {
    "name": "Require(38) node_modules/egg-i18n/app.js",
    "start": 1572056806136,
    "end": 1572056806150,
    "duration": 14,
    "pid": 3856,
    "index": 47
  },
  {
    "name": "Require(39) node_modules/egg-watcher/app.js",
    "start": 1572056806150,
    "end": 1572056806153,
    "duration": 3,
    "pid": 3856,
    "index": 48
  },
  {
    "name": "Require(40) node_modules/egg-schedule/app.js",
    "start": 1572056806153,
    "end": 1572056806154,
    "duration": 1,
    "pid": 3856,
    "index": 49
  },
  {
    "name": "Require(41) node_modules/egg-multipart/app.js",
    "start": 1572056806155,
    "end": 1572056806157,
    "duration": 2,
    "pid": 3856,
    "index": 50
  },
  {
    "name": "Require(42) node_modules/egg-development/app.js",
    "start": 1572056806157,
    "end": 1572056806157,
    "duration": 0,
    "pid": 3856,
    "index": 51
  },
  {
    "name": "Require(43) node_modules/egg-logrotator/app.js",
    "start": 1572056806157,
    "end": 1572056806158,
    "duration": 1,
    "pid": 3856,
    "index": 52
  },
  {
    "name": "Require(44) node_modules/egg-static/app.js",
    "start": 1572056806158,
    "end": 1572056806159,
    "duration": 1,
    "pid": 3856,
    "index": 53
  },
  {
    "name": "Require(45) node_modules/egg-mysql/app.js",
    "start": 1572056806160,
    "end": 1572056806175,
    "duration": 15,
    "pid": 3856,
    "index": 54
  },
  {
    "name": "Before Start in node_modules/egg-watcher/lib/init.js:15:14",
    "start": 1572056806188,
    "end": 1572056806402,
    "duration": 214,
    "pid": 3856,
    "index": 55
  },
  {
    "name": "Before Start in node_modules/egg-mysql/lib/mysql.js:20:7",
    "start": 1572056806281,
    "end": 1572056806410,
    "duration": 129,
    "pid": 3856,
    "index": 56
  },
  {
    "name": "Load Service",
    "start": 1572056806281,
    "end": 1572056806284,
    "duration": 3,
    "pid": 3856,
    "index": 57
  },
  {
    "name": "Load \"service\" to Context",
    "start": 1572056806281,
    "end": 1572056806284,
    "duration": 3,
    "pid": 3856,
    "index": 58
  },
  {
    "name": "Load Middleware",
    "start": 1572056806284,
    "end": 1572056806362,
    "duration": 78,
    "pid": 3856,
    "index": 59
  },
  {
    "name": "Load \"middlewares\" to Application",
    "start": 1572056806285,
    "end": 1572056806354,
    "duration": 69,
    "pid": 3856,
    "index": 60
  },
  {
    "name": "Load Controller",
    "start": 1572056806362,
    "end": 1572056806369,
    "duration": 7,
    "pid": 3856,
    "index": 61
  },
  {
    "name": "Load \"controller\" to Application",
    "start": 1572056806362,
    "end": 1572056806369,
    "duration": 7,
    "pid": 3856,
    "index": 62
  },
  {
    "name": "Load Router",
    "start": 1572056806369,
    "end": 1572056806371,
    "duration": 2,
    "pid": 3856,
    "index": 63
  },
  {
    "name": "Require(46) app/router.js",
    "start": 1572056806370,
    "end": 1572056806370,
    "duration": 0,
    "pid": 3856,
    "index": 64
  },
  {
    "name": "Before Start in node_modules/egg-core/lib/egg.js:303:10",
    "start": 1572056806370,
    "end": 1572056806384,
    "duration": 14,
    "pid": 3856,
    "index": 65
  }
]