[
  {
    "name": "Application Start",
    "start": 1572056499364,
    "end": 1572056499780,
    "duration": 416,
    "pid": 14640,
    "index": 0
  },
  {
    "name": "Load Plugin",
    "start": 1572056499368,
    "end": 1572056499384,
    "duration": 16,
    "pid": 14640,
    "index": 1
  },
  {
    "name": "Load Config",
    "start": 1572056499384,
    "end": 1572056499404,
    "duration": 20,
    "pid": 14640,
    "index": 2
  },
  {
    "name": "Require(0) config/config.default.js",
    "start": 1572056499385,
    "end": 1572056499385,
    "duration": 0,
    "pid": 14640,
    "index": 3
  },
  {
    "name": "Require(1) node_modules/egg-session/config/config.default.js",
    "start": 1572056499386,
    "end": 1572056499386,
    "duration": 0,
    "pid": 14640,
    "index": 4
  },
  {
    "name": "Require(2) node_modules/egg-security/config/config.default.js",
    "start": 1572056499387,
    "end": 1572056499387,
    "duration": 0,
    "pid": 14640,
    "index": 5
  },
  {
    "name": "Require(3) node_modules/egg-jsonp/config/config.default.js",
    "start": 1572056499388,
    "end": 1572056499388,
    "duration": 0,
    "pid": 14640,
    "index": 6
  },
  {
    "name": "Require(4) node_modules/egg-onerror/config/config.default.js",
    "start": 1572056499389,
    "end": 1572056499389,
    "duration": 0,
    "pid": 14640,
    "index": 7
  },
  {
    "name": "Require(5) node_modules/egg-i18n/config/config.default.js",
    "start": 1572056499389,
    "end": 1572056499390,
    "duration": 1,
    "pid": 14640,
    "index": 8
  },
  {
    "name": "Require(6) node_modules/egg-watcher/config/config.default.js",
    "start": 1572056499390,
    "end": 1572056499391,
    "duration": 1,
    "pid": 14640,
    "index": 9
  },
  {
    "name": "Require(7) node_modules/egg-schedule/config/config.default.js",
    "start": 1572056499391,
    "end": 1572056499391,
    "duration": 0,
    "pid": 14640,
    "index": 10
  },
  {
    "name": "Require(8) node_modules/egg-multipart/config/config.default.js",
    "start": 1572056499392,
    "end": 1572056499392,
    "duration": 0,
    "pid": 14640,
    "index": 11
  },
  {
    "name": "Require(9) node_modules/egg-development/config/config.default.js",
    "start": 1572056499393,
    "end": 1572056499393,
    "duration": 0,
    "pid": 14640,
    "index": 12
  },
  {
    "name": "Require(10) node_modules/egg-logrotator/config/config.default.js",
    "start": 1572056499393,
    "end": 1572056499396,
    "duration": 3,
    "pid": 14640,
    "index": 13
  },
  {
    "name": "Require(11) node_modules/egg-static/config/config.default.js",
    "start": 1572056499397,
    "end": 1572056499397,
    "duration": 0,
    "pid": 14640,
    "index": 14
  },
  {
    "name": "Require(12) node_modules/egg-view/config/config.default.js",
    "start": 1572056499397,
    "end": 1572056499398,
    "duration": 1,
    "pid": 14640,
    "index": 15
  },
  {
    "name": "Require(13) node_modules/egg-mysql/config/config.default.js",
    "start": 1572056499398,
    "end": 1572056499398,
    "duration": 0,
    "pid": 14640,
    "index": 16
  },
  {
    "name": "Require(14) node_modules/egg/config/config.default.js",
    "start": 1572056499399,
    "end": 1572056499399,
    "duration": 0,
    "pid": 14640,
    "index": 17
  },
  {
    "name": "Require(15) config/config.default.js",
    "start": 1572056499400,
    "end": 1572056499400,
    "duration": 0,
    "pid": 14640,
    "index": 18
  },
  {
    "name": "Require(16) node_modules/egg-security/config/config.local.js",
    "start": 1572056499401,
    "end": 1572056499401,
    "duration": 0,
    "pid": 14640,
    "index": 19
  },
  {
    "name": "Require(17) node_modules/egg-watcher/config/config.local.js",
    "start": 1572056499402,
    "end": 1572056499402,
    "duration": 0,
    "pid": 14640,
    "index": 20
  },
  {
    "name": "Require(18) node_modules/egg-view/config/config.local.js",
    "start": 1572056499403,
    "end": 1572056499403,
    "duration": 0,
    "pid": 14640,
    "index": 21
  },
  {
    "name": "Require(19) node_modules/egg/config/config.local.js",
    "start": 1572056499403,
    "end": 1572056499403,
    "duration": 0,
    "pid": 14640,
    "index": 22
  },
  {
    "name": "Load extend/application.js",
    "start": 1572056499405,
    "end": 1572056499415,
    "duration": 10,
    "pid": 14640,
    "index": 23
  },
  {
    "name": "Require(20) node_modules/egg-session/app/extend/application.js",
    "start": 1572056499405,
    "end": 1572056499405,
    "duration": 0,
    "pid": 14640,
    "index": 24
  },
  {
    "name": "Require(21) node_modules/egg-security/app/extend/application.js",
    "start": 1572056499406,
    "end": 1572056499407,
    "duration": 1,
    "pid": 14640,
    "index": 25
  },
  {
    "name": "Require(22) node_modules/egg-jsonp/app/extend/application.js",
    "start": 1572056499407,
    "end": 1572056499408,
    "duration": 1,
    "pid": 14640,
    "index": 26
  },
  {
    "name": "Require(23) node_modules/egg-logrotator/app/extend/application.js",
    "start": 1572056499409,
    "end": 1572056499411,
    "duration": 2,
    "pid": 14640,
    "index": 27
  },
  {
    "name": "Require(24) node_modules/egg-view/app/extend/application.js",
    "start": 1572056499412,
    "end": 1572056499414,
    "duration": 2,
    "pid": 14640,
    "index": 28
  },
  {
    "name": "Load extend/request.js",
    "start": 1572056499415,
    "end": 1572056499418,
    "duration": 3,
    "pid": 14640,
    "index": 29
  },
  {
    "name": "Require(25) node_modules/egg/app/extend/request.js",
    "start": 1572056499416,
    "end": 1572056499417,
    "duration": 1,
    "pid": 14640,
    "index": 30
  },
  {
    "name": "Load extend/response.js",
    "start": 1572056499418,
    "end": 1572056499424,
    "duration": 6,
    "pid": 14640,
    "index": 31
  },
  {
    "name": "Require(26) node_modules/egg/app/extend/response.js",
    "start": 1572056499420,
    "end": 1572056499421,
    "duration": 1,
    "pid": 14640,
    "index": 32
  },
  {
    "name": "Load extend/context.js",
    "start": 1572056499424,
    "end": 1572056499483,
    "duration": 59,
    "pid": 14640,
    "index": 33
  },
  {
    "name": "Require(27) node_modules/egg-security/app/extend/context.js",
    "start": 1572056499424,
    "end": 1572056499435,
    "duration": 11,
    "pid": 14640,
    "index": 34
  },
  {
    "name": "Require(28) node_modules/egg-jsonp/app/extend/context.js",
    "start": 1572056499435,
    "end": 1572056499436,
    "duration": 1,
    "pid": 14640,
    "index": 35
  },
  {
    "name": "Require(29) node_modules/egg-i18n/app/extend/context.js",
    "start": 1572056499438,
    "end": 1572056499438,
    "duration": 0,
    "pid": 14640,
    "index": 36
  },
  {
    "name": "Require(30) node_modules/egg-multipart/app/extend/context.js",
    "start": 1572056499439,
    "end": 1572056499477,
    "duration": 38,
    "pid": 14640,
    "index": 37
  },
  {
    "name": "Require(31) node_modules/egg-view/app/extend/context.js",
    "start": 1572056499478,
    "end": 1572056499480,
    "duration": 2,
    "pid": 14640,
    "index": 38
  },
  {
    "name": "Require(32) node_modules/egg/app/extend/context.js",
    "start": 1572056499480,
    "end": 1572056499482,
    "duration": 2,
    "pid": 14640,
    "index": 39
  },
  {
    "name": "Load extend/helper.js",
    "start": 1572056499483,
    "end": 1572056499501,
    "duration": 18,
    "pid": 14640,
    "index": 40
  },
  {
    "name": "Require(33) node_modules/egg-security/app/extend/helper.js",
    "start": 1572056499483,
    "end": 1572056499498,
    "duration": 15,
    "pid": 14640,
    "index": 41
  },
  {
    "name": "Require(34) node_modules/egg/app/extend/helper.js",
    "start": 1572056499499,
    "end": 1572056499499,
    "duration": 0,
    "pid": 14640,
    "index": 42
  },
  {
    "name": "Load app.js",
    "start": 1572056499501,
    "end": 1572056499550,
    "duration": 49,
    "pid": 14640,
    "index": 43
  },
  {
    "name": "Require(35) node_modules/egg-session/app.js",
    "start": 1572056499501,
    "end": 1572056499501,
    "duration": 0,
    "pid": 14640,
    "index": 44
  },
  {
    "name": "Require(36) node_modules/egg-security/app.js",
    "start": 1572056499502,
    "end": 1572056499503,
    "duration": 1,
    "pid": 14640,
    "index": 45
  },
  {
    "name": "Require(37) node_modules/egg-onerror/app.js",
    "start": 1572056499504,
    "end": 1572056499512,
    "duration": 8,
    "pid": 14640,
    "index": 46
  },
  {
    "name": "Require(38) node_modules/egg-i18n/app.js",
    "start": 1572056499512,
    "end": 1572056499524,
    "duration": 12,
    "pid": 14640,
    "index": 47
  },
  {
    "name": "Require(39) node_modules/egg-watcher/app.js",
    "start": 1572056499525,
    "end": 1572056499528,
    "duration": 3,
    "pid": 14640,
    "index": 48
  },
  {
    "name": "Require(40) node_modules/egg-schedule/app.js",
    "start": 1572056499528,
    "end": 1572056499530,
    "duration": 2,
    "pid": 14640,
    "index": 49
  },
  {
    "name": "Require(41) node_modules/egg-multipart/app.js",
    "start": 1572056499530,
    "end": 1572056499532,
    "duration": 2,
    "pid": 14640,
    "index": 50
  },
  {
    "name": "Require(42) node_modules/egg-development/app.js",
    "start": 1572056499532,
    "end": 1572056499533,
    "duration": 1,
    "pid": 14640,
    "index": 51
  },
  {
    "name": "Require(43) node_modules/egg-logrotator/app.js",
    "start": 1572056499533,
    "end": 1572056499533,
    "duration": 0,
    "pid": 14640,
    "index": 52
  },
  {
    "name": "Require(44) node_modules/egg-static/app.js",
    "start": 1572056499533,
    "end": 1572056499534,
    "duration": 1,
    "pid": 14640,
    "index": 53
  },
  {
    "name": "Require(45) node_modules/egg-mysql/app.js",
    "start": 1572056499534,
    "end": 1572056499549,
    "duration": 15,
    "pid": 14640,
    "index": 54
  },
  {
    "name": "Before Start in node_modules/egg-watcher/lib/init.js:15:14",
    "start": 1572056499563,
    "end": 1572056499769,
    "duration": 206,
    "pid": 14640,
    "index": 55
  },
  {
    "name": "Before Start in node_modules/egg-mysql/lib/mysql.js:20:7",
    "start": 1572056499655,
    "end": 1572056499779,
    "duration": 124,
    "pid": 14640,
    "index": 56
  },
  {
    "name": "Load Service",
    "start": 1572056499655,
    "end": 1572056499657,
    "duration": 2,
    "pid": 14640,
    "index": 57
  },
  {
    "name": "Load \"service\" to Context",
    "start": 1572056499655,
    "end": 1572056499657,
    "duration": 2,
    "pid": 14640,
    "index": 58
  },
  {
    "name": "Load Middleware",
    "start": 1572056499657,
    "end": 1572056499731,
    "duration": 74,
    "pid": 14640,
    "index": 59
  },
  {
    "name": "Load \"middlewares\" to Application",
    "start": 1572056499658,
    "end": 1572056499722,
    "duration": 64,
    "pid": 14640,
    "index": 60
  },
  {
    "name": "Load Controller",
    "start": 1572056499731,
    "end": 1572056499738,
    "duration": 7,
    "pid": 14640,
    "index": 61
  },
  {
    "name": "Load \"controller\" to Application",
    "start": 1572056499731,
    "end": 1572056499738,
    "duration": 7,
    "pid": 14640,
    "index": 62
  },
  {
    "name": "Load Router",
    "start": 1572056499738,
    "end": 1572056499740,
    "duration": 2,
    "pid": 14640,
    "index": 63
  },
  {
    "name": "Require(46) app/router.js",
    "start": 1572056499738,
    "end": 1572056499738,
    "duration": 0,
    "pid": 14640,
    "index": 64
  },
  {
    "name": "Before Start in node_modules/egg-core/lib/egg.js:303:10",
    "start": 1572056499738,
    "end": 1572056499752,
    "duration": 14,
    "pid": 14640,
    "index": 65
  }
]