[
  {
    "name": "Application Start",
    "start": 1572056760470,
    "end": 1572056760932,
    "duration": 462,
    "pid": 4396,
    "index": 0
  },
  {
    "name": "Load Plugin",
    "start": 1572056760475,
    "end": 1572056760492,
    "duration": 17,
    "pid": 4396,
    "index": 1
  },
  {
    "name": "Load Config",
    "start": 1572056760492,
    "end": 1572056760514,
    "duration": 22,
    "pid": 4396,
    "index": 2
  },
  {
    "name": "Require(0) config/config.default.js",
    "start": 1572056760493,
    "end": 1572056760493,
    "duration": 0,
    "pid": 4396,
    "index": 3
  },
  {
    "name": "Require(1) node_modules/egg-session/config/config.default.js",
    "start": 1572056760495,
    "end": 1572056760495,
    "duration": 0,
    "pid": 4396,
    "index": 4
  },
  {
    "name": "Require(2) node_modules/egg-security/config/config.default.js",
    "start": 1572056760495,
    "end": 1572056760496,
    "duration": 1,
    "pid": 4396,
    "index": 5
  },
  {
    "name": "Require(3) node_modules/egg-jsonp/config/config.default.js",
    "start": 1572056760496,
    "end": 1572056760497,
    "duration": 1,
    "pid": 4396,
    "index": 6
  },
  {
    "name": "Require(4) node_modules/egg-onerror/config/config.default.js",
    "start": 1572056760497,
    "end": 1572056760497,
    "duration": 0,
    "pid": 4396,
    "index": 7
  },
  {
    "name": "Require(5) node_modules/egg-i18n/config/config.default.js",
    "start": 1572056760498,
    "end": 1572056760498,
    "duration": 0,
    "pid": 4396,
    "index": 8
  },
  {
    "name": "Require(6) node_modules/egg-watcher/config/config.default.js",
    "start": 1572056760499,
    "end": 1572056760499,
    "duration": 0,
    "pid": 4396,
    "index": 9
  },
  {
    "name": "Require(7) node_modules/egg-schedule/config/config.default.js",
    "start": 1572056760500,
    "end": 1572056760500,
    "duration": 0,
    "pid": 4396,
    "index": 10
  },
  {
    "name": "Require(8) node_modules/egg-multipart/config/config.default.js",
    "start": 1572056760501,
    "end": 1572056760501,
    "duration": 0,
    "pid": 4396,
    "index": 11
  },
  {
    "name": "Require(9) node_modules/egg-development/config/config.default.js",
    "start": 1572056760502,
    "end": 1572056760502,
    "duration": 0,
    "pid": 4396,
    "index": 12
  },
  {
    "name": "Require(10) node_modules/egg-logrotator/config/config.default.js",
    "start": 1572056760502,
    "end": 1572056760505,
    "duration": 3,
    "pid": 4396,
    "index": 13
  },
  {
    "name": "Require(11) node_modules/egg-static/config/config.default.js",
    "start": 1572056760505,
    "end": 1572056760505,
    "duration": 0,
    "pid": 4396,
    "index": 14
  },
  {
    "name": "Require(12) node_modules/egg-view/config/config.default.js",
    "start": 1572056760506,
    "end": 1572056760506,
    "duration": 0,
    "pid": 4396,
    "index": 15
  },
  {
    "name": "Require(13) node_modules/egg-mysql/config/config.default.js",
    "start": 1572056760507,
    "end": 1572056760507,
    "duration": 0,
    "pid": 4396,
    "index": 16
  },
  {
    "name": "Require(14) node_modules/egg/config/config.default.js",
    "start": 1572056760508,
    "end": 1572056760509,
    "duration": 1,
    "pid": 4396,
    "index": 17
  },
  {
    "name": "Require(15) config/config.default.js",
    "start": 1572056760510,
    "end": 1572056760510,
    "duration": 0,
    "pid": 4396,
    "index": 18
  },
  {
    "name": "Require(16) node_modules/egg-security/config/config.local.js",
    "start": 1572056760511,
    "end": 1572056760511,
    "duration": 0,
    "pid": 4396,
    "index": 19
  },
  {
    "name": "Require(17) node_modules/egg-watcher/config/config.local.js",
    "start": 1572056760512,
    "end": 1572056760512,
    "duration": 0,
    "pid": 4396,
    "index": 20
  },
  {
    "name": "Require(18) node_modules/egg-view/config/config.local.js",
    "start": 1572056760513,
    "end": 1572056760513,
    "duration": 0,
    "pid": 4396,
    "index": 21
  },
  {
    "name": "Require(19) node_modules/egg/config/config.local.js",
    "start": 1572056760513,
    "end": 1572056760514,
    "duration": 1,
    "pid": 4396,
    "index": 22
  },
  {
    "name": "Load extend/application.js",
    "start": 1572056760515,
    "end": 1572056760526,
    "duration": 11,
    "pid": 4396,
    "index": 23
  },
  {
    "name": "Require(20) node_modules/egg-session/app/extend/application.js",
    "start": 1572056760516,
    "end": 1572056760516,
    "duration": 0,
    "pid": 4396,
    "index": 24
  },
  {
    "name": "Require(21) node_modules/egg-security/app/extend/application.js",
    "start": 1572056760516,
    "end": 1572056760517,
    "duration": 1,
    "pid": 4396,
    "index": 25
  },
  {
    "name": "Require(22) node_modules/egg-jsonp/app/extend/application.js",
    "start": 1572056760518,
    "end": 1572056760519,
    "duration": 1,
    "pid": 4396,
    "index": 26
  },
  {
    "name": "Require(23) node_modules/egg-logrotator/app/extend/application.js",
    "start": 1572056760520,
    "end": 1572056760522,
    "duration": 2,
    "pid": 4396,
    "index": 27
  },
  {
    "name": "Require(24) node_modules/egg-view/app/extend/application.js",
    "start": 1572056760522,
    "end": 1572056760524,
    "duration": 2,
    "pid": 4396,
    "index": 28
  },
  {
    "name": "Load extend/request.js",
    "start": 1572056760526,
    "end": 1572056760530,
    "duration": 4,
    "pid": 4396,
    "index": 29
  },
  {
    "name": "Require(25) node_modules/egg/app/extend/request.js",
    "start": 1572056760527,
    "end": 1572056760528,
    "duration": 1,
    "pid": 4396,
    "index": 30
  },
  {
    "name": "Load extend/response.js",
    "start": 1572056760530,
    "end": 1572056760534,
    "duration": 4,
    "pid": 4396,
    "index": 31
  },
  {
    "name": "Require(26) node_modules/egg/app/extend/response.js",
    "start": 1572056760531,
    "end": 1572056760532,
    "duration": 1,
    "pid": 4396,
    "index": 32
  },
  {
    "name": "Load extend/context.js",
    "start": 1572056760534,
    "end": 1572056760598,
    "duration": 64,
    "pid": 4396,
    "index": 33
  },
  {
    "name": "Require(27) node_modules/egg-security/app/extend/context.js",
    "start": 1572056760534,
    "end": 1572056760545,
    "duration": 11,
    "pid": 4396,
    "index": 34
  },
  {
    "name": "Require(28) node_modules/egg-jsonp/app/extend/context.js",
    "start": 1572056760546,
    "end": 1572056760547,
    "duration": 1,
    "pid": 4396,
    "index": 35
  },
  {
    "name": "Require(29) node_modules/egg-i18n/app/extend/context.js",
    "start": 1572056760549,
    "end": 1572056760549,
    "duration": 0,
    "pid": 4396,
    "index": 36
  },
  {
    "name": "Require(30) node_modules/egg-multipart/app/extend/context.js",
    "start": 1572056760550,
    "end": 1572056760594,
    "duration": 44,
    "pid": 4396,
    "index": 37
  },
  {
    "name": "Require(31) node_modules/egg-view/app/extend/context.js",
    "start": 1572056760594,
    "end": 1572056760595,
    "duration": 1,
    "pid": 4396,
    "index": 38
  },
  {
    "name": "Require(32) node_modules/egg/app/extend/context.js",
    "start": 1572056760596,
    "end": 1572056760597,
    "duration": 1,
    "pid": 4396,
    "index": 39
  },
  {
    "name": "Load extend/helper.js",
    "start": 1572056760598,
    "end": 1572056760617,
    "duration": 19,
    "pid": 4396,
    "index": 40
  },
  {
    "name": "Require(33) node_modules/egg-security/app/extend/helper.js",
    "start": 1572056760599,
    "end": 1572056760614,
    "duration": 15,
    "pid": 4396,
    "index": 41
  },
  {
    "name": "Require(34) node_modules/egg/app/extend/helper.js",
    "start": 1572056760616,
    "end": 1572056760616,
    "duration": 0,
    "pid": 4396,
    "index": 42
  },
  {
    "name": "Load app.js",
    "start": 1572056760618,
    "end": 1572056760674,
    "duration": 56,
    "pid": 4396,
    "index": 43
  },
  {
    "name": "Require(35) node_modules/egg-session/app.js",
    "start": 1572056760618,
    "end": 1572056760618,
    "duration": 0,
    "pid": 4396,
    "index": 44
  },
  {
    "name": "Require(36) node_modules/egg-security/app.js",
    "start": 1572056760619,
    "end": 1572056760621,
    "duration": 2,
    "pid": 4396,
    "index": 45
  },
  {
    "name": "Require(37) node_modules/egg-onerror/app.js",
    "start": 1572056760622,
    "end": 1572056760630,
    "duration": 8,
    "pid": 4396,
    "index": 46
  },
  {
    "name": "Require(38) node_modules/egg-i18n/app.js",
    "start": 1572056760630,
    "end": 1572056760645,
    "duration": 15,
    "pid": 4396,
    "index": 47
  },
  {
    "name": "Require(39) node_modules/egg-watcher/app.js",
    "start": 1572056760645,
    "end": 1572056760649,
    "duration": 4,
    "pid": 4396,
    "index": 48
  },
  {
    "name": "Require(40) node_modules/egg-schedule/app.js",
    "start": 1572056760649,
    "end": 1572056760651,
    "duration": 2,
    "pid": 4396,
    "index": 49
  },
  {
    "name": "Require(41) node_modules/egg-multipart/app.js",
    "start": 1572056760651,
    "end": 1572056760654,
    "duration": 3,
    "pid": 4396,
    "index": 50
  },
  {
    "name": "Require(42) node_modules/egg-development/app.js",
    "start": 1572056760654,
    "end": 1572056760655,
    "duration": 1,
    "pid": 4396,
    "index": 51
  },
  {
    "name": "Require(43) node_modules/egg-logrotator/app.js",
    "start": 1572056760655,
    "end": 1572056760655,
    "duration": 0,
    "pid": 4396,
    "index": 52
  },
  {
    "name": "Require(44) node_modules/egg-static/app.js",
    "start": 1572056760656,
    "end": 1572056760656,
    "duration": 0,
    "pid": 4396,
    "index": 53
  },
  {
    "name": "Require(45) node_modules/egg-mysql/app.js",
    "start": 1572056760656,
    "end": 1572056760673,
    "duration": 17,
    "pid": 4396,
    "index": 54
  },
  {
    "name": "Before Start in node_modules/egg-watcher/lib/init.js:15:14",
    "start": 1572056760688,
    "end": 1572056760929,
    "duration": 241,
    "pid": 4396,
    "index": 55
  },
  {
    "name": "Before Start in node_modules/egg-mysql/lib/mysql.js:20:7",
    "start": 1572056760796,
    "end": 1572056760932,
    "duration": 136,
    "pid": 4396,
    "index": 56
  },
  {
    "name": "Load Service",
    "start": 1572056760796,
    "end": 1572056760799,
    "duration": 3,
    "pid": 4396,
    "index": 57
  },
  {
    "name": "Load \"service\" to Context",
    "start": 1572056760796,
    "end": 1572056760799,
    "duration": 3,
    "pid": 4396,
    "index": 58
  },
  {
    "name": "Load Middleware",
    "start": 1572056760799,
    "end": 1572056760880,
    "duration": 81,
    "pid": 4396,
    "index": 59
  },
  {
    "name": "Load \"middlewares\" to Application",
    "start": 1572056760799,
    "end": 1572056760871,
    "duration": 72,
    "pid": 4396,
    "index": 60
  },
  {
    "name": "Load Controller",
    "start": 1572056760880,
    "end": 1572056760888,
    "duration": 8,
    "pid": 4396,
    "index": 61
  },
  {
    "name": "Load \"controller\" to Application",
    "start": 1572056760880,
    "end": 1572056760888,
    "duration": 8,
    "pid": 4396,
    "index": 62
  },
  {
    "name": "Load Router",
    "start": 1572056760888,
    "end": 1572056760891,
    "duration": 3,
    "pid": 4396,
    "index": 63
  },
  {
    "name": "Require(46) app/router.js",
    "start": 1572056760889,
    "end": 1572056760889,
    "duration": 0,
    "pid": 4396,
    "index": 64
  },
  {
    "name": "Before Start in node_modules/egg-core/lib/egg.js:303:10",
    "start": 1572056760889,
    "end": 1572056760903,
    "duration": 14,
    "pid": 4396,
    "index": 65
  }
]