[
  {
    "name": "Application Start",
    "start": 1572056846658,
    "end": 1572056847118,
    "duration": 460,
    "pid": 6548,
    "index": 0
  },
  {
    "name": "Load Plugin",
    "start": 1572056846663,
    "end": 1572056846678,
    "duration": 15,
    "pid": 6548,
    "index": 1
  },
  {
    "name": "Load Config",
    "start": 1572056846678,
    "end": 1572056846701,
    "duration": 23,
    "pid": 6548,
    "index": 2
  },
  {
    "name": "Require(0) config/config.default.js",
    "start": 1572056846679,
    "end": 1572056846679,
    "duration": 0,
    "pid": 6548,
    "index": 3
  },
  {
    "name": "Require(1) node_modules/egg-session/config/config.default.js",
    "start": 1572056846680,
    "end": 1572056846680,
    "duration": 0,
    "pid": 6548,
    "index": 4
  },
  {
    "name": "Require(2) node_modules/egg-security/config/config.default.js",
    "start": 1572056846681,
    "end": 1572056846681,
    "duration": 0,
    "pid": 6548,
    "index": 5
  },
  {
    "name": "Require(3) node_modules/egg-jsonp/config/config.default.js",
    "start": 1572056846682,
    "end": 1572056846682,
    "duration": 0,
    "pid": 6548,
    "index": 6
  },
  {
    "name": "Require(4) node_modules/egg-onerror/config/config.default.js",
    "start": 1572056846683,
    "end": 1572056846683,
    "duration": 0,
    "pid": 6548,
    "index": 7
  },
  {
    "name": "Require(5) node_modules/egg-i18n/config/config.default.js",
    "start": 1572056846684,
    "end": 1572056846685,
    "duration": 1,
    "pid": 6548,
    "index": 8
  },
  {
    "name": "Require(6) node_modules/egg-watcher/config/config.default.js",
    "start": 1572056846686,
    "end": 1572056846686,
    "duration": 0,
    "pid": 6548,
    "index": 9
  },
  {
    "name": "Require(7) node_modules/egg-schedule/config/config.default.js",
    "start": 1572056846687,
    "end": 1572056846687,
    "duration": 0,
    "pid": 6548,
    "index": 10
  },
  {
    "name": "Require(8) node_modules/egg-multipart/config/config.default.js",
    "start": 1572056846687,
    "end": 1572056846688,
    "duration": 1,
    "pid": 6548,
    "index": 11
  },
  {
    "name": "Require(9) node_modules/egg-development/config/config.default.js",
    "start": 1572056846688,
    "end": 1572056846689,
    "duration": 1,
    "pid": 6548,
    "index": 12
  },
  {
    "name": "Require(10) node_modules/egg-logrotator/config/config.default.js",
    "start": 1572056846689,
    "end": 1572056846691,
    "duration": 2,
    "pid": 6548,
    "index": 13
  },
  {
    "name": "Require(11) node_modules/egg-static/config/config.default.js",
    "start": 1572056846692,
    "end": 1572056846692,
    "duration": 0,
    "pid": 6548,
    "index": 14
  },
  {
    "name": "Require(12) node_modules/egg-view/config/config.default.js",
    "start": 1572056846693,
    "end": 1572056846694,
    "duration": 1,
    "pid": 6548,
    "index": 15
  },
  {
    "name": "Require(13) node_modules/egg-mysql/config/config.default.js",
    "start": 1572056846694,
    "end": 1572056846695,
    "duration": 1,
    "pid": 6548,
    "index": 16
  },
  {
    "name": "Require(14) node_modules/egg/config/config.default.js",
    "start": 1572056846696,
    "end": 1572056846696,
    "duration": 0,
    "pid": 6548,
    "index": 17
  },
  {
    "name": "Require(15) config/config.default.js",
    "start": 1572056846697,
    "end": 1572056846697,
    "duration": 0,
    "pid": 6548,
    "index": 18
  },
  {
    "name": "Require(16) node_modules/egg-security/config/config.local.js",
    "start": 1572056846698,
    "end": 1572056846698,
    "duration": 0,
    "pid": 6548,
    "index": 19
  },
  {
    "name": "Require(17) node_modules/egg-watcher/config/config.local.js",
    "start": 1572056846699,
    "end": 1572056846699,
    "duration": 0,
    "pid": 6548,
    "index": 20
  },
  {
    "name": "Require(18) node_modules/egg-view/config/config.local.js",
    "start": 1572056846700,
    "end": 1572056846700,
    "duration": 0,
    "pid": 6548,
    "index": 21
  },
  {
    "name": "Require(19) node_modules/egg/config/config.local.js",
    "start": 1572056846701,
    "end": 1572056846701,
    "duration": 0,
    "pid": 6548,
    "index": 22
  },
  {
    "name": "Load extend/application.js",
    "start": 1572056846703,
    "end": 1572056846716,
    "duration": 13,
    "pid": 6548,
    "index": 23
  },
  {
    "name": "Require(20) node_modules/egg-session/app/extend/application.js",
    "start": 1572056846704,
    "end": 1572056846705,
    "duration": 1,
    "pid": 6548,
    "index": 24
  },
  {
    "name": "Require(21) node_modules/egg-security/app/extend/application.js",
    "start": 1572056846705,
    "end": 1572056846707,
    "duration": 2,
    "pid": 6548,
    "index": 25
  },
  {
    "name": "Require(22) node_modules/egg-jsonp/app/extend/application.js",
    "start": 1572056846708,
    "end": 1572056846710,
    "duration": 2,
    "pid": 6548,
    "index": 26
  },
  {
    "name": "Require(23) node_modules/egg-logrotator/app/extend/application.js",
    "start": 1572056846711,
    "end": 1572056846712,
    "duration": 1,
    "pid": 6548,
    "index": 27
  },
  {
    "name": "Require(24) node_modules/egg-view/app/extend/application.js",
    "start": 1572056846713,
    "end": 1572056846714,
    "duration": 1,
    "pid": 6548,
    "index": 28
  },
  {
    "name": "Load extend/request.js",
    "start": 1572056846716,
    "end": 1572056846723,
    "duration": 7,
    "pid": 6548,
    "index": 29
  },
  {
    "name": "Require(25) node_modules/egg/app/extend/request.js",
    "start": 1572056846718,
    "end": 1572056846721,
    "duration": 3,
    "pid": 6548,
    "index": 30
  },
  {
    "name": "Load extend/response.js",
    "start": 1572056846723,
    "end": 1572056846727,
    "duration": 4,
    "pid": 6548,
    "index": 31
  },
  {
    "name": "Require(26) node_modules/egg/app/extend/response.js",
    "start": 1572056846724,
    "end": 1572056846725,
    "duration": 1,
    "pid": 6548,
    "index": 32
  },
  {
    "name": "Load extend/context.js",
    "start": 1572056846727,
    "end": 1572056846789,
    "duration": 62,
    "pid": 6548,
    "index": 33
  },
  {
    "name": "Require(27) node_modules/egg-security/app/extend/context.js",
    "start": 1572056846728,
    "end": 1572056846738,
    "duration": 10,
    "pid": 6548,
    "index": 34
  },
  {
    "name": "Require(28) node_modules/egg-jsonp/app/extend/context.js",
    "start": 1572056846738,
    "end": 1572056846739,
    "duration": 1,
    "pid": 6548,
    "index": 35
  },
  {
    "name": "Require(29) node_modules/egg-i18n/app/extend/context.js",
    "start": 1572056846742,
    "end": 1572056846742,
    "duration": 0,
    "pid": 6548,
    "index": 36
  },
  {
    "name": "Require(30) node_modules/egg-multipart/app/extend/context.js",
    "start": 1572056846743,
    "end": 1572056846784,
    "duration": 41,
    "pid": 6548,
    "index": 37
  },
  {
    "name": "Require(31) node_modules/egg-view/app/extend/context.js",
    "start": 1572056846785,
    "end": 1572056846786,
    "duration": 1,
    "pid": 6548,
    "index": 38
  },
  {
    "name": "Require(32) node_modules/egg/app/extend/context.js",
    "start": 1572056846787,
    "end": 1572056846788,
    "duration": 1,
    "pid": 6548,
    "index": 39
  },
  {
    "name": "Load extend/helper.js",
    "start": 1572056846789,
    "end": 1572056846810,
    "duration": 21,
    "pid": 6548,
    "index": 40
  },
  {
    "name": "Require(33) node_modules/egg-security/app/extend/helper.js",
    "start": 1572056846790,
    "end": 1572056846807,
    "duration": 17,
    "pid": 6548,
    "index": 41
  },
  {
    "name": "Require(34) node_modules/egg/app/extend/helper.js",
    "start": 1572056846808,
    "end": 1572056846809,
    "duration": 1,
    "pid": 6548,
    "index": 42
  },
  {
    "name": "Load app.js",
    "start": 1572056846810,
    "end": 1572056846872,
    "duration": 62,
    "pid": 6548,
    "index": 43
  },
  {
    "name": "Require(35) node_modules/egg-session/app.js",
    "start": 1572056846811,
    "end": 1572056846811,
    "duration": 0,
    "pid": 6548,
    "index": 44
  },
  {
    "name": "Require(36) node_modules/egg-security/app.js",
    "start": 1572056846812,
    "end": 1572056846814,
    "duration": 2,
    "pid": 6548,
    "index": 45
  },
  {
    "name": "Require(37) node_modules/egg-onerror/app.js",
    "start": 1572056846814,
    "end": 1572056846826,
    "duration": 12,
    "pid": 6548,
    "index": 46
  },
  {
    "name": "Require(38) node_modules/egg-i18n/app.js",
    "start": 1572056846826,
    "end": 1572056846842,
    "duration": 16,
    "pid": 6548,
    "index": 47
  },
  {
    "name": "Require(39) node_modules/egg-watcher/app.js",
    "start": 1572056846842,
    "end": 1572056846845,
    "duration": 3,
    "pid": 6548,
    "index": 48
  },
  {
    "name": "Require(40) node_modules/egg-schedule/app.js",
    "start": 1572056846846,
    "end": 1572056846847,
    "duration": 1,
    "pid": 6548,
    "index": 49
  },
  {
    "name": "Require(41) node_modules/egg-multipart/app.js",
    "start": 1572056846847,
    "end": 1572056846850,
    "duration": 3,
    "pid": 6548,
    "index": 50
  },
  {
    "name": "Require(42) node_modules/egg-development/app.js",
    "start": 1572056846850,
    "end": 1572056846851,
    "duration": 1,
    "pid": 6548,
    "index": 51
  },
  {
    "name": "Require(43) node_modules/egg-logrotator/app.js",
    "start": 1572056846852,
    "end": 1572056846853,
    "duration": 1,
    "pid": 6548,
    "index": 52
  },
  {
    "name": "Require(44) node_modules/egg-static/app.js",
    "start": 1572056846853,
    "end": 1572056846853,
    "duration": 0,
    "pid": 6548,
    "index": 53
  },
  {
    "name": "Require(45) node_modules/egg-mysql/app.js",
    "start": 1572056846854,
    "end": 1572056846871,
    "duration": 17,
    "pid": 6548,
    "index": 54
  },
  {
    "name": "Before Start in node_modules/egg-watcher/lib/init.js:15:14",
    "start": 1572056846885,
    "end": 1572056847108,
    "duration": 223,
    "pid": 6548,
    "index": 55
  },
  {
    "name": "Before Start in node_modules/egg-mysql/lib/mysql.js:20:7",
    "start": 1572056846983,
    "end": 1572056847118,
    "duration": 135,
    "pid": 6548,
    "index": 56
  },
  {
    "name": "Load Service",
    "start": 1572056846983,
    "end": 1572056846986,
    "duration": 3,
    "pid": 6548,
    "index": 57
  },
  {
    "name": "Load \"service\" to Context",
    "start": 1572056846984,
    "end": 1572056846986,
    "duration": 2,
    "pid": 6548,
    "index": 58
  },
  {
    "name": "Load Middleware",
    "start": 1572056846987,
    "end": 1572056847069,
    "duration": 82,
    "pid": 6548,
    "index": 59
  },
  {
    "name": "Load \"middlewares\" to Application",
    "start": 1572056846987,
    "end": 1572056847061,
    "duration": 74,
    "pid": 6548,
    "index": 60
  },
  {
    "name": "Load Controller",
    "start": 1572056847069,
    "end": 1572056847076,
    "duration": 7,
    "pid": 6548,
    "index": 61
  },
  {
    "name": "Load \"controller\" to Application",
    "start": 1572056847069,
    "end": 1572056847076,
    "duration": 7,
    "pid": 6548,
    "index": 62
  },
  {
    "name": "Load Router",
    "start": 1572056847076,
    "end": 1572056847078,
    "duration": 2,
    "pid": 6548,
    "index": 63
  },
  {
    "name": "Require(46) app/router.js",
    "start": 1572056847076,
    "end": 1572056847076,
    "duration": 0,
    "pid": 6548,
    "index": 64
  },
  {
    "name": "Before Start in node_modules/egg-core/lib/egg.js:303:10",
    "start": 1572056847076,
    "end": 1572056847091,
    "duration": 15,
    "pid": 6548,
    "index": 65
  }
]