[
  {
    "name": "Application Start",
    "start": 1572056300976,
    "end": 1572056301425,
    "duration": 449,
    "pid": 9228,
    "index": 0
  },
  {
    "name": "Load Plugin",
    "start": 1572056300981,
    "end": 1572056300996,
    "duration": 15,
    "pid": 9228,
    "index": 1
  },
  {
    "name": "Load Config",
    "start": 1572056300996,
    "end": 1572056301019,
    "duration": 23,
    "pid": 9228,
    "index": 2
  },
  {
    "name": "Require(0) config/config.default.js",
    "start": 1572056300997,
    "end": 1572056300997,
    "duration": 0,
    "pid": 9228,
    "index": 3
  },
  {
    "name": "Require(1) node_modules/egg-session/config/config.default.js",
    "start": 1572056300999,
    "end": 1572056301000,
    "duration": 1,
    "pid": 9228,
    "index": 4
  },
  {
    "name": "Require(2) node_modules/egg-security/config/config.default.js",
    "start": 1572056301000,
    "end": 1572056301001,
    "duration": 1,
    "pid": 9228,
    "index": 5
  },
  {
    "name": "Require(3) node_modules/egg-jsonp/config/config.default.js",
    "start": 1572056301001,
    "end": 1572056301002,
    "duration": 1,
    "pid": 9228,
    "index": 6
  },
  {
    "name": "Require(4) node_modules/egg-onerror/config/config.default.js",
    "start": 1572056301002,
    "end": 1572056301002,
    "duration": 0,
    "pid": 9228,
    "index": 7
  },
  {
    "name": "Require(5) node_modules/egg-i18n/config/config.default.js",
    "start": 1572056301003,
    "end": 1572056301003,
    "duration": 0,
    "pid": 9228,
    "index": 8
  },
  {
    "name": "Require(6) node_modules/egg-watcher/config/config.default.js",
    "start": 1572056301004,
    "end": 1572056301004,
    "duration": 0,
    "pid": 9228,
    "index": 9
  },
  {
    "name": "Require(7) node_modules/egg-schedule/config/config.default.js",
    "start": 1572056301005,
    "end": 1572056301005,
    "duration": 0,
    "pid": 9228,
    "index": 10
  },
  {
    "name": "Require(8) node_modules/egg-multipart/config/config.default.js",
    "start": 1572056301005,
    "end": 1572056301006,
    "duration": 1,
    "pid": 9228,
    "index": 11
  },
  {
    "name": "Require(9) node_modules/egg-development/config/config.default.js",
    "start": 1572056301006,
    "end": 1572056301006,
    "duration": 0,
    "pid": 9228,
    "index": 12
  },
  {
    "name": "Require(10) node_modules/egg-logrotator/config/config.default.js",
    "start": 1572056301007,
    "end": 1572056301009,
    "duration": 2,
    "pid": 9228,
    "index": 13
  },
  {
    "name": "Require(11) node_modules/egg-static/config/config.default.js",
    "start": 1572056301010,
    "end": 1572056301010,
    "duration": 0,
    "pid": 9228,
    "index": 14
  },
  {
    "name": "Require(12) node_modules/egg-view/config/config.default.js",
    "start": 1572056301010,
    "end": 1572056301011,
    "duration": 1,
    "pid": 9228,
    "index": 15
  },
  {
    "name": "Require(13) node_modules/egg-mysql/config/config.default.js",
    "start": 1572056301011,
    "end": 1572056301011,
    "duration": 0,
    "pid": 9228,
    "index": 16
  },
  {
    "name": "Require(14) node_modules/egg/config/config.default.js",
    "start": 1572056301012,
    "end": 1572056301012,
    "duration": 0,
    "pid": 9228,
    "index": 17
  },
  {
    "name": "Require(15) config/config.default.js",
    "start": 1572056301013,
    "end": 1572056301013,
    "duration": 0,
    "pid": 9228,
    "index": 18
  },
  {
    "name": "Require(16) node_modules/egg-security/config/config.local.js",
    "start": 1572056301014,
    "end": 1572056301015,
    "duration": 1,
    "pid": 9228,
    "index": 19
  },
  {
    "name": "Require(17) node_modules/egg-watcher/config/config.local.js",
    "start": 1572056301016,
    "end": 1572056301016,
    "duration": 0,
    "pid": 9228,
    "index": 20
  },
  {
    "name": "Require(18) node_modules/egg-view/config/config.local.js",
    "start": 1572056301018,
    "end": 1572056301018,
    "duration": 0,
    "pid": 9228,
    "index": 21
  },
  {
    "name": "Require(19) node_modules/egg/config/config.local.js",
    "start": 1572056301019,
    "end": 1572056301019,
    "duration": 0,
    "pid": 9228,
    "index": 22
  },
  {
    "name": "Load extend/application.js",
    "start": 1572056301020,
    "end": 1572056301030,
    "duration": 10,
    "pid": 9228,
    "index": 23
  },
  {
    "name": "Require(20) node_modules/egg-session/app/extend/application.js",
    "start": 1572056301021,
    "end": 1572056301021,
    "duration": 0,
    "pid": 9228,
    "index": 24
  },
  {
    "name": "Require(21) node_modules/egg-security/app/extend/application.js",
    "start": 1572056301022,
    "end": 1572056301022,
    "duration": 0,
    "pid": 9228,
    "index": 25
  },
  {
    "name": "Require(22) node_modules/egg-jsonp/app/extend/application.js",
    "start": 1572056301023,
    "end": 1572056301024,
    "duration": 1,
    "pid": 9228,
    "index": 26
  },
  {
    "name": "Require(23) node_modules/egg-logrotator/app/extend/application.js",
    "start": 1572056301025,
    "end": 1572056301026,
    "duration": 1,
    "pid": 9228,
    "index": 27
  },
  {
    "name": "Require(24) node_modules/egg-view/app/extend/application.js",
    "start": 1572056301027,
    "end": 1572056301028,
    "duration": 1,
    "pid": 9228,
    "index": 28
  },
  {
    "name": "Load extend/request.js",
    "start": 1572056301030,
    "end": 1572056301035,
    "duration": 5,
    "pid": 9228,
    "index": 29
  },
  {
    "name": "Require(25) node_modules/egg/app/extend/request.js",
    "start": 1572056301032,
    "end": 1572056301033,
    "duration": 1,
    "pid": 9228,
    "index": 30
  },
  {
    "name": "Load extend/response.js",
    "start": 1572056301035,
    "end": 1572056301039,
    "duration": 4,
    "pid": 9228,
    "index": 31
  },
  {
    "name": "Require(26) node_modules/egg/app/extend/response.js",
    "start": 1572056301036,
    "end": 1572056301037,
    "duration": 1,
    "pid": 9228,
    "index": 32
  },
  {
    "name": "Load extend/context.js",
    "start": 1572056301039,
    "end": 1572056301108,
    "duration": 69,
    "pid": 9228,
    "index": 33
  },
  {
    "name": "Require(27) node_modules/egg-security/app/extend/context.js",
    "start": 1572056301040,
    "end": 1572056301049,
    "duration": 9,
    "pid": 9228,
    "index": 34
  },
  {
    "name": "Require(28) node_modules/egg-jsonp/app/extend/context.js",
    "start": 1572056301050,
    "end": 1572056301052,
    "duration": 2,
    "pid": 9228,
    "index": 35
  },
  {
    "name": "Require(29) node_modules/egg-i18n/app/extend/context.js",
    "start": 1572056301052,
    "end": 1572056301052,
    "duration": 0,
    "pid": 9228,
    "index": 36
  },
  {
    "name": "Require(30) node_modules/egg-multipart/app/extend/context.js",
    "start": 1572056301053,
    "end": 1572056301103,
    "duration": 50,
    "pid": 9228,
    "index": 37
  },
  {
    "name": "Require(31) node_modules/egg-view/app/extend/context.js",
    "start": 1572056301104,
    "end": 1572056301105,
    "duration": 1,
    "pid": 9228,
    "index": 38
  },
  {
    "name": "Require(32) node_modules/egg/app/extend/context.js",
    "start": 1572056301106,
    "end": 1572056301107,
    "duration": 1,
    "pid": 9228,
    "index": 39
  },
  {
    "name": "Load extend/helper.js",
    "start": 1572056301108,
    "end": 1572056301128,
    "duration": 20,
    "pid": 9228,
    "index": 40
  },
  {
    "name": "Require(33) node_modules/egg-security/app/extend/helper.js",
    "start": 1572056301109,
    "end": 1572056301125,
    "duration": 16,
    "pid": 9228,
    "index": 41
  },
  {
    "name": "Require(34) node_modules/egg/app/extend/helper.js",
    "start": 1572056301126,
    "end": 1572056301126,
    "duration": 0,
    "pid": 9228,
    "index": 42
  },
  {
    "name": "Load app.js",
    "start": 1572056301128,
    "end": 1572056301184,
    "duration": 56,
    "pid": 9228,
    "index": 43
  },
  {
    "name": "Require(35) node_modules/egg-session/app.js",
    "start": 1572056301128,
    "end": 1572056301129,
    "duration": 1,
    "pid": 9228,
    "index": 44
  },
  {
    "name": "Require(36) node_modules/egg-security/app.js",
    "start": 1572056301129,
    "end": 1572056301131,
    "duration": 2,
    "pid": 9228,
    "index": 45
  },
  {
    "name": "Require(37) node_modules/egg-onerror/app.js",
    "start": 1572056301132,
    "end": 1572056301140,
    "duration": 8,
    "pid": 9228,
    "index": 46
  },
  {
    "name": "Require(38) node_modules/egg-i18n/app.js",
    "start": 1572056301140,
    "end": 1572056301155,
    "duration": 15,
    "pid": 9228,
    "index": 47
  },
  {
    "name": "Require(39) node_modules/egg-watcher/app.js",
    "start": 1572056301155,
    "end": 1572056301159,
    "duration": 4,
    "pid": 9228,
    "index": 48
  },
  {
    "name": "Require(40) node_modules/egg-schedule/app.js",
    "start": 1572056301160,
    "end": 1572056301161,
    "duration": 1,
    "pid": 9228,
    "index": 49
  },
  {
    "name": "Require(41) node_modules/egg-multipart/app.js",
    "start": 1572056301161,
    "end": 1572056301163,
    "duration": 2,
    "pid": 9228,
    "index": 50
  },
  {
    "name": "Require(42) node_modules/egg-development/app.js",
    "start": 1572056301164,
    "end": 1572056301164,
    "duration": 0,
    "pid": 9228,
    "index": 51
  },
  {
    "name": "Require(43) node_modules/egg-logrotator/app.js",
    "start": 1572056301164,
    "end": 1572056301165,
    "duration": 1,
    "pid": 9228,
    "index": 52
  },
  {
    "name": "Require(44) node_modules/egg-static/app.js",
    "start": 1572056301165,
    "end": 1572056301165,
    "duration": 0,
    "pid": 9228,
    "index": 53
  },
  {
    "name": "Require(45) node_modules/egg-mysql/app.js",
    "start": 1572056301166,
    "end": 1572056301182,
    "duration": 16,
    "pid": 9228,
    "index": 54
  },
  {
    "name": "Before Start in node_modules/egg-watcher/lib/init.js:15:14",
    "start": 1572056301198,
    "end": 1572056301416,
    "duration": 218,
    "pid": 9228,
    "index": 55
  },
  {
    "name": "Before Start in node_modules/egg-mysql/lib/mysql.js:20:7",
    "start": 1572056301300,
    "end": 1572056301420,
    "duration": 120,
    "pid": 9228,
    "index": 56
  },
  {
    "name": "Load Service",
    "start": 1572056301301,
    "end": 1572056301304,
    "duration": 3,
    "pid": 9228,
    "index": 57
  },
  {
    "name": "Load \"service\" to Context",
    "start": 1572056301301,
    "end": 1572056301304,
    "duration": 3,
    "pid": 9228,
    "index": 58
  },
  {
    "name": "Load Middleware",
    "start": 1572056301305,
    "end": 1572056301378,
    "duration": 73,
    "pid": 9228,
    "index": 59
  },
  {
    "name": "Load \"middlewares\" to Application",
    "start": 1572056301305,
    "end": 1572056301370,
    "duration": 65,
    "pid": 9228,
    "index": 60
  },
  {
    "name": "Load Controller",
    "start": 1572056301378,
    "end": 1572056301385,
    "duration": 7,
    "pid": 9228,
    "index": 61
  },
  {
    "name": "Load \"controller\" to Application",
    "start": 1572056301378,
    "end": 1572056301385,
    "duration": 7,
    "pid": 9228,
    "index": 62
  },
  {
    "name": "Load Router",
    "start": 1572056301385,
    "end": 1572056301387,
    "duration": 2,
    "pid": 9228,
    "index": 63
  },
  {
    "name": "Require(46) app/router.js",
    "start": 1572056301385,
    "end": 1572056301386,
    "duration": 1,
    "pid": 9228,
    "index": 64
  },
  {
    "name": "Before Start in node_modules/egg-core/lib/egg.js:303:10",
    "start": 1572056301386,
    "end": 1572056301399,
    "duration": 13,
    "pid": 9228,
    "index": 65
  }
]