[
  {
    "name": "Application Start",
    "start": 1572059062074,
    "end": 1572059062575,
    "duration": 501,
    "pid": 10508,
    "index": 0
  },
  {
    "name": "Load Plugin",
    "start": 1572059062078,
    "end": 1572059062097,
    "duration": 19,
    "pid": 10508,
    "index": 1
  },
  {
    "name": "Load Config",
    "start": 1572059062097,
    "end": 1572059062120,
    "duration": 23,
    "pid": 10508,
    "index": 2
  },
  {
    "name": "Require(0) config/config.default.js",
    "start": 1572059062098,
    "end": 1572059062099,
    "duration": 1,
    "pid": 10508,
    "index": 3
  },
  {
    "name": "Require(1) node_modules/egg-session/config/config.default.js",
    "start": 1572059062101,
    "end": 1572059062101,
    "duration": 0,
    "pid": 10508,
    "index": 4
  },
  {
    "name": "Require(2) node_modules/egg-security/config/config.default.js",
    "start": 1572059062102,
    "end": 1572059062102,
    "duration": 0,
    "pid": 10508,
    "index": 5
  },
  {
    "name": "Require(3) node_modules/egg-jsonp/config/config.default.js",
    "start": 1572059062103,
    "end": 1572059062103,
    "duration": 0,
    "pid": 10508,
    "index": 6
  },
  {
    "name": "Require(4) node_modules/egg-onerror/config/config.default.js",
    "start": 1572059062104,
    "end": 1572059062104,
    "duration": 0,
    "pid": 10508,
    "index": 7
  },
  {
    "name": "Require(5) node_modules/egg-i18n/config/config.default.js",
    "start": 1572059062104,
    "end": 1572059062105,
    "duration": 1,
    "pid": 10508,
    "index": 8
  },
  {
    "name": "Require(6) node_modules/egg-watcher/config/config.default.js",
    "start": 1572059062105,
    "end": 1572059062106,
    "duration": 1,
    "pid": 10508,
    "index": 9
  },
  {
    "name": "Require(7) node_modules/egg-schedule/config/config.default.js",
    "start": 1572059062106,
    "end": 1572059062106,
    "duration": 0,
    "pid": 10508,
    "index": 10
  },
  {
    "name": "Require(8) node_modules/egg-multipart/config/config.default.js",
    "start": 1572059062107,
    "end": 1572059062107,
    "duration": 0,
    "pid": 10508,
    "index": 11
  },
  {
    "name": "Require(9) node_modules/egg-development/config/config.default.js",
    "start": 1572059062108,
    "end": 1572059062108,
    "duration": 0,
    "pid": 10508,
    "index": 12
  },
  {
    "name": "Require(10) node_modules/egg-logrotator/config/config.default.js",
    "start": 1572059062109,
    "end": 1572059062111,
    "duration": 2,
    "pid": 10508,
    "index": 13
  },
  {
    "name": "Require(11) node_modules/egg-static/config/config.default.js",
    "start": 1572059062112,
    "end": 1572059062112,
    "duration": 0,
    "pid": 10508,
    "index": 14
  },
  {
    "name": "Require(12) node_modules/egg-view/config/config.default.js",
    "start": 1572059062113,
    "end": 1572059062113,
    "duration": 0,
    "pid": 10508,
    "index": 15
  },
  {
    "name": "Require(13) node_modules/egg-mysql/config/config.default.js",
    "start": 1572059062114,
    "end": 1572059062114,
    "duration": 0,
    "pid": 10508,
    "index": 16
  },
  {
    "name": "Require(14) node_modules/egg/config/config.default.js",
    "start": 1572059062115,
    "end": 1572059062115,
    "duration": 0,
    "pid": 10508,
    "index": 17
  },
  {
    "name": "Require(15) config/config.default.js",
    "start": 1572059062116,
    "end": 1572059062116,
    "duration": 0,
    "pid": 10508,
    "index": 18
  },
  {
    "name": "Require(16) node_modules/egg-security/config/config.local.js",
    "start": 1572059062117,
    "end": 1572059062117,
    "duration": 0,
    "pid": 10508,
    "index": 19
  },
  {
    "name": "Require(17) node_modules/egg-watcher/config/config.local.js",
    "start": 1572059062118,
    "end": 1572059062118,
    "duration": 0,
    "pid": 10508,
    "index": 20
  },
  {
    "name": "Require(18) node_modules/egg-view/config/config.local.js",
    "start": 1572059062119,
    "end": 1572059062119,
    "duration": 0,
    "pid": 10508,
    "index": 21
  },
  {
    "name": "Require(19) node_modules/egg/config/config.local.js",
    "start": 1572059062119,
    "end": 1572059062120,
    "duration": 1,
    "pid": 10508,
    "index": 22
  },
  {
    "name": "Load extend/application.js",
    "start": 1572059062122,
    "end": 1572059062132,
    "duration": 10,
    "pid": 10508,
    "index": 23
  },
  {
    "name": "Require(20) node_modules/egg-session/app/extend/application.js",
    "start": 1572059062122,
    "end": 1572059062123,
    "duration": 1,
    "pid": 10508,
    "index": 24
  },
  {
    "name": "Require(21) node_modules/egg-security/app/extend/application.js",
    "start": 1572059062123,
    "end": 1572059062124,
    "duration": 1,
    "pid": 10508,
    "index": 25
  },
  {
    "name": "Require(22) node_modules/egg-jsonp/app/extend/application.js",
    "start": 1572059062125,
    "end": 1572059062126,
    "duration": 1,
    "pid": 10508,
    "index": 26
  },
  {
    "name": "Require(23) node_modules/egg-logrotator/app/extend/application.js",
    "start": 1572059062127,
    "end": 1572059062129,
    "duration": 2,
    "pid": 10508,
    "index": 27
  },
  {
    "name": "Require(24) node_modules/egg-view/app/extend/application.js",
    "start": 1572059062129,
    "end": 1572059062130,
    "duration": 1,
    "pid": 10508,
    "index": 28
  },
  {
    "name": "Load extend/request.js",
    "start": 1572059062132,
    "end": 1572059062136,
    "duration": 4,
    "pid": 10508,
    "index": 29
  },
  {
    "name": "Require(25) node_modules/egg/app/extend/request.js",
    "start": 1572059062133,
    "end": 1572059062135,
    "duration": 2,
    "pid": 10508,
    "index": 30
  },
  {
    "name": "Load extend/response.js",
    "start": 1572059062136,
    "end": 1572059062142,
    "duration": 6,
    "pid": 10508,
    "index": 31
  },
  {
    "name": "Require(26) node_modules/egg/app/extend/response.js",
    "start": 1572059062138,
    "end": 1572059062139,
    "duration": 1,
    "pid": 10508,
    "index": 32
  },
  {
    "name": "Load extend/context.js",
    "start": 1572059062142,
    "end": 1572059062217,
    "duration": 75,
    "pid": 10508,
    "index": 33
  },
  {
    "name": "Require(27) node_modules/egg-security/app/extend/context.js",
    "start": 1572059062142,
    "end": 1572059062151,
    "duration": 9,
    "pid": 10508,
    "index": 34
  },
  {
    "name": "Require(28) node_modules/egg-jsonp/app/extend/context.js",
    "start": 1572059062151,
    "end": 1572059062152,
    "duration": 1,
    "pid": 10508,
    "index": 35
  },
  {
    "name": "Require(29) node_modules/egg-i18n/app/extend/context.js",
    "start": 1572059062155,
    "end": 1572059062155,
    "duration": 0,
    "pid": 10508,
    "index": 36
  },
  {
    "name": "Require(30) node_modules/egg-multipart/app/extend/context.js",
    "start": 1572059062156,
    "end": 1572059062211,
    "duration": 55,
    "pid": 10508,
    "index": 37
  },
  {
    "name": "Require(31) node_modules/egg-view/app/extend/context.js",
    "start": 1572059062212,
    "end": 1572059062213,
    "duration": 1,
    "pid": 10508,
    "index": 38
  },
  {
    "name": "Require(32) node_modules/egg/app/extend/context.js",
    "start": 1572059062214,
    "end": 1572059062215,
    "duration": 1,
    "pid": 10508,
    "index": 39
  },
  {
    "name": "Load extend/helper.js",
    "start": 1572059062217,
    "end": 1572059062243,
    "duration": 26,
    "pid": 10508,
    "index": 40
  },
  {
    "name": "Require(33) node_modules/egg-security/app/extend/helper.js",
    "start": 1572059062218,
    "end": 1572059062237,
    "duration": 19,
    "pid": 10508,
    "index": 41
  },
  {
    "name": "Require(34) node_modules/egg/app/extend/helper.js",
    "start": 1572059062241,
    "end": 1572059062241,
    "duration": 0,
    "pid": 10508,
    "index": 42
  },
  {
    "name": "Load app.js",
    "start": 1572059062243,
    "end": 1572059062302,
    "duration": 59,
    "pid": 10508,
    "index": 43
  },
  {
    "name": "Require(35) node_modules/egg-session/app.js",
    "start": 1572059062243,
    "end": 1572059062244,
    "duration": 1,
    "pid": 10508,
    "index": 44
  },
  {
    "name": "Require(36) node_modules/egg-security/app.js",
    "start": 1572059062244,
    "end": 1572059062246,
    "duration": 2,
    "pid": 10508,
    "index": 45
  },
  {
    "name": "Require(37) node_modules/egg-onerror/app.js",
    "start": 1572059062246,
    "end": 1572059062254,
    "duration": 8,
    "pid": 10508,
    "index": 46
  },
  {
    "name": "Require(38) node_modules/egg-i18n/app.js",
    "start": 1572059062255,
    "end": 1572059062272,
    "duration": 17,
    "pid": 10508,
    "index": 47
  },
  {
    "name": "Require(39) node_modules/egg-watcher/app.js",
    "start": 1572059062272,
    "end": 1572059062276,
    "duration": 4,
    "pid": 10508,
    "index": 48
  },
  {
    "name": "Require(40) node_modules/egg-schedule/app.js",
    "start": 1572059062276,
    "end": 1572059062277,
    "duration": 1,
    "pid": 10508,
    "index": 49
  },
  {
    "name": "Require(41) node_modules/egg-multipart/app.js",
    "start": 1572059062278,
    "end": 1572059062280,
    "duration": 2,
    "pid": 10508,
    "index": 50
  },
  {
    "name": "Require(42) node_modules/egg-development/app.js",
    "start": 1572059062280,
    "end": 1572059062280,
    "duration": 0,
    "pid": 10508,
    "index": 51
  },
  {
    "name": "Require(43) node_modules/egg-logrotator/app.js",
    "start": 1572059062281,
    "end": 1572059062281,
    "duration": 0,
    "pid": 10508,
    "index": 52
  },
  {
    "name": "Require(44) node_modules/egg-static/app.js",
    "start": 1572059062281,
    "end": 1572059062282,
    "duration": 1,
    "pid": 10508,
    "index": 53
  },
  {
    "name": "Require(45) node_modules/egg-mysql/app.js",
    "start": 1572059062283,
    "end": 1572059062302,
    "duration": 19,
    "pid": 10508,
    "index": 54
  },
  {
    "name": "Before Start in node_modules/egg-watcher/lib/init.js:15:14",
    "start": 1572059062317,
    "end": 1572059062564,
    "duration": 247,
    "pid": 10508,
    "index": 55
  },
  {
    "name": "Before Start in node_modules/egg-mysql/lib/mysql.js:20:7",
    "start": 1572059062425,
    "end": 1572059062575,
    "duration": 150,
    "pid": 10508,
    "index": 56
  },
  {
    "name": "Load Service",
    "start": 1572059062425,
    "end": 1572059062428,
    "duration": 3,
    "pid": 10508,
    "index": 57
  },
  {
    "name": "Load \"service\" to Context",
    "start": 1572059062425,
    "end": 1572059062428,
    "duration": 3,
    "pid": 10508,
    "index": 58
  },
  {
    "name": "Load Middleware",
    "start": 1572059062428,
    "end": 1572059062523,
    "duration": 95,
    "pid": 10508,
    "index": 59
  },
  {
    "name": "Load \"middlewares\" to Application",
    "start": 1572059062429,
    "end": 1572059062512,
    "duration": 83,
    "pid": 10508,
    "index": 60
  },
  {
    "name": "Load Controller",
    "start": 1572059062523,
    "end": 1572059062530,
    "duration": 7,
    "pid": 10508,
    "index": 61
  },
  {
    "name": "Load \"controller\" to Application",
    "start": 1572059062523,
    "end": 1572059062530,
    "duration": 7,
    "pid": 10508,
    "index": 62
  },
  {
    "name": "Load Router",
    "start": 1572059062530,
    "end": 1572059062534,
    "duration": 4,
    "pid": 10508,
    "index": 63
  },
  {
    "name": "Require(46) app/router.js",
    "start": 1572059062531,
    "end": 1572059062531,
    "duration": 0,
    "pid": 10508,
    "index": 64
  },
  {
    "name": "Before Start in node_modules/egg-core/lib/egg.js:303:10",
    "start": 1572059062532,
    "end": 1572059062546,
    "duration": 14,
    "pid": 10508,
    "index": 65
  }
]