[
  {
    "name": "Application Start",
    "start": 1572055972578,
    "end": 1572055973061,
    "duration": 483,
    "pid": 17808,
    "index": 0
  },
  {
    "name": "Load Plugin",
    "start": 1572055972583,
    "end": 1572055972600,
    "duration": 17,
    "pid": 17808,
    "index": 1
  },
  {
    "name": "Load Config",
    "start": 1572055972600,
    "end": 1572055972625,
    "duration": 25,
    "pid": 17808,
    "index": 2
  },
  {
    "name": "Require(0) config/config.default.js",
    "start": 1572055972601,
    "end": 1572055972602,
    "duration": 1,
    "pid": 17808,
    "index": 3
  },
  {
    "name": "Require(1) node_modules/egg-session/config/config.default.js",
    "start": 1572055972603,
    "end": 1572055972603,
    "duration": 0,
    "pid": 17808,
    "index": 4
  },
  {
    "name": "Require(2) node_modules/egg-security/config/config.default.js",
    "start": 1572055972604,
    "end": 1572055972604,
    "duration": 0,
    "pid": 17808,
    "index": 5
  },
  {
    "name": "Require(3) node_modules/egg-jsonp/config/config.default.js",
    "start": 1572055972605,
    "end": 1572055972605,
    "duration": 0,
    "pid": 17808,
    "index": 6
  },
  {
    "name": "Require(4) node_modules/egg-onerror/config/config.default.js",
    "start": 1572055972606,
    "end": 1572055972606,
    "duration": 0,
    "pid": 17808,
    "index": 7
  },
  {
    "name": "Require(5) node_modules/egg-i18n/config/config.default.js",
    "start": 1572055972607,
    "end": 1572055972607,
    "duration": 0,
    "pid": 17808,
    "index": 8
  },
  {
    "name": "Require(6) node_modules/egg-watcher/config/config.default.js",
    "start": 1572055972608,
    "end": 1572055972609,
    "duration": 1,
    "pid": 17808,
    "index": 9
  },
  {
    "name": "Require(7) node_modules/egg-schedule/config/config.default.js",
    "start": 1572055972609,
    "end": 1572055972610,
    "duration": 1,
    "pid": 17808,
    "index": 10
  },
  {
    "name": "Require(8) node_modules/egg-multipart/config/config.default.js",
    "start": 1572055972611,
    "end": 1572055972612,
    "duration": 1,
    "pid": 17808,
    "index": 11
  },
  {
    "name": "Require(9) node_modules/egg-development/config/config.default.js",
    "start": 1572055972612,
    "end": 1572055972613,
    "duration": 1,
    "pid": 17808,
    "index": 12
  },
  {
    "name": "Require(10) node_modules/egg-logrotator/config/config.default.js",
    "start": 1572055972613,
    "end": 1572055972615,
    "duration": 2,
    "pid": 17808,
    "index": 13
  },
  {
    "name": "Require(11) node_modules/egg-static/config/config.default.js",
    "start": 1572055972616,
    "end": 1572055972616,
    "duration": 0,
    "pid": 17808,
    "index": 14
  },
  {
    "name": "Require(12) node_modules/egg-view/config/config.default.js",
    "start": 1572055972617,
    "end": 1572055972617,
    "duration": 0,
    "pid": 17808,
    "index": 15
  },
  {
    "name": "Require(13) node_modules/egg-mysql/config/config.default.js",
    "start": 1572055972618,
    "end": 1572055972618,
    "duration": 0,
    "pid": 17808,
    "index": 16
  },
  {
    "name": "Require(14) node_modules/egg/config/config.default.js",
    "start": 1572055972619,
    "end": 1572055972619,
    "duration": 0,
    "pid": 17808,
    "index": 17
  },
  {
    "name": "Require(15) config/config.default.js",
    "start": 1572055972620,
    "end": 1572055972620,
    "duration": 0,
    "pid": 17808,
    "index": 18
  },
  {
    "name": "Require(16) node_modules/egg-security/config/config.local.js",
    "start": 1572055972621,
    "end": 1572055972621,
    "duration": 0,
    "pid": 17808,
    "index": 19
  },
  {
    "name": "Require(17) node_modules/egg-watcher/config/config.local.js",
    "start": 1572055972622,
    "end": 1572055972622,
    "duration": 0,
    "pid": 17808,
    "index": 20
  },
  {
    "name": "Require(18) node_modules/egg-view/config/config.local.js",
    "start": 1572055972623,
    "end": 1572055972624,
    "duration": 1,
    "pid": 17808,
    "index": 21
  },
  {
    "name": "Require(19) node_modules/egg/config/config.local.js",
    "start": 1572055972624,
    "end": 1572055972625,
    "duration": 1,
    "pid": 17808,
    "index": 22
  },
  {
    "name": "Load extend/application.js",
    "start": 1572055972626,
    "end": 1572055972636,
    "duration": 10,
    "pid": 17808,
    "index": 23
  },
  {
    "name": "Require(20) node_modules/egg-session/app/extend/application.js",
    "start": 1572055972627,
    "end": 1572055972627,
    "duration": 0,
    "pid": 17808,
    "index": 24
  },
  {
    "name": "Require(21) node_modules/egg-security/app/extend/application.js",
    "start": 1572055972628,
    "end": 1572055972629,
    "duration": 1,
    "pid": 17808,
    "index": 25
  },
  {
    "name": "Require(22) node_modules/egg-jsonp/app/extend/application.js",
    "start": 1572055972629,
    "end": 1572055972631,
    "duration": 2,
    "pid": 17808,
    "index": 26
  },
  {
    "name": "Require(23) node_modules/egg-logrotator/app/extend/application.js",
    "start": 1572055972631,
    "end": 1572055972633,
    "duration": 2,
    "pid": 17808,
    "index": 27
  },
  {
    "name": "Require(24) node_modules/egg-view/app/extend/application.js",
    "start": 1572055972634,
    "end": 1572055972635,
    "duration": 1,
    "pid": 17808,
    "index": 28
  },
  {
    "name": "Load extend/request.js",
    "start": 1572055972636,
    "end": 1572055972640,
    "duration": 4,
    "pid": 17808,
    "index": 29
  },
  {
    "name": "Require(25) node_modules/egg/app/extend/request.js",
    "start": 1572055972638,
    "end": 1572055972639,
    "duration": 1,
    "pid": 17808,
    "index": 30
  },
  {
    "name": "Load extend/response.js",
    "start": 1572055972640,
    "end": 1572055972646,
    "duration": 6,
    "pid": 17808,
    "index": 31
  },
  {
    "name": "Require(26) node_modules/egg/app/extend/response.js",
    "start": 1572055972642,
    "end": 1572055972644,
    "duration": 2,
    "pid": 17808,
    "index": 32
  },
  {
    "name": "Load extend/context.js",
    "start": 1572055972646,
    "end": 1572055972710,
    "duration": 64,
    "pid": 17808,
    "index": 33
  },
  {
    "name": "Require(27) node_modules/egg-security/app/extend/context.js",
    "start": 1572055972647,
    "end": 1572055972656,
    "duration": 9,
    "pid": 17808,
    "index": 34
  },
  {
    "name": "Require(28) node_modules/egg-jsonp/app/extend/context.js",
    "start": 1572055972656,
    "end": 1572055972658,
    "duration": 2,
    "pid": 17808,
    "index": 35
  },
  {
    "name": "Require(29) node_modules/egg-i18n/app/extend/context.js",
    "start": 1572055972659,
    "end": 1572055972659,
    "duration": 0,
    "pid": 17808,
    "index": 36
  },
  {
    "name": "Require(30) node_modules/egg-multipart/app/extend/context.js",
    "start": 1572055972660,
    "end": 1572055972705,
    "duration": 45,
    "pid": 17808,
    "index": 37
  },
  {
    "name": "Require(31) node_modules/egg-view/app/extend/context.js",
    "start": 1572055972705,
    "end": 1572055972707,
    "duration": 2,
    "pid": 17808,
    "index": 38
  },
  {
    "name": "Require(32) node_modules/egg/app/extend/context.js",
    "start": 1572055972708,
    "end": 1572055972709,
    "duration": 1,
    "pid": 17808,
    "index": 39
  },
  {
    "name": "Load extend/helper.js",
    "start": 1572055972711,
    "end": 1572055972730,
    "duration": 19,
    "pid": 17808,
    "index": 40
  },
  {
    "name": "Require(33) node_modules/egg-security/app/extend/helper.js",
    "start": 1572055972711,
    "end": 1572055972728,
    "duration": 17,
    "pid": 17808,
    "index": 41
  },
  {
    "name": "Require(34) node_modules/egg/app/extend/helper.js",
    "start": 1572055972729,
    "end": 1572055972729,
    "duration": 0,
    "pid": 17808,
    "index": 42
  },
  {
    "name": "Load app.js",
    "start": 1572055972731,
    "end": 1572055972783,
    "duration": 52,
    "pid": 17808,
    "index": 43
  },
  {
    "name": "Require(35) node_modules/egg-session/app.js",
    "start": 1572055972731,
    "end": 1572055972731,
    "duration": 0,
    "pid": 17808,
    "index": 44
  },
  {
    "name": "Require(36) node_modules/egg-security/app.js",
    "start": 1572055972732,
    "end": 1572055972733,
    "duration": 1,
    "pid": 17808,
    "index": 45
  },
  {
    "name": "Require(37) node_modules/egg-onerror/app.js",
    "start": 1572055972734,
    "end": 1572055972741,
    "duration": 7,
    "pid": 17808,
    "index": 46
  },
  {
    "name": "Require(38) node_modules/egg-i18n/app.js",
    "start": 1572055972742,
    "end": 1572055972756,
    "duration": 14,
    "pid": 17808,
    "index": 47
  },
  {
    "name": "Require(39) node_modules/egg-watcher/app.js",
    "start": 1572055972756,
    "end": 1572055972759,
    "duration": 3,
    "pid": 17808,
    "index": 48
  },
  {
    "name": "Require(40) node_modules/egg-schedule/app.js",
    "start": 1572055972760,
    "end": 1572055972761,
    "duration": 1,
    "pid": 17808,
    "index": 49
  },
  {
    "name": "Require(41) node_modules/egg-multipart/app.js",
    "start": 1572055972761,
    "end": 1572055972763,
    "duration": 2,
    "pid": 17808,
    "index": 50
  },
  {
    "name": "Require(42) node_modules/egg-development/app.js",
    "start": 1572055972764,
    "end": 1572055972764,
    "duration": 0,
    "pid": 17808,
    "index": 51
  },
  {
    "name": "Require(43) node_modules/egg-logrotator/app.js",
    "start": 1572055972764,
    "end": 1572055972764,
    "duration": 0,
    "pid": 17808,
    "index": 52
  },
  {
    "name": "Require(44) node_modules/egg-static/app.js",
    "start": 1572055972765,
    "end": 1572055972765,
    "duration": 0,
    "pid": 17808,
    "index": 53
  },
  {
    "name": "Require(45) node_modules/egg-mysql/app.js",
    "start": 1572055972765,
    "end": 1572055972782,
    "duration": 17,
    "pid": 17808,
    "index": 54
  },
  {
    "name": "Before Start in node_modules/egg-watcher/lib/init.js:15:14",
    "start": 1572055972800,
    "end": 1572055973049,
    "duration": 249,
    "pid": 17808,
    "index": 55
  },
  {
    "name": "Before Start in node_modules/egg-mysql/lib/mysql.js:20:7",
    "start": 1572055972918,
    "end": 1572055973060,
    "duration": 142,
    "pid": 17808,
    "index": 56
  },
  {
    "name": "Load Service",
    "start": 1572055972918,
    "end": 1572055972921,
    "duration": 3,
    "pid": 17808,
    "index": 57
  },
  {
    "name": "Load \"service\" to Context",
    "start": 1572055972918,
    "end": 1572055972921,
    "duration": 3,
    "pid": 17808,
    "index": 58
  },
  {
    "name": "Load Middleware",
    "start": 1572055972921,
    "end": 1572055973005,
    "duration": 84,
    "pid": 17808,
    "index": 59
  },
  {
    "name": "Load \"middlewares\" to Application",
    "start": 1572055972921,
    "end": 1572055972995,
    "duration": 74,
    "pid": 17808,
    "index": 60
  },
  {
    "name": "Load Controller",
    "start": 1572055973005,
    "end": 1572055973012,
    "duration": 7,
    "pid": 17808,
    "index": 61
  },
  {
    "name": "Load \"controller\" to Application",
    "start": 1572055973005,
    "end": 1572055973012,
    "duration": 7,
    "pid": 17808,
    "index": 62
  },
  {
    "name": "Load Router",
    "start": 1572055973012,
    "end": 1572055973014,
    "duration": 2,
    "pid": 17808,
    "index": 63
  },
  {
    "name": "Require(46) app/router.js",
    "start": 1572055973012,
    "end": 1572055973013,
    "duration": 1,
    "pid": 17808,
    "index": 64
  },
  {
    "name": "Before Start in node_modules/egg-core/lib/egg.js:303:10",
    "start": 1572055973013,
    "end": 1572055973029,
    "duration": 16,
    "pid": 17808,
    "index": 65
  }
]