[
  {
    "name": "Application Start",
    "start": 1572057068851,
    "end": 1572057069507,
    "duration": 656,
    "pid": 2684,
    "index": 0
  },
  {
    "name": "Load Plugin",
    "start": 1572057068858,
    "end": 1572057068884,
    "duration": 26,
    "pid": 2684,
    "index": 1
  },
  {
    "name": "Load Config",
    "start": 1572057068884,
    "end": 1572057068918,
    "duration": 34,
    "pid": 2684,
    "index": 2
  },
  {
    "name": "Require(0) config/config.default.js",
    "start": 1572057068887,
    "end": 1572057068888,
    "duration": 1,
    "pid": 2684,
    "index": 3
  },
  {
    "name": "Require(1) node_modules/egg-session/config/config.default.js",
    "start": 1572057068889,
    "end": 1572057068890,
    "duration": 1,
    "pid": 2684,
    "index": 4
  },
  {
    "name": "Require(2) node_modules/egg-security/config/config.default.js",
    "start": 1572057068890,
    "end": 1572057068890,
    "duration": 0,
    "pid": 2684,
    "index": 5
  },
  {
    "name": "Require(3) node_modules/egg-jsonp/config/config.default.js",
    "start": 1572057068891,
    "end": 1572057068891,
    "duration": 0,
    "pid": 2684,
    "index": 6
  },
  {
    "name": "Require(4) node_modules/egg-onerror/config/config.default.js",
    "start": 1572057068892,
    "end": 1572057068892,
    "duration": 0,
    "pid": 2684,
    "index": 7
  },
  {
    "name": "Require(5) node_modules/egg-i18n/config/config.default.js",
    "start": 1572057068893,
    "end": 1572057068893,
    "duration": 0,
    "pid": 2684,
    "index": 8
  },
  {
    "name": "Require(6) node_modules/egg-watcher/config/config.default.js",
    "start": 1572057068894,
    "end": 1572057068895,
    "duration": 1,
    "pid": 2684,
    "index": 9
  },
  {
    "name": "Require(7) node_modules/egg-schedule/config/config.default.js",
    "start": 1572057068896,
    "end": 1572057068897,
    "duration": 1,
    "pid": 2684,
    "index": 10
  },
  {
    "name": "Require(8) node_modules/egg-multipart/config/config.default.js",
    "start": 1572057068899,
    "end": 1572057068900,
    "duration": 1,
    "pid": 2684,
    "index": 11
  },
  {
    "name": "Require(9) node_modules/egg-development/config/config.default.js",
    "start": 1572057068901,
    "end": 1572057068901,
    "duration": 0,
    "pid": 2684,
    "index": 12
  },
  {
    "name": "Require(10) node_modules/egg-logrotator/config/config.default.js",
    "start": 1572057068902,
    "end": 1572057068906,
    "duration": 4,
    "pid": 2684,
    "index": 13
  },
  {
    "name": "Require(11) node_modules/egg-static/config/config.default.js",
    "start": 1572057068906,
    "end": 1572057068906,
    "duration": 0,
    "pid": 2684,
    "index": 14
  },
  {
    "name": "Require(12) node_modules/egg-view/config/config.default.js",
    "start": 1572057068907,
    "end": 1572057068907,
    "duration": 0,
    "pid": 2684,
    "index": 15
  },
  {
    "name": "Require(13) node_modules/egg-mysql/config/config.default.js",
    "start": 1572057068908,
    "end": 1572057068908,
    "duration": 0,
    "pid": 2684,
    "index": 16
  },
  {
    "name": "Require(14) node_modules/egg/config/config.default.js",
    "start": 1572057068908,
    "end": 1572057068909,
    "duration": 1,
    "pid": 2684,
    "index": 17
  },
  {
    "name": "Require(15) config/config.default.js",
    "start": 1572057068910,
    "end": 1572057068910,
    "duration": 0,
    "pid": 2684,
    "index": 18
  },
  {
    "name": "Require(16) node_modules/egg-security/config/config.local.js",
    "start": 1572057068911,
    "end": 1572057068911,
    "duration": 0,
    "pid": 2684,
    "index": 19
  },
  {
    "name": "Require(17) node_modules/egg-watcher/config/config.local.js",
    "start": 1572057068911,
    "end": 1572057068912,
    "duration": 1,
    "pid": 2684,
    "index": 20
  },
  {
    "name": "Require(18) node_modules/egg-view/config/config.local.js",
    "start": 1572057068915,
    "end": 1572057068916,
    "duration": 1,
    "pid": 2684,
    "index": 21
  },
  {
    "name": "Require(19) node_modules/egg/config/config.local.js",
    "start": 1572057068917,
    "end": 1572057068918,
    "duration": 1,
    "pid": 2684,
    "index": 22
  },
  {
    "name": "Load extend/application.js",
    "start": 1572057068920,
    "end": 1572057068937,
    "duration": 17,
    "pid": 2684,
    "index": 23
  },
  {
    "name": "Require(20) node_modules/egg-session/app/extend/application.js",
    "start": 1572057068921,
    "end": 1572057068922,
    "duration": 1,
    "pid": 2684,
    "index": 24
  },
  {
    "name": "Require(21) node_modules/egg-security/app/extend/application.js",
    "start": 1572057068923,
    "end": 1572057068924,
    "duration": 1,
    "pid": 2684,
    "index": 25
  },
  {
    "name": "Require(22) node_modules/egg-jsonp/app/extend/application.js",
    "start": 1572057068925,
    "end": 1572057068926,
    "duration": 1,
    "pid": 2684,
    "index": 26
  },
  {
    "name": "Require(23) node_modules/egg-logrotator/app/extend/application.js",
    "start": 1572057068927,
    "end": 1572057068929,
    "duration": 2,
    "pid": 2684,
    "index": 27
  },
  {
    "name": "Require(24) node_modules/egg-view/app/extend/application.js",
    "start": 1572057068931,
    "end": 1572057068935,
    "duration": 4,
    "pid": 2684,
    "index": 28
  },
  {
    "name": "Load extend/request.js",
    "start": 1572057068937,
    "end": 1572057068941,
    "duration": 4,
    "pid": 2684,
    "index": 29
  },
  {
    "name": "Require(25) node_modules/egg/app/extend/request.js",
    "start": 1572057068939,
    "end": 1572057068940,
    "duration": 1,
    "pid": 2684,
    "index": 30
  },
  {
    "name": "Load extend/response.js",
    "start": 1572057068941,
    "end": 1572057068946,
    "duration": 5,
    "pid": 2684,
    "index": 31
  },
  {
    "name": "Require(26) node_modules/egg/app/extend/response.js",
    "start": 1572057068943,
    "end": 1572057068944,
    "duration": 1,
    "pid": 2684,
    "index": 32
  },
  {
    "name": "Load extend/context.js",
    "start": 1572057068947,
    "end": 1572057069043,
    "duration": 96,
    "pid": 2684,
    "index": 33
  },
  {
    "name": "Require(27) node_modules/egg-security/app/extend/context.js",
    "start": 1572057068948,
    "end": 1572057068961,
    "duration": 13,
    "pid": 2684,
    "index": 34
  },
  {
    "name": "Require(28) node_modules/egg-jsonp/app/extend/context.js",
    "start": 1572057068961,
    "end": 1572057068965,
    "duration": 4,
    "pid": 2684,
    "index": 35
  },
  {
    "name": "Require(29) node_modules/egg-i18n/app/extend/context.js",
    "start": 1572057068966,
    "end": 1572057068966,
    "duration": 0,
    "pid": 2684,
    "index": 36
  },
  {
    "name": "Require(30) node_modules/egg-multipart/app/extend/context.js",
    "start": 1572057068967,
    "end": 1572057069035,
    "duration": 68,
    "pid": 2684,
    "index": 37
  },
  {
    "name": "Require(31) node_modules/egg-view/app/extend/context.js",
    "start": 1572057069036,
    "end": 1572057069039,
    "duration": 3,
    "pid": 2684,
    "index": 38
  },
  {
    "name": "Require(32) node_modules/egg/app/extend/context.js",
    "start": 1572057069040,
    "end": 1572057069042,
    "duration": 2,
    "pid": 2684,
    "index": 39
  },
  {
    "name": "Load extend/helper.js",
    "start": 1572057069043,
    "end": 1572057069076,
    "duration": 33,
    "pid": 2684,
    "index": 40
  },
  {
    "name": "Require(33) node_modules/egg-security/app/extend/helper.js",
    "start": 1572057069043,
    "end": 1572057069072,
    "duration": 29,
    "pid": 2684,
    "index": 41
  },
  {
    "name": "Require(34) node_modules/egg/app/extend/helper.js",
    "start": 1572057069074,
    "end": 1572057069075,
    "duration": 1,
    "pid": 2684,
    "index": 42
  },
  {
    "name": "Load app.js",
    "start": 1572057069076,
    "end": 1572057069159,
    "duration": 83,
    "pid": 2684,
    "index": 43
  },
  {
    "name": "Require(35) node_modules/egg-session/app.js",
    "start": 1572057069077,
    "end": 1572057069077,
    "duration": 0,
    "pid": 2684,
    "index": 44
  },
  {
    "name": "Require(36) node_modules/egg-security/app.js",
    "start": 1572057069077,
    "end": 1572057069080,
    "duration": 3,
    "pid": 2684,
    "index": 45
  },
  {
    "name": "Require(37) node_modules/egg-onerror/app.js",
    "start": 1572057069083,
    "end": 1572057069094,
    "duration": 11,
    "pid": 2684,
    "index": 46
  },
  {
    "name": "Require(38) node_modules/egg-i18n/app.js",
    "start": 1572057069094,
    "end": 1572057069118,
    "duration": 24,
    "pid": 2684,
    "index": 47
  },
  {
    "name": "Require(39) node_modules/egg-watcher/app.js",
    "start": 1572057069119,
    "end": 1572057069124,
    "duration": 5,
    "pid": 2684,
    "index": 48
  },
  {
    "name": "Require(40) node_modules/egg-schedule/app.js",
    "start": 1572057069124,
    "end": 1572057069126,
    "duration": 2,
    "pid": 2684,
    "index": 49
  },
  {
    "name": "Require(41) node_modules/egg-multipart/app.js",
    "start": 1572057069126,
    "end": 1572057069128,
    "duration": 2,
    "pid": 2684,
    "index": 50
  },
  {
    "name": "Require(42) node_modules/egg-development/app.js",
    "start": 1572057069129,
    "end": 1572057069130,
    "duration": 1,
    "pid": 2684,
    "index": 51
  },
  {
    "name": "Require(43) node_modules/egg-logrotator/app.js",
    "start": 1572057069132,
    "end": 1572057069133,
    "duration": 1,
    "pid": 2684,
    "index": 52
  },
  {
    "name": "Require(44) node_modules/egg-static/app.js",
    "start": 1572057069133,
    "end": 1572057069134,
    "duration": 1,
    "pid": 2684,
    "index": 53
  },
  {
    "name": "Require(45) node_modules/egg-mysql/app.js",
    "start": 1572057069134,
    "end": 1572057069158,
    "duration": 24,
    "pid": 2684,
    "index": 54
  },
  {
    "name": "Before Start in node_modules/egg-watcher/lib/init.js:15:14",
    "start": 1572057069181,
    "end": 1572057069490,
    "duration": 309,
    "pid": 2684,
    "index": 55
  },
  {
    "name": "Before Start in node_modules/egg-mysql/lib/mysql.js:20:7",
    "start": 1572057069311,
    "end": 1572057069507,
    "duration": 196,
    "pid": 2684,
    "index": 56
  },
  {
    "name": "Load Service",
    "start": 1572057069311,
    "end": 1572057069315,
    "duration": 4,
    "pid": 2684,
    "index": 57
  },
  {
    "name": "Load \"service\" to Context",
    "start": 1572057069312,
    "end": 1572057069315,
    "duration": 3,
    "pid": 2684,
    "index": 58
  },
  {
    "name": "Load Middleware",
    "start": 1572057069315,
    "end": 1572057069428,
    "duration": 113,
    "pid": 2684,
    "index": 59
  },
  {
    "name": "Load \"middlewares\" to Application",
    "start": 1572057069315,
    "end": 1572057069415,
    "duration": 100,
    "pid": 2684,
    "index": 60
  },
  {
    "name": "Load Controller",
    "start": 1572057069428,
    "end": 1572057069441,
    "duration": 13,
    "pid": 2684,
    "index": 61
  },
  {
    "name": "Load \"controller\" to Application",
    "start": 1572057069428,
    "end": 1572057069441,
    "duration": 13,
    "pid": 2684,
    "index": 62
  },
  {
    "name": "Load Router",
    "start": 1572057069441,
    "end": 1572057069443,
    "duration": 2,
    "pid": 2684,
    "index": 63
  },
  {
    "name": "Require(46) app/router.js",
    "start": 1572057069441,
    "end": 1572057069441,
    "duration": 0,
    "pid": 2684,
    "index": 64
  },
  {
    "name": "Before Start in node_modules/egg-core/lib/egg.js:303:10",
    "start": 1572057069441,
    "end": 1572057069461,
    "duration": 20,
    "pid": 2684,
    "index": 65
  }
]