[
  {
    "name": "Application Start",
    "start": 1572056836868,
    "end": 1572056837322,
    "duration": 454,
    "pid": 10540,
    "index": 0
  },
  {
    "name": "Load Plugin",
    "start": 1572056836873,
    "end": 1572056836888,
    "duration": 15,
    "pid": 10540,
    "index": 1
  },
  {
    "name": "Load Config",
    "start": 1572056836889,
    "end": 1572056836911,
    "duration": 22,
    "pid": 10540,
    "index": 2
  },
  {
    "name": "Require(0) config/config.default.js",
    "start": 1572056836890,
    "end": 1572056836890,
    "duration": 0,
    "pid": 10540,
    "index": 3
  },
  {
    "name": "Require(1) node_modules/egg-session/config/config.default.js",
    "start": 1572056836891,
    "end": 1572056836892,
    "duration": 1,
    "pid": 10540,
    "index": 4
  },
  {
    "name": "Require(2) node_modules/egg-security/config/config.default.js",
    "start": 1572056836892,
    "end": 1572056836892,
    "duration": 0,
    "pid": 10540,
    "index": 5
  },
  {
    "name": "Require(3) node_modules/egg-jsonp/config/config.default.js",
    "start": 1572056836893,
    "end": 1572056836894,
    "duration": 1,
    "pid": 10540,
    "index": 6
  },
  {
    "name": "Require(4) node_modules/egg-onerror/config/config.default.js",
    "start": 1572056836894,
    "end": 1572056836894,
    "duration": 0,
    "pid": 10540,
    "index": 7
  },
  {
    "name": "Require(5) node_modules/egg-i18n/config/config.default.js",
    "start": 1572056836895,
    "end": 1572056836895,
    "duration": 0,
    "pid": 10540,
    "index": 8
  },
  {
    "name": "Require(6) node_modules/egg-watcher/config/config.default.js",
    "start": 1572056836896,
    "end": 1572056836896,
    "duration": 0,
    "pid": 10540,
    "index": 9
  },
  {
    "name": "Require(7) node_modules/egg-schedule/config/config.default.js",
    "start": 1572056836896,
    "end": 1572056836897,
    "duration": 1,
    "pid": 10540,
    "index": 10
  },
  {
    "name": "Require(8) node_modules/egg-multipart/config/config.default.js",
    "start": 1572056836897,
    "end": 1572056836897,
    "duration": 0,
    "pid": 10540,
    "index": 11
  },
  {
    "name": "Require(9) node_modules/egg-development/config/config.default.js",
    "start": 1572056836898,
    "end": 1572056836898,
    "duration": 0,
    "pid": 10540,
    "index": 12
  },
  {
    "name": "Require(10) node_modules/egg-logrotator/config/config.default.js",
    "start": 1572056836899,
    "end": 1572056836901,
    "duration": 2,
    "pid": 10540,
    "index": 13
  },
  {
    "name": "Require(11) node_modules/egg-static/config/config.default.js",
    "start": 1572056836901,
    "end": 1572056836902,
    "duration": 1,
    "pid": 10540,
    "index": 14
  },
  {
    "name": "Require(12) node_modules/egg-view/config/config.default.js",
    "start": 1572056836902,
    "end": 1572056836902,
    "duration": 0,
    "pid": 10540,
    "index": 15
  },
  {
    "name": "Require(13) node_modules/egg-mysql/config/config.default.js",
    "start": 1572056836903,
    "end": 1572056836904,
    "duration": 1,
    "pid": 10540,
    "index": 16
  },
  {
    "name": "Require(14) node_modules/egg/config/config.default.js",
    "start": 1572056836905,
    "end": 1572056836905,
    "duration": 0,
    "pid": 10540,
    "index": 17
  },
  {
    "name": "Require(15) config/config.default.js",
    "start": 1572056836906,
    "end": 1572056836906,
    "duration": 0,
    "pid": 10540,
    "index": 18
  },
  {
    "name": "Require(16) node_modules/egg-security/config/config.local.js",
    "start": 1572056836906,
    "end": 1572056836907,
    "duration": 1,
    "pid": 10540,
    "index": 19
  },
  {
    "name": "Require(17) node_modules/egg-watcher/config/config.local.js",
    "start": 1572056836907,
    "end": 1572056836908,
    "duration": 1,
    "pid": 10540,
    "index": 20
  },
  {
    "name": "Require(18) node_modules/egg-view/config/config.local.js",
    "start": 1572056836909,
    "end": 1572056836909,
    "duration": 0,
    "pid": 10540,
    "index": 21
  },
  {
    "name": "Require(19) node_modules/egg/config/config.local.js",
    "start": 1572056836910,
    "end": 1572056836911,
    "duration": 1,
    "pid": 10540,
    "index": 22
  },
  {
    "name": "Load extend/application.js",
    "start": 1572056836913,
    "end": 1572056836923,
    "duration": 10,
    "pid": 10540,
    "index": 23
  },
  {
    "name": "Require(20) node_modules/egg-session/app/extend/application.js",
    "start": 1572056836914,
    "end": 1572056836914,
    "duration": 0,
    "pid": 10540,
    "index": 24
  },
  {
    "name": "Require(21) node_modules/egg-security/app/extend/application.js",
    "start": 1572056836915,
    "end": 1572056836916,
    "duration": 1,
    "pid": 10540,
    "index": 25
  },
  {
    "name": "Require(22) node_modules/egg-jsonp/app/extend/application.js",
    "start": 1572056836916,
    "end": 1572056836918,
    "duration": 2,
    "pid": 10540,
    "index": 26
  },
  {
    "name": "Require(23) node_modules/egg-logrotator/app/extend/application.js",
    "start": 1572056836919,
    "end": 1572056836920,
    "duration": 1,
    "pid": 10540,
    "index": 27
  },
  {
    "name": "Require(24) node_modules/egg-view/app/extend/application.js",
    "start": 1572056836921,
    "end": 1572056836922,
    "duration": 1,
    "pid": 10540,
    "index": 28
  },
  {
    "name": "Load extend/request.js",
    "start": 1572056836923,
    "end": 1572056836927,
    "duration": 4,
    "pid": 10540,
    "index": 29
  },
  {
    "name": "Require(25) node_modules/egg/app/extend/request.js",
    "start": 1572056836925,
    "end": 1572056836926,
    "duration": 1,
    "pid": 10540,
    "index": 30
  },
  {
    "name": "Load extend/response.js",
    "start": 1572056836927,
    "end": 1572056836932,
    "duration": 5,
    "pid": 10540,
    "index": 31
  },
  {
    "name": "Require(26) node_modules/egg/app/extend/response.js",
    "start": 1572056836929,
    "end": 1572056836931,
    "duration": 2,
    "pid": 10540,
    "index": 32
  },
  {
    "name": "Load extend/context.js",
    "start": 1572056836933,
    "end": 1572056836997,
    "duration": 64,
    "pid": 10540,
    "index": 33
  },
  {
    "name": "Require(27) node_modules/egg-security/app/extend/context.js",
    "start": 1572056836933,
    "end": 1572056836942,
    "duration": 9,
    "pid": 10540,
    "index": 34
  },
  {
    "name": "Require(28) node_modules/egg-jsonp/app/extend/context.js",
    "start": 1572056836942,
    "end": 1572056836943,
    "duration": 1,
    "pid": 10540,
    "index": 35
  },
  {
    "name": "Require(29) node_modules/egg-i18n/app/extend/context.js",
    "start": 1572056836944,
    "end": 1572056836944,
    "duration": 0,
    "pid": 10540,
    "index": 36
  },
  {
    "name": "Require(30) node_modules/egg-multipart/app/extend/context.js",
    "start": 1572056836945,
    "end": 1572056836991,
    "duration": 46,
    "pid": 10540,
    "index": 37
  },
  {
    "name": "Require(31) node_modules/egg-view/app/extend/context.js",
    "start": 1572056836992,
    "end": 1572056836993,
    "duration": 1,
    "pid": 10540,
    "index": 38
  },
  {
    "name": "Require(32) node_modules/egg/app/extend/context.js",
    "start": 1572056836994,
    "end": 1572056836995,
    "duration": 1,
    "pid": 10540,
    "index": 39
  },
  {
    "name": "Load extend/helper.js",
    "start": 1572056836997,
    "end": 1572056837015,
    "duration": 18,
    "pid": 10540,
    "index": 40
  },
  {
    "name": "Require(33) node_modules/egg-security/app/extend/helper.js",
    "start": 1572056836997,
    "end": 1572056837013,
    "duration": 16,
    "pid": 10540,
    "index": 41
  },
  {
    "name": "Require(34) node_modules/egg/app/extend/helper.js",
    "start": 1572056837014,
    "end": 1572056837014,
    "duration": 0,
    "pid": 10540,
    "index": 42
  },
  {
    "name": "Load app.js",
    "start": 1572056837016,
    "end": 1572056837069,
    "duration": 53,
    "pid": 10540,
    "index": 43
  },
  {
    "name": "Require(35) node_modules/egg-session/app.js",
    "start": 1572056837016,
    "end": 1572056837016,
    "duration": 0,
    "pid": 10540,
    "index": 44
  },
  {
    "name": "Require(36) node_modules/egg-security/app.js",
    "start": 1572056837017,
    "end": 1572056837019,
    "duration": 2,
    "pid": 10540,
    "index": 45
  },
  {
    "name": "Require(37) node_modules/egg-onerror/app.js",
    "start": 1572056837019,
    "end": 1572056837028,
    "duration": 9,
    "pid": 10540,
    "index": 46
  },
  {
    "name": "Require(38) node_modules/egg-i18n/app.js",
    "start": 1572056837028,
    "end": 1572056837042,
    "duration": 14,
    "pid": 10540,
    "index": 47
  },
  {
    "name": "Require(39) node_modules/egg-watcher/app.js",
    "start": 1572056837042,
    "end": 1572056837046,
    "duration": 4,
    "pid": 10540,
    "index": 48
  },
  {
    "name": "Require(40) node_modules/egg-schedule/app.js",
    "start": 1572056837046,
    "end": 1572056837047,
    "duration": 1,
    "pid": 10540,
    "index": 49
  },
  {
    "name": "Require(41) node_modules/egg-multipart/app.js",
    "start": 1572056837048,
    "end": 1572056837049,
    "duration": 1,
    "pid": 10540,
    "index": 50
  },
  {
    "name": "Require(42) node_modules/egg-development/app.js",
    "start": 1572056837050,
    "end": 1572056837050,
    "duration": 0,
    "pid": 10540,
    "index": 51
  },
  {
    "name": "Require(43) node_modules/egg-logrotator/app.js",
    "start": 1572056837050,
    "end": 1572056837051,
    "duration": 1,
    "pid": 10540,
    "index": 52
  },
  {
    "name": "Require(44) node_modules/egg-static/app.js",
    "start": 1572056837051,
    "end": 1572056837051,
    "duration": 0,
    "pid": 10540,
    "index": 53
  },
  {
    "name": "Require(45) node_modules/egg-mysql/app.js",
    "start": 1572056837052,
    "end": 1572056837068,
    "duration": 16,
    "pid": 10540,
    "index": 54
  },
  {
    "name": "Before Start in node_modules/egg-watcher/lib/init.js:15:14",
    "start": 1572056837089,
    "end": 1572056837319,
    "duration": 230,
    "pid": 10540,
    "index": 55
  },
  {
    "name": "Before Start in node_modules/egg-mysql/lib/mysql.js:20:7",
    "start": 1572056837191,
    "end": 1572056837322,
    "duration": 131,
    "pid": 10540,
    "index": 56
  },
  {
    "name": "Load Service",
    "start": 1572056837192,
    "end": 1572056837195,
    "duration": 3,
    "pid": 10540,
    "index": 57
  },
  {
    "name": "Load \"service\" to Context",
    "start": 1572056837192,
    "end": 1572056837195,
    "duration": 3,
    "pid": 10540,
    "index": 58
  },
  {
    "name": "Load Middleware",
    "start": 1572056837196,
    "end": 1572056837272,
    "duration": 76,
    "pid": 10540,
    "index": 59
  },
  {
    "name": "Load \"middlewares\" to Application",
    "start": 1572056837196,
    "end": 1572056837263,
    "duration": 67,
    "pid": 10540,
    "index": 60
  },
  {
    "name": "Load Controller",
    "start": 1572056837272,
    "end": 1572056837280,
    "duration": 8,
    "pid": 10540,
    "index": 61
  },
  {
    "name": "Load \"controller\" to Application",
    "start": 1572056837272,
    "end": 1572056837280,
    "duration": 8,
    "pid": 10540,
    "index": 62
  },
  {
    "name": "Load Router",
    "start": 1572056837280,
    "end": 1572056837282,
    "duration": 2,
    "pid": 10540,
    "index": 63
  },
  {
    "name": "Require(46) app/router.js",
    "start": 1572056837280,
    "end": 1572056837280,
    "duration": 0,
    "pid": 10540,
    "index": 64
  },
  {
    "name": "Before Start in node_modules/egg-core/lib/egg.js:303:10",
    "start": 1572056837281,
    "end": 1572056837295,
    "duration": 14,
    "pid": 10540,
    "index": 65
  }
]