[
  {
    "name": "Application Start",
    "start": 1572057021557,
    "end": 1572057022012,
    "duration": 455,
    "pid": 19400,
    "index": 0
  },
  {
    "name": "Load Plugin",
    "start": 1572057021561,
    "end": 1572057021576,
    "duration": 15,
    "pid": 19400,
    "index": 1
  },
  {
    "name": "Load Config",
    "start": 1572057021577,
    "end": 1572057021599,
    "duration": 22,
    "pid": 19400,
    "index": 2
  },
  {
    "name": "Require(0) config/config.default.js",
    "start": 1572057021577,
    "end": 1572057021578,
    "duration": 1,
    "pid": 19400,
    "index": 3
  },
  {
    "name": "Require(1) node_modules/egg-session/config/config.default.js",
    "start": 1572057021579,
    "end": 1572057021579,
    "duration": 0,
    "pid": 19400,
    "index": 4
  },
  {
    "name": "Require(2) node_modules/egg-security/config/config.default.js",
    "start": 1572057021580,
    "end": 1572057021580,
    "duration": 0,
    "pid": 19400,
    "index": 5
  },
  {
    "name": "Require(3) node_modules/egg-jsonp/config/config.default.js",
    "start": 1572057021581,
    "end": 1572057021581,
    "duration": 0,
    "pid": 19400,
    "index": 6
  },
  {
    "name": "Require(4) node_modules/egg-onerror/config/config.default.js",
    "start": 1572057021582,
    "end": 1572057021582,
    "duration": 0,
    "pid": 19400,
    "index": 7
  },
  {
    "name": "Require(5) node_modules/egg-i18n/config/config.default.js",
    "start": 1572057021583,
    "end": 1572057021583,
    "duration": 0,
    "pid": 19400,
    "index": 8
  },
  {
    "name": "Require(6) node_modules/egg-watcher/config/config.default.js",
    "start": 1572057021585,
    "end": 1572057021585,
    "duration": 0,
    "pid": 19400,
    "index": 9
  },
  {
    "name": "Require(7) node_modules/egg-schedule/config/config.default.js",
    "start": 1572057021586,
    "end": 1572057021586,
    "duration": 0,
    "pid": 19400,
    "index": 10
  },
  {
    "name": "Require(8) node_modules/egg-multipart/config/config.default.js",
    "start": 1572057021586,
    "end": 1572057021587,
    "duration": 1,
    "pid": 19400,
    "index": 11
  },
  {
    "name": "Require(9) node_modules/egg-development/config/config.default.js",
    "start": 1572057021587,
    "end": 1572057021588,
    "duration": 1,
    "pid": 19400,
    "index": 12
  },
  {
    "name": "Require(10) node_modules/egg-logrotator/config/config.default.js",
    "start": 1572057021588,
    "end": 1572057021590,
    "duration": 2,
    "pid": 19400,
    "index": 13
  },
  {
    "name": "Require(11) node_modules/egg-static/config/config.default.js",
    "start": 1572057021591,
    "end": 1572057021591,
    "duration": 0,
    "pid": 19400,
    "index": 14
  },
  {
    "name": "Require(12) node_modules/egg-view/config/config.default.js",
    "start": 1572057021592,
    "end": 1572057021592,
    "duration": 0,
    "pid": 19400,
    "index": 15
  },
  {
    "name": "Require(13) node_modules/egg-mysql/config/config.default.js",
    "start": 1572057021592,
    "end": 1572057021593,
    "duration": 1,
    "pid": 19400,
    "index": 16
  },
  {
    "name": "Require(14) node_modules/egg/config/config.default.js",
    "start": 1572057021593,
    "end": 1572057021594,
    "duration": 1,
    "pid": 19400,
    "index": 17
  },
  {
    "name": "Require(15) config/config.default.js",
    "start": 1572057021595,
    "end": 1572057021595,
    "duration": 0,
    "pid": 19400,
    "index": 18
  },
  {
    "name": "Require(16) node_modules/egg-security/config/config.local.js",
    "start": 1572057021595,
    "end": 1572057021596,
    "duration": 1,
    "pid": 19400,
    "index": 19
  },
  {
    "name": "Require(17) node_modules/egg-watcher/config/config.local.js",
    "start": 1572057021596,
    "end": 1572057021597,
    "duration": 1,
    "pid": 19400,
    "index": 20
  },
  {
    "name": "Require(18) node_modules/egg-view/config/config.local.js",
    "start": 1572057021598,
    "end": 1572057021598,
    "duration": 0,
    "pid": 19400,
    "index": 21
  },
  {
    "name": "Require(19) node_modules/egg/config/config.local.js",
    "start": 1572057021598,
    "end": 1572057021599,
    "duration": 1,
    "pid": 19400,
    "index": 22
  },
  {
    "name": "Load extend/application.js",
    "start": 1572057021600,
    "end": 1572057021610,
    "duration": 10,
    "pid": 19400,
    "index": 23
  },
  {
    "name": "Require(20) node_modules/egg-session/app/extend/application.js",
    "start": 1572057021601,
    "end": 1572057021601,
    "duration": 0,
    "pid": 19400,
    "index": 24
  },
  {
    "name": "Require(21) node_modules/egg-security/app/extend/application.js",
    "start": 1572057021602,
    "end": 1572057021603,
    "duration": 1,
    "pid": 19400,
    "index": 25
  },
  {
    "name": "Require(22) node_modules/egg-jsonp/app/extend/application.js",
    "start": 1572057021604,
    "end": 1572057021605,
    "duration": 1,
    "pid": 19400,
    "index": 26
  },
  {
    "name": "Require(23) node_modules/egg-logrotator/app/extend/application.js",
    "start": 1572057021606,
    "end": 1572057021607,
    "duration": 1,
    "pid": 19400,
    "index": 27
  },
  {
    "name": "Require(24) node_modules/egg-view/app/extend/application.js",
    "start": 1572057021608,
    "end": 1572057021609,
    "duration": 1,
    "pid": 19400,
    "index": 28
  },
  {
    "name": "Load extend/request.js",
    "start": 1572057021610,
    "end": 1572057021614,
    "duration": 4,
    "pid": 19400,
    "index": 29
  },
  {
    "name": "Require(25) node_modules/egg/app/extend/request.js",
    "start": 1572057021612,
    "end": 1572057021613,
    "duration": 1,
    "pid": 19400,
    "index": 30
  },
  {
    "name": "Load extend/response.js",
    "start": 1572057021614,
    "end": 1572057021619,
    "duration": 5,
    "pid": 19400,
    "index": 31
  },
  {
    "name": "Require(26) node_modules/egg/app/extend/response.js",
    "start": 1572057021616,
    "end": 1572057021617,
    "duration": 1,
    "pid": 19400,
    "index": 32
  },
  {
    "name": "Load extend/context.js",
    "start": 1572057021619,
    "end": 1572057021686,
    "duration": 67,
    "pid": 19400,
    "index": 33
  },
  {
    "name": "Require(27) node_modules/egg-security/app/extend/context.js",
    "start": 1572057021620,
    "end": 1572057021630,
    "duration": 10,
    "pid": 19400,
    "index": 34
  },
  {
    "name": "Require(28) node_modules/egg-jsonp/app/extend/context.js",
    "start": 1572057021630,
    "end": 1572057021631,
    "duration": 1,
    "pid": 19400,
    "index": 35
  },
  {
    "name": "Require(29) node_modules/egg-i18n/app/extend/context.js",
    "start": 1572057021634,
    "end": 1572057021634,
    "duration": 0,
    "pid": 19400,
    "index": 36
  },
  {
    "name": "Require(30) node_modules/egg-multipart/app/extend/context.js",
    "start": 1572057021635,
    "end": 1572057021680,
    "duration": 45,
    "pid": 19400,
    "index": 37
  },
  {
    "name": "Require(31) node_modules/egg-view/app/extend/context.js",
    "start": 1572057021680,
    "end": 1572057021682,
    "duration": 2,
    "pid": 19400,
    "index": 38
  },
  {
    "name": "Require(32) node_modules/egg/app/extend/context.js",
    "start": 1572057021682,
    "end": 1572057021684,
    "duration": 2,
    "pid": 19400,
    "index": 39
  },
  {
    "name": "Load extend/helper.js",
    "start": 1572057021686,
    "end": 1572057021709,
    "duration": 23,
    "pid": 19400,
    "index": 40
  },
  {
    "name": "Require(33) node_modules/egg-security/app/extend/helper.js",
    "start": 1572057021687,
    "end": 1572057021706,
    "duration": 19,
    "pid": 19400,
    "index": 41
  },
  {
    "name": "Require(34) node_modules/egg/app/extend/helper.js",
    "start": 1572057021708,
    "end": 1572057021708,
    "duration": 0,
    "pid": 19400,
    "index": 42
  },
  {
    "name": "Load app.js",
    "start": 1572057021710,
    "end": 1572057021765,
    "duration": 55,
    "pid": 19400,
    "index": 43
  },
  {
    "name": "Require(35) node_modules/egg-session/app.js",
    "start": 1572057021710,
    "end": 1572057021710,
    "duration": 0,
    "pid": 19400,
    "index": 44
  },
  {
    "name": "Require(36) node_modules/egg-security/app.js",
    "start": 1572057021711,
    "end": 1572057021712,
    "duration": 1,
    "pid": 19400,
    "index": 45
  },
  {
    "name": "Require(37) node_modules/egg-onerror/app.js",
    "start": 1572057021713,
    "end": 1572057021722,
    "duration": 9,
    "pid": 19400,
    "index": 46
  },
  {
    "name": "Require(38) node_modules/egg-i18n/app.js",
    "start": 1572057021722,
    "end": 1572057021736,
    "duration": 14,
    "pid": 19400,
    "index": 47
  },
  {
    "name": "Require(39) node_modules/egg-watcher/app.js",
    "start": 1572057021737,
    "end": 1572057021740,
    "duration": 3,
    "pid": 19400,
    "index": 48
  },
  {
    "name": "Require(40) node_modules/egg-schedule/app.js",
    "start": 1572057021741,
    "end": 1572057021743,
    "duration": 2,
    "pid": 19400,
    "index": 49
  },
  {
    "name": "Require(41) node_modules/egg-multipart/app.js",
    "start": 1572057021743,
    "end": 1572057021745,
    "duration": 2,
    "pid": 19400,
    "index": 50
  },
  {
    "name": "Require(42) node_modules/egg-development/app.js",
    "start": 1572057021745,
    "end": 1572057021746,
    "duration": 1,
    "pid": 19400,
    "index": 51
  },
  {
    "name": "Require(43) node_modules/egg-logrotator/app.js",
    "start": 1572057021746,
    "end": 1572057021746,
    "duration": 0,
    "pid": 19400,
    "index": 52
  },
  {
    "name": "Require(44) node_modules/egg-static/app.js",
    "start": 1572057021747,
    "end": 1572057021747,
    "duration": 0,
    "pid": 19400,
    "index": 53
  },
  {
    "name": "Require(45) node_modules/egg-mysql/app.js",
    "start": 1572057021747,
    "end": 1572057021764,
    "duration": 17,
    "pid": 19400,
    "index": 54
  },
  {
    "name": "Before Start in node_modules/egg-watcher/lib/init.js:15:14",
    "start": 1572057021778,
    "end": 1572057022003,
    "duration": 225,
    "pid": 19400,
    "index": 55
  },
  {
    "name": "Before Start in node_modules/egg-mysql/lib/mysql.js:20:7",
    "start": 1572057021877,
    "end": 1572057022012,
    "duration": 135,
    "pid": 19400,
    "index": 56
  },
  {
    "name": "Load Service",
    "start": 1572057021877,
    "end": 1572057021881,
    "duration": 4,
    "pid": 19400,
    "index": 57
  },
  {
    "name": "Load \"service\" to Context",
    "start": 1572057021877,
    "end": 1572057021881,
    "duration": 4,
    "pid": 19400,
    "index": 58
  },
  {
    "name": "Load Middleware",
    "start": 1572057021881,
    "end": 1572057021962,
    "duration": 81,
    "pid": 19400,
    "index": 59
  },
  {
    "name": "Load \"middlewares\" to Application",
    "start": 1572057021881,
    "end": 1572057021952,
    "duration": 71,
    "pid": 19400,
    "index": 60
  },
  {
    "name": "Load Controller",
    "start": 1572057021962,
    "end": 1572057021969,
    "duration": 7,
    "pid": 19400,
    "index": 61
  },
  {
    "name": "Load \"controller\" to Application",
    "start": 1572057021962,
    "end": 1572057021969,
    "duration": 7,
    "pid": 19400,
    "index": 62
  },
  {
    "name": "Load Router",
    "start": 1572057021969,
    "end": 1572057021971,
    "duration": 2,
    "pid": 19400,
    "index": 63
  },
  {
    "name": "Require(46) app/router.js",
    "start": 1572057021969,
    "end": 1572057021970,
    "duration": 1,
    "pid": 19400,
    "index": 64
  },
  {
    "name": "Before Start in node_modules/egg-core/lib/egg.js:303:10",
    "start": 1572057021970,
    "end": 1572057021985,
    "duration": 15,
    "pid": 19400,
    "index": 65
  }
]