[
  {
    "name": "Application Start",
    "start": 1572056330313,
    "end": 1572056330788,
    "duration": 475,
    "pid": 18536,
    "index": 0
  },
  {
    "name": "Load Plugin",
    "start": 1572056330317,
    "end": 1572056330333,
    "duration": 16,
    "pid": 18536,
    "index": 1
  },
  {
    "name": "Load Config",
    "start": 1572056330334,
    "end": 1572056330357,
    "duration": 23,
    "pid": 18536,
    "index": 2
  },
  {
    "name": "Require(0) config/config.default.js",
    "start": 1572056330334,
    "end": 1572056330335,
    "duration": 1,
    "pid": 18536,
    "index": 3
  },
  {
    "name": "Require(1) node_modules/egg-session/config/config.default.js",
    "start": 1572056330336,
    "end": 1572056330336,
    "duration": 0,
    "pid": 18536,
    "index": 4
  },
  {
    "name": "Require(2) node_modules/egg-security/config/config.default.js",
    "start": 1572056330338,
    "end": 1572056330338,
    "duration": 0,
    "pid": 18536,
    "index": 5
  },
  {
    "name": "Require(3) node_modules/egg-jsonp/config/config.default.js",
    "start": 1572056330340,
    "end": 1572056330340,
    "duration": 0,
    "pid": 18536,
    "index": 6
  },
  {
    "name": "Require(4) node_modules/egg-onerror/config/config.default.js",
    "start": 1572056330341,
    "end": 1572056330341,
    "duration": 0,
    "pid": 18536,
    "index": 7
  },
  {
    "name": "Require(5) node_modules/egg-i18n/config/config.default.js",
    "start": 1572056330341,
    "end": 1572056330342,
    "duration": 1,
    "pid": 18536,
    "index": 8
  },
  {
    "name": "Require(6) node_modules/egg-watcher/config/config.default.js",
    "start": 1572056330343,
    "end": 1572056330343,
    "duration": 0,
    "pid": 18536,
    "index": 9
  },
  {
    "name": "Require(7) node_modules/egg-schedule/config/config.default.js",
    "start": 1572056330344,
    "end": 1572056330344,
    "duration": 0,
    "pid": 18536,
    "index": 10
  },
  {
    "name": "Require(8) node_modules/egg-multipart/config/config.default.js",
    "start": 1572056330344,
    "end": 1572056330345,
    "duration": 1,
    "pid": 18536,
    "index": 11
  },
  {
    "name": "Require(9) node_modules/egg-development/config/config.default.js",
    "start": 1572056330345,
    "end": 1572056330346,
    "duration": 1,
    "pid": 18536,
    "index": 12
  },
  {
    "name": "Require(10) node_modules/egg-logrotator/config/config.default.js",
    "start": 1572056330346,
    "end": 1572056330348,
    "duration": 2,
    "pid": 18536,
    "index": 13
  },
  {
    "name": "Require(11) node_modules/egg-static/config/config.default.js",
    "start": 1572056330349,
    "end": 1572056330349,
    "duration": 0,
    "pid": 18536,
    "index": 14
  },
  {
    "name": "Require(12) node_modules/egg-view/config/config.default.js",
    "start": 1572056330350,
    "end": 1572056330350,
    "duration": 0,
    "pid": 18536,
    "index": 15
  },
  {
    "name": "Require(13) node_modules/egg-mysql/config/config.default.js",
    "start": 1572056330351,
    "end": 1572056330351,
    "duration": 0,
    "pid": 18536,
    "index": 16
  },
  {
    "name": "Require(14) node_modules/egg/config/config.default.js",
    "start": 1572056330351,
    "end": 1572056330352,
    "duration": 1,
    "pid": 18536,
    "index": 17
  },
  {
    "name": "Require(15) config/config.default.js",
    "start": 1572056330353,
    "end": 1572056330353,
    "duration": 0,
    "pid": 18536,
    "index": 18
  },
  {
    "name": "Require(16) node_modules/egg-security/config/config.local.js",
    "start": 1572056330353,
    "end": 1572056330354,
    "duration": 1,
    "pid": 18536,
    "index": 19
  },
  {
    "name": "Require(17) node_modules/egg-watcher/config/config.local.js",
    "start": 1572056330355,
    "end": 1572056330355,
    "duration": 0,
    "pid": 18536,
    "index": 20
  },
  {
    "name": "Require(18) node_modules/egg-view/config/config.local.js",
    "start": 1572056330356,
    "end": 1572056330356,
    "duration": 0,
    "pid": 18536,
    "index": 21
  },
  {
    "name": "Require(19) node_modules/egg/config/config.local.js",
    "start": 1572056330357,
    "end": 1572056330357,
    "duration": 0,
    "pid": 18536,
    "index": 22
  },
  {
    "name": "Load extend/application.js",
    "start": 1572056330359,
    "end": 1572056330368,
    "duration": 9,
    "pid": 18536,
    "index": 23
  },
  {
    "name": "Require(20) node_modules/egg-session/app/extend/application.js",
    "start": 1572056330359,
    "end": 1572056330360,
    "duration": 1,
    "pid": 18536,
    "index": 24
  },
  {
    "name": "Require(21) node_modules/egg-security/app/extend/application.js",
    "start": 1572056330360,
    "end": 1572056330361,
    "duration": 1,
    "pid": 18536,
    "index": 25
  },
  {
    "name": "Require(22) node_modules/egg-jsonp/app/extend/application.js",
    "start": 1572056330361,
    "end": 1572056330363,
    "duration": 2,
    "pid": 18536,
    "index": 26
  },
  {
    "name": "Require(23) node_modules/egg-logrotator/app/extend/application.js",
    "start": 1572056330363,
    "end": 1572056330365,
    "duration": 2,
    "pid": 18536,
    "index": 27
  },
  {
    "name": "Require(24) node_modules/egg-view/app/extend/application.js",
    "start": 1572056330365,
    "end": 1572056330367,
    "duration": 2,
    "pid": 18536,
    "index": 28
  },
  {
    "name": "Load extend/request.js",
    "start": 1572056330368,
    "end": 1572056330373,
    "duration": 5,
    "pid": 18536,
    "index": 29
  },
  {
    "name": "Require(25) node_modules/egg/app/extend/request.js",
    "start": 1572056330371,
    "end": 1572056330372,
    "duration": 1,
    "pid": 18536,
    "index": 30
  },
  {
    "name": "Load extend/response.js",
    "start": 1572056330373,
    "end": 1572056330377,
    "duration": 4,
    "pid": 18536,
    "index": 31
  },
  {
    "name": "Require(26) node_modules/egg/app/extend/response.js",
    "start": 1572056330375,
    "end": 1572056330376,
    "duration": 1,
    "pid": 18536,
    "index": 32
  },
  {
    "name": "Load extend/context.js",
    "start": 1572056330377,
    "end": 1572056330445,
    "duration": 68,
    "pid": 18536,
    "index": 33
  },
  {
    "name": "Require(27) node_modules/egg-security/app/extend/context.js",
    "start": 1572056330378,
    "end": 1572056330387,
    "duration": 9,
    "pid": 18536,
    "index": 34
  },
  {
    "name": "Require(28) node_modules/egg-jsonp/app/extend/context.js",
    "start": 1572056330387,
    "end": 1572056330389,
    "duration": 2,
    "pid": 18536,
    "index": 35
  },
  {
    "name": "Require(29) node_modules/egg-i18n/app/extend/context.js",
    "start": 1572056330389,
    "end": 1572056330389,
    "duration": 0,
    "pid": 18536,
    "index": 36
  },
  {
    "name": "Require(30) node_modules/egg-multipart/app/extend/context.js",
    "start": 1572056330390,
    "end": 1572056330440,
    "duration": 50,
    "pid": 18536,
    "index": 37
  },
  {
    "name": "Require(31) node_modules/egg-view/app/extend/context.js",
    "start": 1572056330441,
    "end": 1572056330442,
    "duration": 1,
    "pid": 18536,
    "index": 38
  },
  {
    "name": "Require(32) node_modules/egg/app/extend/context.js",
    "start": 1572056330442,
    "end": 1572056330444,
    "duration": 2,
    "pid": 18536,
    "index": 39
  },
  {
    "name": "Load extend/helper.js",
    "start": 1572056330445,
    "end": 1572056330463,
    "duration": 18,
    "pid": 18536,
    "index": 40
  },
  {
    "name": "Require(33) node_modules/egg-security/app/extend/helper.js",
    "start": 1572056330446,
    "end": 1572056330461,
    "duration": 15,
    "pid": 18536,
    "index": 41
  },
  {
    "name": "Require(34) node_modules/egg/app/extend/helper.js",
    "start": 1572056330462,
    "end": 1572056330462,
    "duration": 0,
    "pid": 18536,
    "index": 42
  },
  {
    "name": "Load app.js",
    "start": 1572056330464,
    "end": 1572056330516,
    "duration": 52,
    "pid": 18536,
    "index": 43
  },
  {
    "name": "Require(35) node_modules/egg-session/app.js",
    "start": 1572056330464,
    "end": 1572056330465,
    "duration": 1,
    "pid": 18536,
    "index": 44
  },
  {
    "name": "Require(36) node_modules/egg-security/app.js",
    "start": 1572056330466,
    "end": 1572056330467,
    "duration": 1,
    "pid": 18536,
    "index": 45
  },
  {
    "name": "Require(37) node_modules/egg-onerror/app.js",
    "start": 1572056330468,
    "end": 1572056330475,
    "duration": 7,
    "pid": 18536,
    "index": 46
  },
  {
    "name": "Require(38) node_modules/egg-i18n/app.js",
    "start": 1572056330476,
    "end": 1572056330490,
    "duration": 14,
    "pid": 18536,
    "index": 47
  },
  {
    "name": "Require(39) node_modules/egg-watcher/app.js",
    "start": 1572056330490,
    "end": 1572056330493,
    "duration": 3,
    "pid": 18536,
    "index": 48
  },
  {
    "name": "Require(40) node_modules/egg-schedule/app.js",
    "start": 1572056330493,
    "end": 1572056330495,
    "duration": 2,
    "pid": 18536,
    "index": 49
  },
  {
    "name": "Require(41) node_modules/egg-multipart/app.js",
    "start": 1572056330495,
    "end": 1572056330497,
    "duration": 2,
    "pid": 18536,
    "index": 50
  },
  {
    "name": "Require(42) node_modules/egg-development/app.js",
    "start": 1572056330498,
    "end": 1572056330498,
    "duration": 0,
    "pid": 18536,
    "index": 51
  },
  {
    "name": "Require(43) node_modules/egg-logrotator/app.js",
    "start": 1572056330498,
    "end": 1572056330499,
    "duration": 1,
    "pid": 18536,
    "index": 52
  },
  {
    "name": "Require(44) node_modules/egg-static/app.js",
    "start": 1572056330499,
    "end": 1572056330499,
    "duration": 0,
    "pid": 18536,
    "index": 53
  },
  {
    "name": "Require(45) node_modules/egg-mysql/app.js",
    "start": 1572056330500,
    "end": 1572056330515,
    "duration": 15,
    "pid": 18536,
    "index": 54
  },
  {
    "name": "Before Start in node_modules/egg-watcher/lib/init.js:15:14",
    "start": 1572056330529,
    "end": 1572056330775,
    "duration": 246,
    "pid": 18536,
    "index": 55
  },
  {
    "name": "Before Start in node_modules/egg-mysql/lib/mysql.js:20:7",
    "start": 1572056330629,
    "end": 1572056330781,
    "duration": 152,
    "pid": 18536,
    "index": 56
  },
  {
    "name": "Load Service",
    "start": 1572056330629,
    "end": 1572056330632,
    "duration": 3,
    "pid": 18536,
    "index": 57
  },
  {
    "name": "Load \"service\" to Context",
    "start": 1572056330629,
    "end": 1572056330632,
    "duration": 3,
    "pid": 18536,
    "index": 58
  },
  {
    "name": "Load Middleware",
    "start": 1572056330632,
    "end": 1572056330726,
    "duration": 94,
    "pid": 18536,
    "index": 59
  },
  {
    "name": "Load \"middlewares\" to Application",
    "start": 1572056330632,
    "end": 1572056330718,
    "duration": 86,
    "pid": 18536,
    "index": 60
  },
  {
    "name": "Load Controller",
    "start": 1572056330726,
    "end": 1572056330734,
    "duration": 8,
    "pid": 18536,
    "index": 61
  },
  {
    "name": "Load \"controller\" to Application",
    "start": 1572056330726,
    "end": 1572056330734,
    "duration": 8,
    "pid": 18536,
    "index": 62
  },
  {
    "name": "Load Router",
    "start": 1572056330734,
    "end": 1572056330737,
    "duration": 3,
    "pid": 18536,
    "index": 63
  },
  {
    "name": "Require(46) app/router.js",
    "start": 1572056330735,
    "end": 1572056330735,
    "duration": 0,
    "pid": 18536,
    "index": 64
  },
  {
    "name": "Before Start in node_modules/egg-core/lib/egg.js:303:10",
    "start": 1572056330735,
    "end": 1572056330749,
    "duration": 14,
    "pid": 18536,
    "index": 65
  }
]