[
  {
    "name": "Application Start",
    "start": 1572056747858,
    "end": 1572056748385,
    "duration": 527,
    "pid": 18076,
    "index": 0
  },
  {
    "name": "Load Plugin",
    "start": 1572056747862,
    "end": 1572056747876,
    "duration": 14,
    "pid": 18076,
    "index": 1
  },
  {
    "name": "Load Config",
    "start": 1572056747876,
    "end": 1572056747902,
    "duration": 26,
    "pid": 18076,
    "index": 2
  },
  {
    "name": "Require(0) config/config.default.js",
    "start": 1572056747877,
    "end": 1572056747877,
    "duration": 0,
    "pid": 18076,
    "index": 3
  },
  {
    "name": "Require(1) node_modules/egg-session/config/config.default.js",
    "start": 1572056747880,
    "end": 1572056747880,
    "duration": 0,
    "pid": 18076,
    "index": 4
  },
  {
    "name": "Require(2) node_modules/egg-security/config/config.default.js",
    "start": 1572056747881,
    "end": 1572056747881,
    "duration": 0,
    "pid": 18076,
    "index": 5
  },
  {
    "name": "Require(3) node_modules/egg-jsonp/config/config.default.js",
    "start": 1572056747882,
    "end": 1572056747883,
    "duration": 1,
    "pid": 18076,
    "index": 6
  },
  {
    "name": "Require(4) node_modules/egg-onerror/config/config.default.js",
    "start": 1572056747883,
    "end": 1572056747884,
    "duration": 1,
    "pid": 18076,
    "index": 7
  },
  {
    "name": "Require(5) node_modules/egg-i18n/config/config.default.js",
    "start": 1572056747885,
    "end": 1572056747885,
    "duration": 0,
    "pid": 18076,
    "index": 8
  },
  {
    "name": "Require(6) node_modules/egg-watcher/config/config.default.js",
    "start": 1572056747886,
    "end": 1572056747886,
    "duration": 0,
    "pid": 18076,
    "index": 9
  },
  {
    "name": "Require(7) node_modules/egg-schedule/config/config.default.js",
    "start": 1572056747887,
    "end": 1572056747887,
    "duration": 0,
    "pid": 18076,
    "index": 10
  },
  {
    "name": "Require(8) node_modules/egg-multipart/config/config.default.js",
    "start": 1572056747888,
    "end": 1572056747888,
    "duration": 0,
    "pid": 18076,
    "index": 11
  },
  {
    "name": "Require(9) node_modules/egg-development/config/config.default.js",
    "start": 1572056747889,
    "end": 1572056747890,
    "duration": 1,
    "pid": 18076,
    "index": 12
  },
  {
    "name": "Require(10) node_modules/egg-logrotator/config/config.default.js",
    "start": 1572056747890,
    "end": 1572056747893,
    "duration": 3,
    "pid": 18076,
    "index": 13
  },
  {
    "name": "Require(11) node_modules/egg-static/config/config.default.js",
    "start": 1572056747894,
    "end": 1572056747894,
    "duration": 0,
    "pid": 18076,
    "index": 14
  },
  {
    "name": "Require(12) node_modules/egg-view/config/config.default.js",
    "start": 1572056747894,
    "end": 1572056747895,
    "duration": 1,
    "pid": 18076,
    "index": 15
  },
  {
    "name": "Require(13) node_modules/egg-mysql/config/config.default.js",
    "start": 1572056747895,
    "end": 1572056747895,
    "duration": 0,
    "pid": 18076,
    "index": 16
  },
  {
    "name": "Require(14) node_modules/egg/config/config.default.js",
    "start": 1572056747896,
    "end": 1572056747896,
    "duration": 0,
    "pid": 18076,
    "index": 17
  },
  {
    "name": "Require(15) config/config.default.js",
    "start": 1572056747898,
    "end": 1572056747898,
    "duration": 0,
    "pid": 18076,
    "index": 18
  },
  {
    "name": "Require(16) node_modules/egg-security/config/config.local.js",
    "start": 1572056747899,
    "end": 1572056747899,
    "duration": 0,
    "pid": 18076,
    "index": 19
  },
  {
    "name": "Require(17) node_modules/egg-watcher/config/config.local.js",
    "start": 1572056747900,
    "end": 1572056747900,
    "duration": 0,
    "pid": 18076,
    "index": 20
  },
  {
    "name": "Require(18) node_modules/egg-view/config/config.local.js",
    "start": 1572056747901,
    "end": 1572056747901,
    "duration": 0,
    "pid": 18076,
    "index": 21
  },
  {
    "name": "Require(19) node_modules/egg/config/config.local.js",
    "start": 1572056747902,
    "end": 1572056747902,
    "duration": 0,
    "pid": 18076,
    "index": 22
  },
  {
    "name": "Load extend/application.js",
    "start": 1572056747903,
    "end": 1572056747913,
    "duration": 10,
    "pid": 18076,
    "index": 23
  },
  {
    "name": "Require(20) node_modules/egg-session/app/extend/application.js",
    "start": 1572056747904,
    "end": 1572056747904,
    "duration": 0,
    "pid": 18076,
    "index": 24
  },
  {
    "name": "Require(21) node_modules/egg-security/app/extend/application.js",
    "start": 1572056747905,
    "end": 1572056747906,
    "duration": 1,
    "pid": 18076,
    "index": 25
  },
  {
    "name": "Require(22) node_modules/egg-jsonp/app/extend/application.js",
    "start": 1572056747906,
    "end": 1572056747908,
    "duration": 2,
    "pid": 18076,
    "index": 26
  },
  {
    "name": "Require(23) node_modules/egg-logrotator/app/extend/application.js",
    "start": 1572056747908,
    "end": 1572056747910,
    "duration": 2,
    "pid": 18076,
    "index": 27
  },
  {
    "name": "Require(24) node_modules/egg-view/app/extend/application.js",
    "start": 1572056747910,
    "end": 1572056747912,
    "duration": 2,
    "pid": 18076,
    "index": 28
  },
  {
    "name": "Load extend/request.js",
    "start": 1572056747913,
    "end": 1572056747916,
    "duration": 3,
    "pid": 18076,
    "index": 29
  },
  {
    "name": "Require(25) node_modules/egg/app/extend/request.js",
    "start": 1572056747914,
    "end": 1572056747915,
    "duration": 1,
    "pid": 18076,
    "index": 30
  },
  {
    "name": "Load extend/response.js",
    "start": 1572056747916,
    "end": 1572056747920,
    "duration": 4,
    "pid": 18076,
    "index": 31
  },
  {
    "name": "Require(26) node_modules/egg/app/extend/response.js",
    "start": 1572056747917,
    "end": 1572056747918,
    "duration": 1,
    "pid": 18076,
    "index": 32
  },
  {
    "name": "Load extend/context.js",
    "start": 1572056747920,
    "end": 1572056747980,
    "duration": 60,
    "pid": 18076,
    "index": 33
  },
  {
    "name": "Require(27) node_modules/egg-security/app/extend/context.js",
    "start": 1572056747921,
    "end": 1572056747929,
    "duration": 8,
    "pid": 18076,
    "index": 34
  },
  {
    "name": "Require(28) node_modules/egg-jsonp/app/extend/context.js",
    "start": 1572056747930,
    "end": 1572056747931,
    "duration": 1,
    "pid": 18076,
    "index": 35
  },
  {
    "name": "Require(29) node_modules/egg-i18n/app/extend/context.js",
    "start": 1572056747933,
    "end": 1572056747933,
    "duration": 0,
    "pid": 18076,
    "index": 36
  },
  {
    "name": "Require(30) node_modules/egg-multipart/app/extend/context.js",
    "start": 1572056747934,
    "end": 1572056747975,
    "duration": 41,
    "pid": 18076,
    "index": 37
  },
  {
    "name": "Require(31) node_modules/egg-view/app/extend/context.js",
    "start": 1572056747975,
    "end": 1572056747977,
    "duration": 2,
    "pid": 18076,
    "index": 38
  },
  {
    "name": "Require(32) node_modules/egg/app/extend/context.js",
    "start": 1572056747977,
    "end": 1572056747979,
    "duration": 2,
    "pid": 18076,
    "index": 39
  },
  {
    "name": "Load extend/helper.js",
    "start": 1572056747980,
    "end": 1572056748013,
    "duration": 33,
    "pid": 18076,
    "index": 40
  },
  {
    "name": "Require(33) node_modules/egg-security/app/extend/helper.js",
    "start": 1572056747981,
    "end": 1572056748006,
    "duration": 25,
    "pid": 18076,
    "index": 41
  },
  {
    "name": "Require(34) node_modules/egg/app/extend/helper.js",
    "start": 1572056748011,
    "end": 1572056748012,
    "duration": 1,
    "pid": 18076,
    "index": 42
  },
  {
    "name": "Load app.js",
    "start": 1572056748013,
    "end": 1572056748094,
    "duration": 81,
    "pid": 18076,
    "index": 43
  },
  {
    "name": "Require(35) node_modules/egg-session/app.js",
    "start": 1572056748014,
    "end": 1572056748014,
    "duration": 0,
    "pid": 18076,
    "index": 44
  },
  {
    "name": "Require(36) node_modules/egg-security/app.js",
    "start": 1572056748014,
    "end": 1572056748016,
    "duration": 2,
    "pid": 18076,
    "index": 45
  },
  {
    "name": "Require(37) node_modules/egg-onerror/app.js",
    "start": 1572056748016,
    "end": 1572056748033,
    "duration": 17,
    "pid": 18076,
    "index": 46
  },
  {
    "name": "Require(38) node_modules/egg-i18n/app.js",
    "start": 1572056748033,
    "end": 1572056748053,
    "duration": 20,
    "pid": 18076,
    "index": 47
  },
  {
    "name": "Require(39) node_modules/egg-watcher/app.js",
    "start": 1572056748054,
    "end": 1572056748058,
    "duration": 4,
    "pid": 18076,
    "index": 48
  },
  {
    "name": "Require(40) node_modules/egg-schedule/app.js",
    "start": 1572056748059,
    "end": 1572056748061,
    "duration": 2,
    "pid": 18076,
    "index": 49
  },
  {
    "name": "Require(41) node_modules/egg-multipart/app.js",
    "start": 1572056748061,
    "end": 1572056748064,
    "duration": 3,
    "pid": 18076,
    "index": 50
  },
  {
    "name": "Require(42) node_modules/egg-development/app.js",
    "start": 1572056748065,
    "end": 1572056748065,
    "duration": 0,
    "pid": 18076,
    "index": 51
  },
  {
    "name": "Require(43) node_modules/egg-logrotator/app.js",
    "start": 1572056748066,
    "end": 1572056748067,
    "duration": 1,
    "pid": 18076,
    "index": 52
  },
  {
    "name": "Require(44) node_modules/egg-static/app.js",
    "start": 1572056748068,
    "end": 1572056748069,
    "duration": 1,
    "pid": 18076,
    "index": 53
  },
  {
    "name": "Require(45) node_modules/egg-mysql/app.js",
    "start": 1572056748070,
    "end": 1572056748093,
    "duration": 23,
    "pid": 18076,
    "index": 54
  },
  {
    "name": "Before Start in node_modules/egg-watcher/lib/init.js:15:14",
    "start": 1572056748108,
    "end": 1572056748377,
    "duration": 269,
    "pid": 18076,
    "index": 55
  },
  {
    "name": "Before Start in node_modules/egg-mysql/lib/mysql.js:20:7",
    "start": 1572056748222,
    "end": 1572056748385,
    "duration": 163,
    "pid": 18076,
    "index": 56
  },
  {
    "name": "Load Service",
    "start": 1572056748223,
    "end": 1572056748227,
    "duration": 4,
    "pid": 18076,
    "index": 57
  },
  {
    "name": "Load \"service\" to Context",
    "start": 1572056748223,
    "end": 1572056748227,
    "duration": 4,
    "pid": 18076,
    "index": 58
  },
  {
    "name": "Load Middleware",
    "start": 1572056748227,
    "end": 1572056748334,
    "duration": 107,
    "pid": 18076,
    "index": 59
  },
  {
    "name": "Load \"middlewares\" to Application",
    "start": 1572056748227,
    "end": 1572056748323,
    "duration": 96,
    "pid": 18076,
    "index": 60
  },
  {
    "name": "Load Controller",
    "start": 1572056748334,
    "end": 1572056748343,
    "duration": 9,
    "pid": 18076,
    "index": 61
  },
  {
    "name": "Load \"controller\" to Application",
    "start": 1572056748334,
    "end": 1572056748343,
    "duration": 9,
    "pid": 18076,
    "index": 62
  },
  {
    "name": "Load Router",
    "start": 1572056748343,
    "end": 1572056748345,
    "duration": 2,
    "pid": 18076,
    "index": 63
  },
  {
    "name": "Require(46) app/router.js",
    "start": 1572056748343,
    "end": 1572056748343,
    "duration": 0,
    "pid": 18076,
    "index": 64
  },
  {
    "name": "Before Start in node_modules/egg-core/lib/egg.js:303:10",
    "start": 1572056748343,
    "end": 1572056748359,
    "duration": 16,
    "pid": 18076,
    "index": 65
  }
]