[
  {
    "name": "Application Start",
    "start": 1572056750345,
    "end": 1572056750807,
    "duration": 462,
    "pid": 16200,
    "index": 0
  },
  {
    "name": "Load Plugin",
    "start": 1572056750351,
    "end": 1572056750366,
    "duration": 15,
    "pid": 16200,
    "index": 1
  },
  {
    "name": "Load Config",
    "start": 1572056750367,
    "end": 1572056750395,
    "duration": 28,
    "pid": 16200,
    "index": 2
  },
  {
    "name": "Require(0) config/config.default.js",
    "start": 1572056750367,
    "end": 1572056750368,
    "duration": 1,
    "pid": 16200,
    "index": 3
  },
  {
    "name": "Require(1) node_modules/egg-session/config/config.default.js",
    "start": 1572056750370,
    "end": 1572056750370,
    "duration": 0,
    "pid": 16200,
    "index": 4
  },
  {
    "name": "Require(2) node_modules/egg-security/config/config.default.js",
    "start": 1572056750371,
    "end": 1572056750371,
    "duration": 0,
    "pid": 16200,
    "index": 5
  },
  {
    "name": "Require(3) node_modules/egg-jsonp/config/config.default.js",
    "start": 1572056750372,
    "end": 1572056750373,
    "duration": 1,
    "pid": 16200,
    "index": 6
  },
  {
    "name": "Require(4) node_modules/egg-onerror/config/config.default.js",
    "start": 1572056750373,
    "end": 1572056750373,
    "duration": 0,
    "pid": 16200,
    "index": 7
  },
  {
    "name": "Require(5) node_modules/egg-i18n/config/config.default.js",
    "start": 1572056750374,
    "end": 1572056750374,
    "duration": 0,
    "pid": 16200,
    "index": 8
  },
  {
    "name": "Require(6) node_modules/egg-watcher/config/config.default.js",
    "start": 1572056750375,
    "end": 1572056750376,
    "duration": 1,
    "pid": 16200,
    "index": 9
  },
  {
    "name": "Require(7) node_modules/egg-schedule/config/config.default.js",
    "start": 1572056750377,
    "end": 1572056750377,
    "duration": 0,
    "pid": 16200,
    "index": 10
  },
  {
    "name": "Require(8) node_modules/egg-multipart/config/config.default.js",
    "start": 1572056750377,
    "end": 1572056750378,
    "duration": 1,
    "pid": 16200,
    "index": 11
  },
  {
    "name": "Require(9) node_modules/egg-development/config/config.default.js",
    "start": 1572056750378,
    "end": 1572056750379,
    "duration": 1,
    "pid": 16200,
    "index": 12
  },
  {
    "name": "Require(10) node_modules/egg-logrotator/config/config.default.js",
    "start": 1572056750379,
    "end": 1572056750382,
    "duration": 3,
    "pid": 16200,
    "index": 13
  },
  {
    "name": "Require(11) node_modules/egg-static/config/config.default.js",
    "start": 1572056750383,
    "end": 1572056750384,
    "duration": 1,
    "pid": 16200,
    "index": 14
  },
  {
    "name": "Require(12) node_modules/egg-view/config/config.default.js",
    "start": 1572056750386,
    "end": 1572056750387,
    "duration": 1,
    "pid": 16200,
    "index": 15
  },
  {
    "name": "Require(13) node_modules/egg-mysql/config/config.default.js",
    "start": 1572056750388,
    "end": 1572056750388,
    "duration": 0,
    "pid": 16200,
    "index": 16
  },
  {
    "name": "Require(14) node_modules/egg/config/config.default.js",
    "start": 1572056750389,
    "end": 1572056750389,
    "duration": 0,
    "pid": 16200,
    "index": 17
  },
  {
    "name": "Require(15) config/config.default.js",
    "start": 1572056750391,
    "end": 1572056750391,
    "duration": 0,
    "pid": 16200,
    "index": 18
  },
  {
    "name": "Require(16) node_modules/egg-security/config/config.local.js",
    "start": 1572056750392,
    "end": 1572056750392,
    "duration": 0,
    "pid": 16200,
    "index": 19
  },
  {
    "name": "Require(17) node_modules/egg-watcher/config/config.local.js",
    "start": 1572056750393,
    "end": 1572056750393,
    "duration": 0,
    "pid": 16200,
    "index": 20
  },
  {
    "name": "Require(18) node_modules/egg-view/config/config.local.js",
    "start": 1572056750394,
    "end": 1572056750394,
    "duration": 0,
    "pid": 16200,
    "index": 21
  },
  {
    "name": "Require(19) node_modules/egg/config/config.local.js",
    "start": 1572056750395,
    "end": 1572056750395,
    "duration": 0,
    "pid": 16200,
    "index": 22
  },
  {
    "name": "Load extend/application.js",
    "start": 1572056750397,
    "end": 1572056750408,
    "duration": 11,
    "pid": 16200,
    "index": 23
  },
  {
    "name": "Require(20) node_modules/egg-session/app/extend/application.js",
    "start": 1572056750397,
    "end": 1572056750398,
    "duration": 1,
    "pid": 16200,
    "index": 24
  },
  {
    "name": "Require(21) node_modules/egg-security/app/extend/application.js",
    "start": 1572056750398,
    "end": 1572056750399,
    "duration": 1,
    "pid": 16200,
    "index": 25
  },
  {
    "name": "Require(22) node_modules/egg-jsonp/app/extend/application.js",
    "start": 1572056750399,
    "end": 1572056750401,
    "duration": 2,
    "pid": 16200,
    "index": 26
  },
  {
    "name": "Require(23) node_modules/egg-logrotator/app/extend/application.js",
    "start": 1572056750404,
    "end": 1572056750405,
    "duration": 1,
    "pid": 16200,
    "index": 27
  },
  {
    "name": "Require(24) node_modules/egg-view/app/extend/application.js",
    "start": 1572056750406,
    "end": 1572056750407,
    "duration": 1,
    "pid": 16200,
    "index": 28
  },
  {
    "name": "Load extend/request.js",
    "start": 1572056750408,
    "end": 1572056750412,
    "duration": 4,
    "pid": 16200,
    "index": 29
  },
  {
    "name": "Require(25) node_modules/egg/app/extend/request.js",
    "start": 1572056750410,
    "end": 1572056750411,
    "duration": 1,
    "pid": 16200,
    "index": 30
  },
  {
    "name": "Load extend/response.js",
    "start": 1572056750412,
    "end": 1572056750416,
    "duration": 4,
    "pid": 16200,
    "index": 31
  },
  {
    "name": "Require(26) node_modules/egg/app/extend/response.js",
    "start": 1572056750413,
    "end": 1572056750414,
    "duration": 1,
    "pid": 16200,
    "index": 32
  },
  {
    "name": "Load extend/context.js",
    "start": 1572056750416,
    "end": 1572056750477,
    "duration": 61,
    "pid": 16200,
    "index": 33
  },
  {
    "name": "Require(27) node_modules/egg-security/app/extend/context.js",
    "start": 1572056750417,
    "end": 1572056750425,
    "duration": 8,
    "pid": 16200,
    "index": 34
  },
  {
    "name": "Require(28) node_modules/egg-jsonp/app/extend/context.js",
    "start": 1572056750426,
    "end": 1572056750427,
    "duration": 1,
    "pid": 16200,
    "index": 35
  },
  {
    "name": "Require(29) node_modules/egg-i18n/app/extend/context.js",
    "start": 1572056750429,
    "end": 1572056750429,
    "duration": 0,
    "pid": 16200,
    "index": 36
  },
  {
    "name": "Require(30) node_modules/egg-multipart/app/extend/context.js",
    "start": 1572056750430,
    "end": 1572056750472,
    "duration": 42,
    "pid": 16200,
    "index": 37
  },
  {
    "name": "Require(31) node_modules/egg-view/app/extend/context.js",
    "start": 1572056750473,
    "end": 1572056750474,
    "duration": 1,
    "pid": 16200,
    "index": 38
  },
  {
    "name": "Require(32) node_modules/egg/app/extend/context.js",
    "start": 1572056750474,
    "end": 1572056750476,
    "duration": 2,
    "pid": 16200,
    "index": 39
  },
  {
    "name": "Load extend/helper.js",
    "start": 1572056750477,
    "end": 1572056750497,
    "duration": 20,
    "pid": 16200,
    "index": 40
  },
  {
    "name": "Require(33) node_modules/egg-security/app/extend/helper.js",
    "start": 1572056750477,
    "end": 1572056750494,
    "duration": 17,
    "pid": 16200,
    "index": 41
  },
  {
    "name": "Require(34) node_modules/egg/app/extend/helper.js",
    "start": 1572056750495,
    "end": 1572056750496,
    "duration": 1,
    "pid": 16200,
    "index": 42
  },
  {
    "name": "Load app.js",
    "start": 1572056750497,
    "end": 1572056750556,
    "duration": 59,
    "pid": 16200,
    "index": 43
  },
  {
    "name": "Require(35) node_modules/egg-session/app.js",
    "start": 1572056750497,
    "end": 1572056750498,
    "duration": 1,
    "pid": 16200,
    "index": 44
  },
  {
    "name": "Require(36) node_modules/egg-security/app.js",
    "start": 1572056750498,
    "end": 1572056750500,
    "duration": 2,
    "pid": 16200,
    "index": 45
  },
  {
    "name": "Require(37) node_modules/egg-onerror/app.js",
    "start": 1572056750502,
    "end": 1572056750511,
    "duration": 9,
    "pid": 16200,
    "index": 46
  },
  {
    "name": "Require(38) node_modules/egg-i18n/app.js",
    "start": 1572056750511,
    "end": 1572056750526,
    "duration": 15,
    "pid": 16200,
    "index": 47
  },
  {
    "name": "Require(39) node_modules/egg-watcher/app.js",
    "start": 1572056750526,
    "end": 1572056750529,
    "duration": 3,
    "pid": 16200,
    "index": 48
  },
  {
    "name": "Require(40) node_modules/egg-schedule/app.js",
    "start": 1572056750529,
    "end": 1572056750531,
    "duration": 2,
    "pid": 16200,
    "index": 49
  },
  {
    "name": "Require(41) node_modules/egg-multipart/app.js",
    "start": 1572056750531,
    "end": 1572056750534,
    "duration": 3,
    "pid": 16200,
    "index": 50
  },
  {
    "name": "Require(42) node_modules/egg-development/app.js",
    "start": 1572056750535,
    "end": 1572056750535,
    "duration": 0,
    "pid": 16200,
    "index": 51
  },
  {
    "name": "Require(43) node_modules/egg-logrotator/app.js",
    "start": 1572056750536,
    "end": 1572056750536,
    "duration": 0,
    "pid": 16200,
    "index": 52
  },
  {
    "name": "Require(44) node_modules/egg-static/app.js",
    "start": 1572056750536,
    "end": 1572056750537,
    "duration": 1,
    "pid": 16200,
    "index": 53
  },
  {
    "name": "Require(45) node_modules/egg-mysql/app.js",
    "start": 1572056750537,
    "end": 1572056750556,
    "duration": 19,
    "pid": 16200,
    "index": 54
  },
  {
    "name": "Before Start in node_modules/egg-watcher/lib/init.js:15:14",
    "start": 1572056750570,
    "end": 1572056750796,
    "duration": 226,
    "pid": 16200,
    "index": 55
  },
  {
    "name": "Before Start in node_modules/egg-mysql/lib/mysql.js:20:7",
    "start": 1572056750670,
    "end": 1572056750807,
    "duration": 137,
    "pid": 16200,
    "index": 56
  },
  {
    "name": "Load Service",
    "start": 1572056750670,
    "end": 1572056750673,
    "duration": 3,
    "pid": 16200,
    "index": 57
  },
  {
    "name": "Load \"service\" to Context",
    "start": 1572056750670,
    "end": 1572056750673,
    "duration": 3,
    "pid": 16200,
    "index": 58
  },
  {
    "name": "Load Middleware",
    "start": 1572056750673,
    "end": 1572056750755,
    "duration": 82,
    "pid": 16200,
    "index": 59
  },
  {
    "name": "Load \"middlewares\" to Application",
    "start": 1572056750673,
    "end": 1572056750745,
    "duration": 72,
    "pid": 16200,
    "index": 60
  },
  {
    "name": "Load Controller",
    "start": 1572056750756,
    "end": 1572056750762,
    "duration": 6,
    "pid": 16200,
    "index": 61
  },
  {
    "name": "Load \"controller\" to Application",
    "start": 1572056750756,
    "end": 1572056750762,
    "duration": 6,
    "pid": 16200,
    "index": 62
  },
  {
    "name": "Load Router",
    "start": 1572056750762,
    "end": 1572056750764,
    "duration": 2,
    "pid": 16200,
    "index": 63
  },
  {
    "name": "Require(46) app/router.js",
    "start": 1572056750762,
    "end": 1572056750763,
    "duration": 1,
    "pid": 16200,
    "index": 64
  },
  {
    "name": "Before Start in node_modules/egg-core/lib/egg.js:303:10",
    "start": 1572056750763,
    "end": 1572056750778,
    "duration": 15,
    "pid": 16200,
    "index": 65
  }
]