[
  {
    "name": "Application Start",
    "start": 1572056321374,
    "end": 1572056321847,
    "duration": 473,
    "pid": 15336,
    "index": 0
  },
  {
    "name": "Load Plugin",
    "start": 1572056321380,
    "end": 1572056321396,
    "duration": 16,
    "pid": 15336,
    "index": 1
  },
  {
    "name": "Load Config",
    "start": 1572056321396,
    "end": 1572056321418,
    "duration": 22,
    "pid": 15336,
    "index": 2
  },
  {
    "name": "Require(0) config/config.default.js",
    "start": 1572056321397,
    "end": 1572056321398,
    "duration": 1,
    "pid": 15336,
    "index": 3
  },
  {
    "name": "Require(1) node_modules/egg-session/config/config.default.js",
    "start": 1572056321399,
    "end": 1572056321399,
    "duration": 0,
    "pid": 15336,
    "index": 4
  },
  {
    "name": "Require(2) node_modules/egg-security/config/config.default.js",
    "start": 1572056321400,
    "end": 1572056321400,
    "duration": 0,
    "pid": 15336,
    "index": 5
  },
  {
    "name": "Require(3) node_modules/egg-jsonp/config/config.default.js",
    "start": 1572056321401,
    "end": 1572056321401,
    "duration": 0,
    "pid": 15336,
    "index": 6
  },
  {
    "name": "Require(4) node_modules/egg-onerror/config/config.default.js",
    "start": 1572056321401,
    "end": 1572056321402,
    "duration": 1,
    "pid": 15336,
    "index": 7
  },
  {
    "name": "Require(5) node_modules/egg-i18n/config/config.default.js",
    "start": 1572056321402,
    "end": 1572056321403,
    "duration": 1,
    "pid": 15336,
    "index": 8
  },
  {
    "name": "Require(6) node_modules/egg-watcher/config/config.default.js",
    "start": 1572056321403,
    "end": 1572056321404,
    "duration": 1,
    "pid": 15336,
    "index": 9
  },
  {
    "name": "Require(7) node_modules/egg-schedule/config/config.default.js",
    "start": 1572056321404,
    "end": 1572056321404,
    "duration": 0,
    "pid": 15336,
    "index": 10
  },
  {
    "name": "Require(8) node_modules/egg-multipart/config/config.default.js",
    "start": 1572056321405,
    "end": 1572056321405,
    "duration": 0,
    "pid": 15336,
    "index": 11
  },
  {
    "name": "Require(9) node_modules/egg-development/config/config.default.js",
    "start": 1572056321406,
    "end": 1572056321407,
    "duration": 1,
    "pid": 15336,
    "index": 12
  },
  {
    "name": "Require(10) node_modules/egg-logrotator/config/config.default.js",
    "start": 1572056321407,
    "end": 1572056321410,
    "duration": 3,
    "pid": 15336,
    "index": 13
  },
  {
    "name": "Require(11) node_modules/egg-static/config/config.default.js",
    "start": 1572056321410,
    "end": 1572056321411,
    "duration": 1,
    "pid": 15336,
    "index": 14
  },
  {
    "name": "Require(12) node_modules/egg-view/config/config.default.js",
    "start": 1572056321411,
    "end": 1572056321412,
    "duration": 1,
    "pid": 15336,
    "index": 15
  },
  {
    "name": "Require(13) node_modules/egg-mysql/config/config.default.js",
    "start": 1572056321412,
    "end": 1572056321412,
    "duration": 0,
    "pid": 15336,
    "index": 16
  },
  {
    "name": "Require(14) node_modules/egg/config/config.default.js",
    "start": 1572056321413,
    "end": 1572056321413,
    "duration": 0,
    "pid": 15336,
    "index": 17
  },
  {
    "name": "Require(15) config/config.default.js",
    "start": 1572056321414,
    "end": 1572056321414,
    "duration": 0,
    "pid": 15336,
    "index": 18
  },
  {
    "name": "Require(16) node_modules/egg-security/config/config.local.js",
    "start": 1572056321415,
    "end": 1572056321415,
    "duration": 0,
    "pid": 15336,
    "index": 19
  },
  {
    "name": "Require(17) node_modules/egg-watcher/config/config.local.js",
    "start": 1572056321416,
    "end": 1572056321416,
    "duration": 0,
    "pid": 15336,
    "index": 20
  },
  {
    "name": "Require(18) node_modules/egg-view/config/config.local.js",
    "start": 1572056321417,
    "end": 1572056321417,
    "duration": 0,
    "pid": 15336,
    "index": 21
  },
  {
    "name": "Require(19) node_modules/egg/config/config.local.js",
    "start": 1572056321418,
    "end": 1572056321418,
    "duration": 0,
    "pid": 15336,
    "index": 22
  },
  {
    "name": "Load extend/application.js",
    "start": 1572056321419,
    "end": 1572056321433,
    "duration": 14,
    "pid": 15336,
    "index": 23
  },
  {
    "name": "Require(20) node_modules/egg-session/app/extend/application.js",
    "start": 1572056321420,
    "end": 1572056321421,
    "duration": 1,
    "pid": 15336,
    "index": 24
  },
  {
    "name": "Require(21) node_modules/egg-security/app/extend/application.js",
    "start": 1572056321421,
    "end": 1572056321423,
    "duration": 2,
    "pid": 15336,
    "index": 25
  },
  {
    "name": "Require(22) node_modules/egg-jsonp/app/extend/application.js",
    "start": 1572056321423,
    "end": 1572056321425,
    "duration": 2,
    "pid": 15336,
    "index": 26
  },
  {
    "name": "Require(23) node_modules/egg-logrotator/app/extend/application.js",
    "start": 1572056321427,
    "end": 1572056321429,
    "duration": 2,
    "pid": 15336,
    "index": 27
  },
  {
    "name": "Require(24) node_modules/egg-view/app/extend/application.js",
    "start": 1572056321429,
    "end": 1572056321431,
    "duration": 2,
    "pid": 15336,
    "index": 28
  },
  {
    "name": "Load extend/request.js",
    "start": 1572056321433,
    "end": 1572056321436,
    "duration": 3,
    "pid": 15336,
    "index": 29
  },
  {
    "name": "Require(25) node_modules/egg/app/extend/request.js",
    "start": 1572056321434,
    "end": 1572056321435,
    "duration": 1,
    "pid": 15336,
    "index": 30
  },
  {
    "name": "Load extend/response.js",
    "start": 1572056321436,
    "end": 1572056321441,
    "duration": 5,
    "pid": 15336,
    "index": 31
  },
  {
    "name": "Require(26) node_modules/egg/app/extend/response.js",
    "start": 1572056321438,
    "end": 1572056321439,
    "duration": 1,
    "pid": 15336,
    "index": 32
  },
  {
    "name": "Load extend/context.js",
    "start": 1572056321441,
    "end": 1572056321503,
    "duration": 62,
    "pid": 15336,
    "index": 33
  },
  {
    "name": "Require(27) node_modules/egg-security/app/extend/context.js",
    "start": 1572056321441,
    "end": 1572056321450,
    "duration": 9,
    "pid": 15336,
    "index": 34
  },
  {
    "name": "Require(28) node_modules/egg-jsonp/app/extend/context.js",
    "start": 1572056321451,
    "end": 1572056321452,
    "duration": 1,
    "pid": 15336,
    "index": 35
  },
  {
    "name": "Require(29) node_modules/egg-i18n/app/extend/context.js",
    "start": 1572056321455,
    "end": 1572056321455,
    "duration": 0,
    "pid": 15336,
    "index": 36
  },
  {
    "name": "Require(30) node_modules/egg-multipart/app/extend/context.js",
    "start": 1572056321456,
    "end": 1572056321498,
    "duration": 42,
    "pid": 15336,
    "index": 37
  },
  {
    "name": "Require(31) node_modules/egg-view/app/extend/context.js",
    "start": 1572056321499,
    "end": 1572056321500,
    "duration": 1,
    "pid": 15336,
    "index": 38
  },
  {
    "name": "Require(32) node_modules/egg/app/extend/context.js",
    "start": 1572056321500,
    "end": 1572056321502,
    "duration": 2,
    "pid": 15336,
    "index": 39
  },
  {
    "name": "Load extend/helper.js",
    "start": 1572056321503,
    "end": 1572056321526,
    "duration": 23,
    "pid": 15336,
    "index": 40
  },
  {
    "name": "Require(33) node_modules/egg-security/app/extend/helper.js",
    "start": 1572056321503,
    "end": 1572056321523,
    "duration": 20,
    "pid": 15336,
    "index": 41
  },
  {
    "name": "Require(34) node_modules/egg/app/extend/helper.js",
    "start": 1572056321525,
    "end": 1572056321525,
    "duration": 0,
    "pid": 15336,
    "index": 42
  },
  {
    "name": "Load app.js",
    "start": 1572056321527,
    "end": 1572056321584,
    "duration": 57,
    "pid": 15336,
    "index": 43
  },
  {
    "name": "Require(35) node_modules/egg-session/app.js",
    "start": 1572056321527,
    "end": 1572056321528,
    "duration": 1,
    "pid": 15336,
    "index": 44
  },
  {
    "name": "Require(36) node_modules/egg-security/app.js",
    "start": 1572056321528,
    "end": 1572056321529,
    "duration": 1,
    "pid": 15336,
    "index": 45
  },
  {
    "name": "Require(37) node_modules/egg-onerror/app.js",
    "start": 1572056321530,
    "end": 1572056321539,
    "duration": 9,
    "pid": 15336,
    "index": 46
  },
  {
    "name": "Require(38) node_modules/egg-i18n/app.js",
    "start": 1572056321539,
    "end": 1572056321554,
    "duration": 15,
    "pid": 15336,
    "index": 47
  },
  {
    "name": "Require(39) node_modules/egg-watcher/app.js",
    "start": 1572056321555,
    "end": 1572056321558,
    "duration": 3,
    "pid": 15336,
    "index": 48
  },
  {
    "name": "Require(40) node_modules/egg-schedule/app.js",
    "start": 1572056321559,
    "end": 1572056321560,
    "duration": 1,
    "pid": 15336,
    "index": 49
  },
  {
    "name": "Require(41) node_modules/egg-multipart/app.js",
    "start": 1572056321561,
    "end": 1572056321564,
    "duration": 3,
    "pid": 15336,
    "index": 50
  },
  {
    "name": "Require(42) node_modules/egg-development/app.js",
    "start": 1572056321565,
    "end": 1572056321565,
    "duration": 0,
    "pid": 15336,
    "index": 51
  },
  {
    "name": "Require(43) node_modules/egg-logrotator/app.js",
    "start": 1572056321565,
    "end": 1572056321566,
    "duration": 1,
    "pid": 15336,
    "index": 52
  },
  {
    "name": "Require(44) node_modules/egg-static/app.js",
    "start": 1572056321566,
    "end": 1572056321566,
    "duration": 0,
    "pid": 15336,
    "index": 53
  },
  {
    "name": "Require(45) node_modules/egg-mysql/app.js",
    "start": 1572056321567,
    "end": 1572056321583,
    "duration": 16,
    "pid": 15336,
    "index": 54
  },
  {
    "name": "Before Start in node_modules/egg-watcher/lib/init.js:15:14",
    "start": 1572056321597,
    "end": 1572056321837,
    "duration": 240,
    "pid": 15336,
    "index": 55
  },
  {
    "name": "Before Start in node_modules/egg-mysql/lib/mysql.js:20:7",
    "start": 1572056321710,
    "end": 1572056321847,
    "duration": 137,
    "pid": 15336,
    "index": 56
  },
  {
    "name": "Load Service",
    "start": 1572056321710,
    "end": 1572056321713,
    "duration": 3,
    "pid": 15336,
    "index": 57
  },
  {
    "name": "Load \"service\" to Context",
    "start": 1572056321710,
    "end": 1572056321713,
    "duration": 3,
    "pid": 15336,
    "index": 58
  },
  {
    "name": "Load Middleware",
    "start": 1572056321714,
    "end": 1572056321794,
    "duration": 80,
    "pid": 15336,
    "index": 59
  },
  {
    "name": "Load \"middlewares\" to Application",
    "start": 1572056321714,
    "end": 1572056321784,
    "duration": 70,
    "pid": 15336,
    "index": 60
  },
  {
    "name": "Load Controller",
    "start": 1572056321795,
    "end": 1572056321801,
    "duration": 6,
    "pid": 15336,
    "index": 61
  },
  {
    "name": "Load \"controller\" to Application",
    "start": 1572056321795,
    "end": 1572056321801,
    "duration": 6,
    "pid": 15336,
    "index": 62
  },
  {
    "name": "Load Router",
    "start": 1572056321802,
    "end": 1572056321803,
    "duration": 1,
    "pid": 15336,
    "index": 63
  },
  {
    "name": "Require(46) app/router.js",
    "start": 1572056321802,
    "end": 1572056321802,
    "duration": 0,
    "pid": 15336,
    "index": 64
  },
  {
    "name": "Before Start in node_modules/egg-core/lib/egg.js:303:10",
    "start": 1572056321802,
    "end": 1572056321818,
    "duration": 16,
    "pid": 15336,
    "index": 65
  }
]