[
  {
    "name": "Application Start",
    "start": 1572056302844,
    "end": 1572056303327,
    "duration": 483,
    "pid": 17460,
    "index": 0
  },
  {
    "name": "Load Plugin",
    "start": 1572056302848,
    "end": 1572056302864,
    "duration": 16,
    "pid": 17460,
    "index": 1
  },
  {
    "name": "Load Config",
    "start": 1572056302864,
    "end": 1572056302886,
    "duration": 22,
    "pid": 17460,
    "index": 2
  },
  {
    "name": "Require(0) config/config.default.js",
    "start": 1572056302865,
    "end": 1572056302865,
    "duration": 0,
    "pid": 17460,
    "index": 3
  },
  {
    "name": "Require(1) node_modules/egg-session/config/config.default.js",
    "start": 1572056302868,
    "end": 1572056302868,
    "duration": 0,
    "pid": 17460,
    "index": 4
  },
  {
    "name": "Require(2) node_modules/egg-security/config/config.default.js",
    "start": 1572056302869,
    "end": 1572056302869,
    "duration": 0,
    "pid": 17460,
    "index": 5
  },
  {
    "name": "Require(3) node_modules/egg-jsonp/config/config.default.js",
    "start": 1572056302870,
    "end": 1572056302870,
    "duration": 0,
    "pid": 17460,
    "index": 6
  },
  {
    "name": "Require(4) node_modules/egg-onerror/config/config.default.js",
    "start": 1572056302870,
    "end": 1572056302871,
    "duration": 1,
    "pid": 17460,
    "index": 7
  },
  {
    "name": "Require(5) node_modules/egg-i18n/config/config.default.js",
    "start": 1572056302871,
    "end": 1572056302871,
    "duration": 0,
    "pid": 17460,
    "index": 8
  },
  {
    "name": "Require(6) node_modules/egg-watcher/config/config.default.js",
    "start": 1572056302872,
    "end": 1572056302872,
    "duration": 0,
    "pid": 17460,
    "index": 9
  },
  {
    "name": "Require(7) node_modules/egg-schedule/config/config.default.js",
    "start": 1572056302873,
    "end": 1572056302873,
    "duration": 0,
    "pid": 17460,
    "index": 10
  },
  {
    "name": "Require(8) node_modules/egg-multipart/config/config.default.js",
    "start": 1572056302874,
    "end": 1572056302874,
    "duration": 0,
    "pid": 17460,
    "index": 11
  },
  {
    "name": "Require(9) node_modules/egg-development/config/config.default.js",
    "start": 1572056302874,
    "end": 1572056302875,
    "duration": 1,
    "pid": 17460,
    "index": 12
  },
  {
    "name": "Require(10) node_modules/egg-logrotator/config/config.default.js",
    "start": 1572056302875,
    "end": 1572056302877,
    "duration": 2,
    "pid": 17460,
    "index": 13
  },
  {
    "name": "Require(11) node_modules/egg-static/config/config.default.js",
    "start": 1572056302878,
    "end": 1572056302878,
    "duration": 0,
    "pid": 17460,
    "index": 14
  },
  {
    "name": "Require(12) node_modules/egg-view/config/config.default.js",
    "start": 1572056302879,
    "end": 1572056302879,
    "duration": 0,
    "pid": 17460,
    "index": 15
  },
  {
    "name": "Require(13) node_modules/egg-mysql/config/config.default.js",
    "start": 1572056302880,
    "end": 1572056302880,
    "duration": 0,
    "pid": 17460,
    "index": 16
  },
  {
    "name": "Require(14) node_modules/egg/config/config.default.js",
    "start": 1572056302880,
    "end": 1572056302881,
    "duration": 1,
    "pid": 17460,
    "index": 17
  },
  {
    "name": "Require(15) config/config.default.js",
    "start": 1572056302882,
    "end": 1572056302882,
    "duration": 0,
    "pid": 17460,
    "index": 18
  },
  {
    "name": "Require(16) node_modules/egg-security/config/config.local.js",
    "start": 1572056302883,
    "end": 1572056302883,
    "duration": 0,
    "pid": 17460,
    "index": 19
  },
  {
    "name": "Require(17) node_modules/egg-watcher/config/config.local.js",
    "start": 1572056302884,
    "end": 1572056302884,
    "duration": 0,
    "pid": 17460,
    "index": 20
  },
  {
    "name": "Require(18) node_modules/egg-view/config/config.local.js",
    "start": 1572056302885,
    "end": 1572056302885,
    "duration": 0,
    "pid": 17460,
    "index": 21
  },
  {
    "name": "Require(19) node_modules/egg/config/config.local.js",
    "start": 1572056302886,
    "end": 1572056302886,
    "duration": 0,
    "pid": 17460,
    "index": 22
  },
  {
    "name": "Load extend/application.js",
    "start": 1572056302887,
    "end": 1572056302896,
    "duration": 9,
    "pid": 17460,
    "index": 23
  },
  {
    "name": "Require(20) node_modules/egg-session/app/extend/application.js",
    "start": 1572056302888,
    "end": 1572056302888,
    "duration": 0,
    "pid": 17460,
    "index": 24
  },
  {
    "name": "Require(21) node_modules/egg-security/app/extend/application.js",
    "start": 1572056302889,
    "end": 1572056302890,
    "duration": 1,
    "pid": 17460,
    "index": 25
  },
  {
    "name": "Require(22) node_modules/egg-jsonp/app/extend/application.js",
    "start": 1572056302890,
    "end": 1572056302891,
    "duration": 1,
    "pid": 17460,
    "index": 26
  },
  {
    "name": "Require(23) node_modules/egg-logrotator/app/extend/application.js",
    "start": 1572056302892,
    "end": 1572056302893,
    "duration": 1,
    "pid": 17460,
    "index": 27
  },
  {
    "name": "Require(24) node_modules/egg-view/app/extend/application.js",
    "start": 1572056302894,
    "end": 1572056302895,
    "duration": 1,
    "pid": 17460,
    "index": 28
  },
  {
    "name": "Load extend/request.js",
    "start": 1572056302896,
    "end": 1572056302901,
    "duration": 5,
    "pid": 17460,
    "index": 29
  },
  {
    "name": "Require(25) node_modules/egg/app/extend/request.js",
    "start": 1572056302898,
    "end": 1572056302899,
    "duration": 1,
    "pid": 17460,
    "index": 30
  },
  {
    "name": "Load extend/response.js",
    "start": 1572056302901,
    "end": 1572056302905,
    "duration": 4,
    "pid": 17460,
    "index": 31
  },
  {
    "name": "Require(26) node_modules/egg/app/extend/response.js",
    "start": 1572056302902,
    "end": 1572056302903,
    "duration": 1,
    "pid": 17460,
    "index": 32
  },
  {
    "name": "Load extend/context.js",
    "start": 1572056302905,
    "end": 1572056302974,
    "duration": 69,
    "pid": 17460,
    "index": 33
  },
  {
    "name": "Require(27) node_modules/egg-security/app/extend/context.js",
    "start": 1572056302905,
    "end": 1572056302915,
    "duration": 10,
    "pid": 17460,
    "index": 34
  },
  {
    "name": "Require(28) node_modules/egg-jsonp/app/extend/context.js",
    "start": 1572056302915,
    "end": 1572056302917,
    "duration": 2,
    "pid": 17460,
    "index": 35
  },
  {
    "name": "Require(29) node_modules/egg-i18n/app/extend/context.js",
    "start": 1572056302919,
    "end": 1572056302919,
    "duration": 0,
    "pid": 17460,
    "index": 36
  },
  {
    "name": "Require(30) node_modules/egg-multipart/app/extend/context.js",
    "start": 1572056302920,
    "end": 1572056302968,
    "duration": 48,
    "pid": 17460,
    "index": 37
  },
  {
    "name": "Require(31) node_modules/egg-view/app/extend/context.js",
    "start": 1572056302969,
    "end": 1572056302970,
    "duration": 1,
    "pid": 17460,
    "index": 38
  },
  {
    "name": "Require(32) node_modules/egg/app/extend/context.js",
    "start": 1572056302971,
    "end": 1572056302973,
    "duration": 2,
    "pid": 17460,
    "index": 39
  },
  {
    "name": "Load extend/helper.js",
    "start": 1572056302974,
    "end": 1572056302994,
    "duration": 20,
    "pid": 17460,
    "index": 40
  },
  {
    "name": "Require(33) node_modules/egg-security/app/extend/helper.js",
    "start": 1572056302975,
    "end": 1572056302990,
    "duration": 15,
    "pid": 17460,
    "index": 41
  },
  {
    "name": "Require(34) node_modules/egg/app/extend/helper.js",
    "start": 1572056302991,
    "end": 1572056302992,
    "duration": 1,
    "pid": 17460,
    "index": 42
  },
  {
    "name": "Load app.js",
    "start": 1572056302994,
    "end": 1572056303049,
    "duration": 55,
    "pid": 17460,
    "index": 43
  },
  {
    "name": "Require(35) node_modules/egg-session/app.js",
    "start": 1572056302995,
    "end": 1572056302995,
    "duration": 0,
    "pid": 17460,
    "index": 44
  },
  {
    "name": "Require(36) node_modules/egg-security/app.js",
    "start": 1572056302996,
    "end": 1572056302997,
    "duration": 1,
    "pid": 17460,
    "index": 45
  },
  {
    "name": "Require(37) node_modules/egg-onerror/app.js",
    "start": 1572056302997,
    "end": 1572056303005,
    "duration": 8,
    "pid": 17460,
    "index": 46
  },
  {
    "name": "Require(38) node_modules/egg-i18n/app.js",
    "start": 1572056303005,
    "end": 1572056303019,
    "duration": 14,
    "pid": 17460,
    "index": 47
  },
  {
    "name": "Require(39) node_modules/egg-watcher/app.js",
    "start": 1572056303019,
    "end": 1572056303022,
    "duration": 3,
    "pid": 17460,
    "index": 48
  },
  {
    "name": "Require(40) node_modules/egg-schedule/app.js",
    "start": 1572056303022,
    "end": 1572056303024,
    "duration": 2,
    "pid": 17460,
    "index": 49
  },
  {
    "name": "Require(41) node_modules/egg-multipart/app.js",
    "start": 1572056303025,
    "end": 1572056303027,
    "duration": 2,
    "pid": 17460,
    "index": 50
  },
  {
    "name": "Require(42) node_modules/egg-development/app.js",
    "start": 1572056303027,
    "end": 1572056303028,
    "duration": 1,
    "pid": 17460,
    "index": 51
  },
  {
    "name": "Require(43) node_modules/egg-logrotator/app.js",
    "start": 1572056303028,
    "end": 1572056303028,
    "duration": 0,
    "pid": 17460,
    "index": 52
  },
  {
    "name": "Require(44) node_modules/egg-static/app.js",
    "start": 1572056303028,
    "end": 1572056303029,
    "duration": 1,
    "pid": 17460,
    "index": 53
  },
  {
    "name": "Require(45) node_modules/egg-mysql/app.js",
    "start": 1572056303029,
    "end": 1572056303048,
    "duration": 19,
    "pid": 17460,
    "index": 54
  },
  {
    "name": "Before Start in node_modules/egg-watcher/lib/init.js:15:14",
    "start": 1572056303068,
    "end": 1572056303323,
    "duration": 255,
    "pid": 17460,
    "index": 55
  },
  {
    "name": "Before Start in node_modules/egg-mysql/lib/mysql.js:20:7",
    "start": 1572056303182,
    "end": 1572056303327,
    "duration": 145,
    "pid": 17460,
    "index": 56
  },
  {
    "name": "Load Service",
    "start": 1572056303182,
    "end": 1572056303185,
    "duration": 3,
    "pid": 17460,
    "index": 57
  },
  {
    "name": "Load \"service\" to Context",
    "start": 1572056303182,
    "end": 1572056303185,
    "duration": 3,
    "pid": 17460,
    "index": 58
  },
  {
    "name": "Load Middleware",
    "start": 1572056303185,
    "end": 1572056303275,
    "duration": 90,
    "pid": 17460,
    "index": 59
  },
  {
    "name": "Load \"middlewares\" to Application",
    "start": 1572056303185,
    "end": 1572056303262,
    "duration": 77,
    "pid": 17460,
    "index": 60
  },
  {
    "name": "Load Controller",
    "start": 1572056303275,
    "end": 1572056303282,
    "duration": 7,
    "pid": 17460,
    "index": 61
  },
  {
    "name": "Load \"controller\" to Application",
    "start": 1572056303275,
    "end": 1572056303282,
    "duration": 7,
    "pid": 17460,
    "index": 62
  },
  {
    "name": "Load Router",
    "start": 1572056303282,
    "end": 1572056303286,
    "duration": 4,
    "pid": 17460,
    "index": 63
  },
  {
    "name": "Require(46) app/router.js",
    "start": 1572056303282,
    "end": 1572056303283,
    "duration": 1,
    "pid": 17460,
    "index": 64
  },
  {
    "name": "Before Start in node_modules/egg-core/lib/egg.js:303:10",
    "start": 1572056303283,
    "end": 1572056303299,
    "duration": 16,
    "pid": 17460,
    "index": 65
  }
]