[
  {
    "name": "Application Start",
    "start": 1572055922389,
    "end": 1572055922806,
    "duration": 417,
    "pid": 11200,
    "index": 0
  },
  {
    "name": "Load Plugin",
    "start": 1572055922395,
    "end": 1572055922410,
    "duration": 15,
    "pid": 11200,
    "index": 1
  },
  {
    "name": "Load Config",
    "start": 1572055922410,
    "end": 1572055922431,
    "duration": 21,
    "pid": 11200,
    "index": 2
  },
  {
    "name": "Require(0) config/config.default.js",
    "start": 1572055922411,
    "end": 1572055922411,
    "duration": 0,
    "pid": 11200,
    "index": 3
  },
  {
    "name": "Require(1) node_modules/egg-session/config/config.default.js",
    "start": 1572055922413,
    "end": 1572055922413,
    "duration": 0,
    "pid": 11200,
    "index": 4
  },
  {
    "name": "Require(2) node_modules/egg-security/config/config.default.js",
    "start": 1572055922414,
    "end": 1572055922414,
    "duration": 0,
    "pid": 11200,
    "index": 5
  },
  {
    "name": "Require(3) node_modules/egg-jsonp/config/config.default.js",
    "start": 1572055922415,
    "end": 1572055922415,
    "duration": 0,
    "pid": 11200,
    "index": 6
  },
  {
    "name": "Require(4) node_modules/egg-onerror/config/config.default.js",
    "start": 1572055922415,
    "end": 1572055922416,
    "duration": 1,
    "pid": 11200,
    "index": 7
  },
  {
    "name": "Require(5) node_modules/egg-i18n/config/config.default.js",
    "start": 1572055922416,
    "end": 1572055922416,
    "duration": 0,
    "pid": 11200,
    "index": 8
  },
  {
    "name": "Require(6) node_modules/egg-watcher/config/config.default.js",
    "start": 1572055922417,
    "end": 1572055922417,
    "duration": 0,
    "pid": 11200,
    "index": 9
  },
  {
    "name": "Require(7) node_modules/egg-schedule/config/config.default.js",
    "start": 1572055922418,
    "end": 1572055922418,
    "duration": 0,
    "pid": 11200,
    "index": 10
  },
  {
    "name": "Require(8) node_modules/egg-multipart/config/config.default.js",
    "start": 1572055922418,
    "end": 1572055922419,
    "duration": 1,
    "pid": 11200,
    "index": 11
  },
  {
    "name": "Require(9) node_modules/egg-development/config/config.default.js",
    "start": 1572055922419,
    "end": 1572055922420,
    "duration": 1,
    "pid": 11200,
    "index": 12
  },
  {
    "name": "Require(10) node_modules/egg-logrotator/config/config.default.js",
    "start": 1572055922420,
    "end": 1572055922422,
    "duration": 2,
    "pid": 11200,
    "index": 13
  },
  {
    "name": "Require(11) node_modules/egg-static/config/config.default.js",
    "start": 1572055922423,
    "end": 1572055922423,
    "duration": 0,
    "pid": 11200,
    "index": 14
  },
  {
    "name": "Require(12) node_modules/egg-view/config/config.default.js",
    "start": 1572055922423,
    "end": 1572055922424,
    "duration": 1,
    "pid": 11200,
    "index": 15
  },
  {
    "name": "Require(13) node_modules/egg-mysql/config/config.default.js",
    "start": 1572055922425,
    "end": 1572055922425,
    "duration": 0,
    "pid": 11200,
    "index": 16
  },
  {
    "name": "Require(14) node_modules/egg/config/config.default.js",
    "start": 1572055922426,
    "end": 1572055922426,
    "duration": 0,
    "pid": 11200,
    "index": 17
  },
  {
    "name": "Require(15) config/config.default.js",
    "start": 1572055922427,
    "end": 1572055922427,
    "duration": 0,
    "pid": 11200,
    "index": 18
  },
  {
    "name": "Require(16) node_modules/egg-security/config/config.local.js",
    "start": 1572055922428,
    "end": 1572055922428,
    "duration": 0,
    "pid": 11200,
    "index": 19
  },
  {
    "name": "Require(17) node_modules/egg-watcher/config/config.local.js",
    "start": 1572055922429,
    "end": 1572055922429,
    "duration": 0,
    "pid": 11200,
    "index": 20
  },
  {
    "name": "Require(18) node_modules/egg-view/config/config.local.js",
    "start": 1572055922430,
    "end": 1572055922430,
    "duration": 0,
    "pid": 11200,
    "index": 21
  },
  {
    "name": "Require(19) node_modules/egg/config/config.local.js",
    "start": 1572055922431,
    "end": 1572055922431,
    "duration": 0,
    "pid": 11200,
    "index": 22
  },
  {
    "name": "Load extend/application.js",
    "start": 1572055922432,
    "end": 1572055922442,
    "duration": 10,
    "pid": 11200,
    "index": 23
  },
  {
    "name": "Require(20) node_modules/egg-session/app/extend/application.js",
    "start": 1572055922433,
    "end": 1572055922433,
    "duration": 0,
    "pid": 11200,
    "index": 24
  },
  {
    "name": "Require(21) node_modules/egg-security/app/extend/application.js",
    "start": 1572055922433,
    "end": 1572055922434,
    "duration": 1,
    "pid": 11200,
    "index": 25
  },
  {
    "name": "Require(22) node_modules/egg-jsonp/app/extend/application.js",
    "start": 1572055922435,
    "end": 1572055922436,
    "duration": 1,
    "pid": 11200,
    "index": 26
  },
  {
    "name": "Require(23) node_modules/egg-logrotator/app/extend/application.js",
    "start": 1572055922437,
    "end": 1572055922438,
    "duration": 1,
    "pid": 11200,
    "index": 27
  },
  {
    "name": "Require(24) node_modules/egg-view/app/extend/application.js",
    "start": 1572055922439,
    "end": 1572055922440,
    "duration": 1,
    "pid": 11200,
    "index": 28
  },
  {
    "name": "Load extend/request.js",
    "start": 1572055922442,
    "end": 1572055922445,
    "duration": 3,
    "pid": 11200,
    "index": 29
  },
  {
    "name": "Require(25) node_modules/egg/app/extend/request.js",
    "start": 1572055922443,
    "end": 1572055922444,
    "duration": 1,
    "pid": 11200,
    "index": 30
  },
  {
    "name": "Load extend/response.js",
    "start": 1572055922445,
    "end": 1572055922449,
    "duration": 4,
    "pid": 11200,
    "index": 31
  },
  {
    "name": "Require(26) node_modules/egg/app/extend/response.js",
    "start": 1572055922447,
    "end": 1572055922447,
    "duration": 0,
    "pid": 11200,
    "index": 32
  },
  {
    "name": "Load extend/context.js",
    "start": 1572055922449,
    "end": 1572055922509,
    "duration": 60,
    "pid": 11200,
    "index": 33
  },
  {
    "name": "Require(27) node_modules/egg-security/app/extend/context.js",
    "start": 1572055922450,
    "end": 1572055922458,
    "duration": 8,
    "pid": 11200,
    "index": 34
  },
  {
    "name": "Require(28) node_modules/egg-jsonp/app/extend/context.js",
    "start": 1572055922459,
    "end": 1572055922460,
    "duration": 1,
    "pid": 11200,
    "index": 35
  },
  {
    "name": "Require(29) node_modules/egg-i18n/app/extend/context.js",
    "start": 1572055922460,
    "end": 1572055922461,
    "duration": 1,
    "pid": 11200,
    "index": 36
  },
  {
    "name": "Require(30) node_modules/egg-multipart/app/extend/context.js",
    "start": 1572055922461,
    "end": 1572055922504,
    "duration": 43,
    "pid": 11200,
    "index": 37
  },
  {
    "name": "Require(31) node_modules/egg-view/app/extend/context.js",
    "start": 1572055922505,
    "end": 1572055922506,
    "duration": 1,
    "pid": 11200,
    "index": 38
  },
  {
    "name": "Require(32) node_modules/egg/app/extend/context.js",
    "start": 1572055922506,
    "end": 1572055922507,
    "duration": 1,
    "pid": 11200,
    "index": 39
  },
  {
    "name": "Load extend/helper.js",
    "start": 1572055922509,
    "end": 1572055922528,
    "duration": 19,
    "pid": 11200,
    "index": 40
  },
  {
    "name": "Require(33) node_modules/egg-security/app/extend/helper.js",
    "start": 1572055922509,
    "end": 1572055922525,
    "duration": 16,
    "pid": 11200,
    "index": 41
  },
  {
    "name": "Require(34) node_modules/egg/app/extend/helper.js",
    "start": 1572055922526,
    "end": 1572055922526,
    "duration": 0,
    "pid": 11200,
    "index": 42
  },
  {
    "name": "Load app.js",
    "start": 1572055922528,
    "end": 1572055922576,
    "duration": 48,
    "pid": 11200,
    "index": 43
  },
  {
    "name": "Require(35) node_modules/egg-session/app.js",
    "start": 1572055922528,
    "end": 1572055922528,
    "duration": 0,
    "pid": 11200,
    "index": 44
  },
  {
    "name": "Require(36) node_modules/egg-security/app.js",
    "start": 1572055922529,
    "end": 1572055922530,
    "duration": 1,
    "pid": 11200,
    "index": 45
  },
  {
    "name": "Require(37) node_modules/egg-onerror/app.js",
    "start": 1572055922531,
    "end": 1572055922538,
    "duration": 7,
    "pid": 11200,
    "index": 46
  },
  {
    "name": "Require(38) node_modules/egg-i18n/app.js",
    "start": 1572055922538,
    "end": 1572055922552,
    "duration": 14,
    "pid": 11200,
    "index": 47
  },
  {
    "name": "Require(39) node_modules/egg-watcher/app.js",
    "start": 1572055922552,
    "end": 1572055922555,
    "duration": 3,
    "pid": 11200,
    "index": 48
  },
  {
    "name": "Require(40) node_modules/egg-schedule/app.js",
    "start": 1572055922556,
    "end": 1572055922557,
    "duration": 1,
    "pid": 11200,
    "index": 49
  },
  {
    "name": "Require(41) node_modules/egg-multipart/app.js",
    "start": 1572055922557,
    "end": 1572055922559,
    "duration": 2,
    "pid": 11200,
    "index": 50
  },
  {
    "name": "Require(42) node_modules/egg-development/app.js",
    "start": 1572055922559,
    "end": 1572055922560,
    "duration": 1,
    "pid": 11200,
    "index": 51
  },
  {
    "name": "Require(43) node_modules/egg-logrotator/app.js",
    "start": 1572055922560,
    "end": 1572055922560,
    "duration": 0,
    "pid": 11200,
    "index": 52
  },
  {
    "name": "Require(44) node_modules/egg-static/app.js",
    "start": 1572055922560,
    "end": 1572055922561,
    "duration": 1,
    "pid": 11200,
    "index": 53
  },
  {
    "name": "Require(45) node_modules/egg-mysql/app.js",
    "start": 1572055922561,
    "end": 1572055922576,
    "duration": 15,
    "pid": 11200,
    "index": 54
  },
  {
    "name": "Before Start in node_modules/egg-watcher/lib/init.js:15:14",
    "start": 1572055922588,
    "end": 1572055922797,
    "duration": 209,
    "pid": 11200,
    "index": 55
  },
  {
    "name": "Before Start in node_modules/egg-mysql/lib/mysql.js:20:7",
    "start": 1572055922681,
    "end": 1572055922806,
    "duration": 125,
    "pid": 11200,
    "index": 56
  },
  {
    "name": "Load Service",
    "start": 1572055922682,
    "end": 1572055922684,
    "duration": 2,
    "pid": 11200,
    "index": 57
  },
  {
    "name": "Load \"service\" to Context",
    "start": 1572055922682,
    "end": 1572055922684,
    "duration": 2,
    "pid": 11200,
    "index": 58
  },
  {
    "name": "Load Middleware",
    "start": 1572055922684,
    "end": 1572055922757,
    "duration": 73,
    "pid": 11200,
    "index": 59
  },
  {
    "name": "Load \"middlewares\" to Application",
    "start": 1572055922684,
    "end": 1572055922748,
    "duration": 64,
    "pid": 11200,
    "index": 60
  },
  {
    "name": "Load Controller",
    "start": 1572055922757,
    "end": 1572055922763,
    "duration": 6,
    "pid": 11200,
    "index": 61
  },
  {
    "name": "Load \"controller\" to Application",
    "start": 1572055922757,
    "end": 1572055922763,
    "duration": 6,
    "pid": 11200,
    "index": 62
  },
  {
    "name": "Load Router",
    "start": 1572055922764,
    "end": 1572055922765,
    "duration": 1,
    "pid": 11200,
    "index": 63
  },
  {
    "name": "Require(46) app/router.js",
    "start": 1572055922764,
    "end": 1572055922764,
    "duration": 0,
    "pid": 11200,
    "index": 64
  },
  {
    "name": "Before Start in node_modules/egg-core/lib/egg.js:303:10",
    "start": 1572055922764,
    "end": 1572055922778,
    "duration": 14,
    "pid": 11200,
    "index": 65
  }
]