[
  {
    "name": "Application Start",
    "start": 1572057033086,
    "end": 1572057033531,
    "duration": 445,
    "pid": 8020,
    "index": 0
  },
  {
    "name": "Load Plugin",
    "start": 1572057033090,
    "end": 1572057033107,
    "duration": 17,
    "pid": 8020,
    "index": 1
  },
  {
    "name": "Load Config",
    "start": 1572057033107,
    "end": 1572057033127,
    "duration": 20,
    "pid": 8020,
    "index": 2
  },
  {
    "name": "Require(0) config/config.default.js",
    "start": 1572057033108,
    "end": 1572057033108,
    "duration": 0,
    "pid": 8020,
    "index": 3
  },
  {
    "name": "Require(1) node_modules/egg-session/config/config.default.js",
    "start": 1572057033109,
    "end": 1572057033109,
    "duration": 0,
    "pid": 8020,
    "index": 4
  },
  {
    "name": "Require(2) node_modules/egg-security/config/config.default.js",
    "start": 1572057033110,
    "end": 1572057033110,
    "duration": 0,
    "pid": 8020,
    "index": 5
  },
  {
    "name": "Require(3) node_modules/egg-jsonp/config/config.default.js",
    "start": 1572057033111,
    "end": 1572057033112,
    "duration": 1,
    "pid": 8020,
    "index": 6
  },
  {
    "name": "Require(4) node_modules/egg-onerror/config/config.default.js",
    "start": 1572057033112,
    "end": 1572057033112,
    "duration": 0,
    "pid": 8020,
    "index": 7
  },
  {
    "name": "Require(5) node_modules/egg-i18n/config/config.default.js",
    "start": 1572057033113,
    "end": 1572057033113,
    "duration": 0,
    "pid": 8020,
    "index": 8
  },
  {
    "name": "Require(6) node_modules/egg-watcher/config/config.default.js",
    "start": 1572057033114,
    "end": 1572057033114,
    "duration": 0,
    "pid": 8020,
    "index": 9
  },
  {
    "name": "Require(7) node_modules/egg-schedule/config/config.default.js",
    "start": 1572057033115,
    "end": 1572057033115,
    "duration": 0,
    "pid": 8020,
    "index": 10
  },
  {
    "name": "Require(8) node_modules/egg-multipart/config/config.default.js",
    "start": 1572057033116,
    "end": 1572057033116,
    "duration": 0,
    "pid": 8020,
    "index": 11
  },
  {
    "name": "Require(9) node_modules/egg-development/config/config.default.js",
    "start": 1572057033116,
    "end": 1572057033117,
    "duration": 1,
    "pid": 8020,
    "index": 12
  },
  {
    "name": "Require(10) node_modules/egg-logrotator/config/config.default.js",
    "start": 1572057033117,
    "end": 1572057033119,
    "duration": 2,
    "pid": 8020,
    "index": 13
  },
  {
    "name": "Require(11) node_modules/egg-static/config/config.default.js",
    "start": 1572057033120,
    "end": 1572057033120,
    "duration": 0,
    "pid": 8020,
    "index": 14
  },
  {
    "name": "Require(12) node_modules/egg-view/config/config.default.js",
    "start": 1572057033120,
    "end": 1572057033121,
    "duration": 1,
    "pid": 8020,
    "index": 15
  },
  {
    "name": "Require(13) node_modules/egg-mysql/config/config.default.js",
    "start": 1572057033121,
    "end": 1572057033121,
    "duration": 0,
    "pid": 8020,
    "index": 16
  },
  {
    "name": "Require(14) node_modules/egg/config/config.default.js",
    "start": 1572057033122,
    "end": 1572057033122,
    "duration": 0,
    "pid": 8020,
    "index": 17
  },
  {
    "name": "Require(15) config/config.default.js",
    "start": 1572057033123,
    "end": 1572057033123,
    "duration": 0,
    "pid": 8020,
    "index": 18
  },
  {
    "name": "Require(16) node_modules/egg-security/config/config.local.js",
    "start": 1572057033124,
    "end": 1572057033124,
    "duration": 0,
    "pid": 8020,
    "index": 19
  },
  {
    "name": "Require(17) node_modules/egg-watcher/config/config.local.js",
    "start": 1572057033125,
    "end": 1572057033125,
    "duration": 0,
    "pid": 8020,
    "index": 20
  },
  {
    "name": "Require(18) node_modules/egg-view/config/config.local.js",
    "start": 1572057033126,
    "end": 1572057033126,
    "duration": 0,
    "pid": 8020,
    "index": 21
  },
  {
    "name": "Require(19) node_modules/egg/config/config.local.js",
    "start": 1572057033126,
    "end": 1572057033127,
    "duration": 1,
    "pid": 8020,
    "index": 22
  },
  {
    "name": "Load extend/application.js",
    "start": 1572057033128,
    "end": 1572057033137,
    "duration": 9,
    "pid": 8020,
    "index": 23
  },
  {
    "name": "Require(20) node_modules/egg-session/app/extend/application.js",
    "start": 1572057033128,
    "end": 1572057033129,
    "duration": 1,
    "pid": 8020,
    "index": 24
  },
  {
    "name": "Require(21) node_modules/egg-security/app/extend/application.js",
    "start": 1572057033129,
    "end": 1572057033130,
    "duration": 1,
    "pid": 8020,
    "index": 25
  },
  {
    "name": "Require(22) node_modules/egg-jsonp/app/extend/application.js",
    "start": 1572057033131,
    "end": 1572057033132,
    "duration": 1,
    "pid": 8020,
    "index": 26
  },
  {
    "name": "Require(23) node_modules/egg-logrotator/app/extend/application.js",
    "start": 1572057033133,
    "end": 1572057033134,
    "duration": 1,
    "pid": 8020,
    "index": 27
  },
  {
    "name": "Require(24) node_modules/egg-view/app/extend/application.js",
    "start": 1572057033135,
    "end": 1572057033136,
    "duration": 1,
    "pid": 8020,
    "index": 28
  },
  {
    "name": "Load extend/request.js",
    "start": 1572057033137,
    "end": 1572057033140,
    "duration": 3,
    "pid": 8020,
    "index": 29
  },
  {
    "name": "Require(25) node_modules/egg/app/extend/request.js",
    "start": 1572057033138,
    "end": 1572057033139,
    "duration": 1,
    "pid": 8020,
    "index": 30
  },
  {
    "name": "Load extend/response.js",
    "start": 1572057033140,
    "end": 1572057033144,
    "duration": 4,
    "pid": 8020,
    "index": 31
  },
  {
    "name": "Require(26) node_modules/egg/app/extend/response.js",
    "start": 1572057033141,
    "end": 1572057033142,
    "duration": 1,
    "pid": 8020,
    "index": 32
  },
  {
    "name": "Load extend/context.js",
    "start": 1572057033144,
    "end": 1572057033206,
    "duration": 62,
    "pid": 8020,
    "index": 33
  },
  {
    "name": "Require(27) node_modules/egg-security/app/extend/context.js",
    "start": 1572057033144,
    "end": 1572057033153,
    "duration": 9,
    "pid": 8020,
    "index": 34
  },
  {
    "name": "Require(28) node_modules/egg-jsonp/app/extend/context.js",
    "start": 1572057033153,
    "end": 1572057033156,
    "duration": 3,
    "pid": 8020,
    "index": 35
  },
  {
    "name": "Require(29) node_modules/egg-i18n/app/extend/context.js",
    "start": 1572057033157,
    "end": 1572057033157,
    "duration": 0,
    "pid": 8020,
    "index": 36
  },
  {
    "name": "Require(30) node_modules/egg-multipart/app/extend/context.js",
    "start": 1572057033157,
    "end": 1572057033202,
    "duration": 45,
    "pid": 8020,
    "index": 37
  },
  {
    "name": "Require(31) node_modules/egg-view/app/extend/context.js",
    "start": 1572057033202,
    "end": 1572057033203,
    "duration": 1,
    "pid": 8020,
    "index": 38
  },
  {
    "name": "Require(32) node_modules/egg/app/extend/context.js",
    "start": 1572057033204,
    "end": 1572057033205,
    "duration": 1,
    "pid": 8020,
    "index": 39
  },
  {
    "name": "Load extend/helper.js",
    "start": 1572057033206,
    "end": 1572057033225,
    "duration": 19,
    "pid": 8020,
    "index": 40
  },
  {
    "name": "Require(33) node_modules/egg-security/app/extend/helper.js",
    "start": 1572057033206,
    "end": 1572057033222,
    "duration": 16,
    "pid": 8020,
    "index": 41
  },
  {
    "name": "Require(34) node_modules/egg/app/extend/helper.js",
    "start": 1572057033223,
    "end": 1572057033223,
    "duration": 0,
    "pid": 8020,
    "index": 42
  },
  {
    "name": "Load app.js",
    "start": 1572057033225,
    "end": 1572057033280,
    "duration": 55,
    "pid": 8020,
    "index": 43
  },
  {
    "name": "Require(35) node_modules/egg-session/app.js",
    "start": 1572057033225,
    "end": 1572057033225,
    "duration": 0,
    "pid": 8020,
    "index": 44
  },
  {
    "name": "Require(36) node_modules/egg-security/app.js",
    "start": 1572057033226,
    "end": 1572057033227,
    "duration": 1,
    "pid": 8020,
    "index": 45
  },
  {
    "name": "Require(37) node_modules/egg-onerror/app.js",
    "start": 1572057033228,
    "end": 1572057033237,
    "duration": 9,
    "pid": 8020,
    "index": 46
  },
  {
    "name": "Require(38) node_modules/egg-i18n/app.js",
    "start": 1572057033237,
    "end": 1572057033253,
    "duration": 16,
    "pid": 8020,
    "index": 47
  },
  {
    "name": "Require(39) node_modules/egg-watcher/app.js",
    "start": 1572057033253,
    "end": 1572057033256,
    "duration": 3,
    "pid": 8020,
    "index": 48
  },
  {
    "name": "Require(40) node_modules/egg-schedule/app.js",
    "start": 1572057033257,
    "end": 1572057033258,
    "duration": 1,
    "pid": 8020,
    "index": 49
  },
  {
    "name": "Require(41) node_modules/egg-multipart/app.js",
    "start": 1572057033258,
    "end": 1572057033261,
    "duration": 3,
    "pid": 8020,
    "index": 50
  },
  {
    "name": "Require(42) node_modules/egg-development/app.js",
    "start": 1572057033261,
    "end": 1572057033261,
    "duration": 0,
    "pid": 8020,
    "index": 51
  },
  {
    "name": "Require(43) node_modules/egg-logrotator/app.js",
    "start": 1572057033262,
    "end": 1572057033262,
    "duration": 0,
    "pid": 8020,
    "index": 52
  },
  {
    "name": "Require(44) node_modules/egg-static/app.js",
    "start": 1572057033262,
    "end": 1572057033263,
    "duration": 1,
    "pid": 8020,
    "index": 53
  },
  {
    "name": "Require(45) node_modules/egg-mysql/app.js",
    "start": 1572057033263,
    "end": 1572057033280,
    "duration": 17,
    "pid": 8020,
    "index": 54
  },
  {
    "name": "Before Start in node_modules/egg-watcher/lib/init.js:15:14",
    "start": 1572057033297,
    "end": 1572057033522,
    "duration": 225,
    "pid": 8020,
    "index": 55
  },
  {
    "name": "Before Start in node_modules/egg-mysql/lib/mysql.js:20:7",
    "start": 1572057033394,
    "end": 1572057033531,
    "duration": 137,
    "pid": 8020,
    "index": 56
  },
  {
    "name": "Load Service",
    "start": 1572057033395,
    "end": 1572057033398,
    "duration": 3,
    "pid": 8020,
    "index": 57
  },
  {
    "name": "Load \"service\" to Context",
    "start": 1572057033395,
    "end": 1572057033398,
    "duration": 3,
    "pid": 8020,
    "index": 58
  },
  {
    "name": "Load Middleware",
    "start": 1572057033398,
    "end": 1572057033478,
    "duration": 80,
    "pid": 8020,
    "index": 59
  },
  {
    "name": "Load \"middlewares\" to Application",
    "start": 1572057033398,
    "end": 1572057033469,
    "duration": 71,
    "pid": 8020,
    "index": 60
  },
  {
    "name": "Load Controller",
    "start": 1572057033478,
    "end": 1572057033486,
    "duration": 8,
    "pid": 8020,
    "index": 61
  },
  {
    "name": "Load \"controller\" to Application",
    "start": 1572057033478,
    "end": 1572057033486,
    "duration": 8,
    "pid": 8020,
    "index": 62
  },
  {
    "name": "Load Router",
    "start": 1572057033486,
    "end": 1572057033489,
    "duration": 3,
    "pid": 8020,
    "index": 63
  },
  {
    "name": "Require(46) app/router.js",
    "start": 1572057033487,
    "end": 1572057033487,
    "duration": 0,
    "pid": 8020,
    "index": 64
  },
  {
    "name": "Before Start in node_modules/egg-core/lib/egg.js:303:10",
    "start": 1572057033487,
    "end": 1572057033501,
    "duration": 14,
    "pid": 8020,
    "index": 65
  }
]