[
  {
    "name": "Application Start",
    "start": 1572056490268,
    "end": 1572056490821,
    "duration": 553,
    "pid": 13888,
    "index": 0
  },
  {
    "name": "Load Plugin",
    "start": 1572056490274,
    "end": 1572056490292,
    "duration": 18,
    "pid": 13888,
    "index": 1
  },
  {
    "name": "Load Config",
    "start": 1572056490292,
    "end": 1572056490314,
    "duration": 22,
    "pid": 13888,
    "index": 2
  },
  {
    "name": "Require(0) config/config.default.js",
    "start": 1572056490293,
    "end": 1572056490293,
    "duration": 0,
    "pid": 13888,
    "index": 3
  },
  {
    "name": "Require(1) node_modules/egg-session/config/config.default.js",
    "start": 1572056490295,
    "end": 1572056490295,
    "duration": 0,
    "pid": 13888,
    "index": 4
  },
  {
    "name": "Require(2) node_modules/egg-security/config/config.default.js",
    "start": 1572056490295,
    "end": 1572056490296,
    "duration": 1,
    "pid": 13888,
    "index": 5
  },
  {
    "name": "Require(3) node_modules/egg-jsonp/config/config.default.js",
    "start": 1572056490297,
    "end": 1572056490297,
    "duration": 0,
    "pid": 13888,
    "index": 6
  },
  {
    "name": "Require(4) node_modules/egg-onerror/config/config.default.js",
    "start": 1572056490297,
    "end": 1572056490298,
    "duration": 1,
    "pid": 13888,
    "index": 7
  },
  {
    "name": "Require(5) node_modules/egg-i18n/config/config.default.js",
    "start": 1572056490299,
    "end": 1572056490299,
    "duration": 0,
    "pid": 13888,
    "index": 8
  },
  {
    "name": "Require(6) node_modules/egg-watcher/config/config.default.js",
    "start": 1572056490300,
    "end": 1572056490301,
    "duration": 1,
    "pid": 13888,
    "index": 9
  },
  {
    "name": "Require(7) node_modules/egg-schedule/config/config.default.js",
    "start": 1572056490301,
    "end": 1572056490301,
    "duration": 0,
    "pid": 13888,
    "index": 10
  },
  {
    "name": "Require(8) node_modules/egg-multipart/config/config.default.js",
    "start": 1572056490302,
    "end": 1572056490302,
    "duration": 0,
    "pid": 13888,
    "index": 11
  },
  {
    "name": "Require(9) node_modules/egg-development/config/config.default.js",
    "start": 1572056490303,
    "end": 1572056490303,
    "duration": 0,
    "pid": 13888,
    "index": 12
  },
  {
    "name": "Require(10) node_modules/egg-logrotator/config/config.default.js",
    "start": 1572056490304,
    "end": 1572056490306,
    "duration": 2,
    "pid": 13888,
    "index": 13
  },
  {
    "name": "Require(11) node_modules/egg-static/config/config.default.js",
    "start": 1572056490307,
    "end": 1572056490307,
    "duration": 0,
    "pid": 13888,
    "index": 14
  },
  {
    "name": "Require(12) node_modules/egg-view/config/config.default.js",
    "start": 1572056490308,
    "end": 1572056490308,
    "duration": 0,
    "pid": 13888,
    "index": 15
  },
  {
    "name": "Require(13) node_modules/egg-mysql/config/config.default.js",
    "start": 1572056490308,
    "end": 1572056490309,
    "duration": 1,
    "pid": 13888,
    "index": 16
  },
  {
    "name": "Require(14) node_modules/egg/config/config.default.js",
    "start": 1572056490309,
    "end": 1572056490310,
    "duration": 1,
    "pid": 13888,
    "index": 17
  },
  {
    "name": "Require(15) config/config.default.js",
    "start": 1572056490311,
    "end": 1572056490311,
    "duration": 0,
    "pid": 13888,
    "index": 18
  },
  {
    "name": "Require(16) node_modules/egg-security/config/config.local.js",
    "start": 1572056490311,
    "end": 1572056490311,
    "duration": 0,
    "pid": 13888,
    "index": 19
  },
  {
    "name": "Require(17) node_modules/egg-watcher/config/config.local.js",
    "start": 1572056490312,
    "end": 1572056490312,
    "duration": 0,
    "pid": 13888,
    "index": 20
  },
  {
    "name": "Require(18) node_modules/egg-view/config/config.local.js",
    "start": 1572056490313,
    "end": 1572056490313,
    "duration": 0,
    "pid": 13888,
    "index": 21
  },
  {
    "name": "Require(19) node_modules/egg/config/config.local.js",
    "start": 1572056490314,
    "end": 1572056490314,
    "duration": 0,
    "pid": 13888,
    "index": 22
  },
  {
    "name": "Load extend/application.js",
    "start": 1572056490315,
    "end": 1572056490331,
    "duration": 16,
    "pid": 13888,
    "index": 23
  },
  {
    "name": "Require(20) node_modules/egg-session/app/extend/application.js",
    "start": 1572056490316,
    "end": 1572056490317,
    "duration": 1,
    "pid": 13888,
    "index": 24
  },
  {
    "name": "Require(21) node_modules/egg-security/app/extend/application.js",
    "start": 1572056490318,
    "end": 1572056490319,
    "duration": 1,
    "pid": 13888,
    "index": 25
  },
  {
    "name": "Require(22) node_modules/egg-jsonp/app/extend/application.js",
    "start": 1572056490319,
    "end": 1572056490321,
    "duration": 2,
    "pid": 13888,
    "index": 26
  },
  {
    "name": "Require(23) node_modules/egg-logrotator/app/extend/application.js",
    "start": 1572056490322,
    "end": 1572056490324,
    "duration": 2,
    "pid": 13888,
    "index": 27
  },
  {
    "name": "Require(24) node_modules/egg-view/app/extend/application.js",
    "start": 1572056490325,
    "end": 1572056490327,
    "duration": 2,
    "pid": 13888,
    "index": 28
  },
  {
    "name": "Load extend/request.js",
    "start": 1572056490331,
    "end": 1572056490336,
    "duration": 5,
    "pid": 13888,
    "index": 29
  },
  {
    "name": "Require(25) node_modules/egg/app/extend/request.js",
    "start": 1572056490333,
    "end": 1572056490334,
    "duration": 1,
    "pid": 13888,
    "index": 30
  },
  {
    "name": "Load extend/response.js",
    "start": 1572056490336,
    "end": 1572056490341,
    "duration": 5,
    "pid": 13888,
    "index": 31
  },
  {
    "name": "Require(26) node_modules/egg/app/extend/response.js",
    "start": 1572056490338,
    "end": 1572056490339,
    "duration": 1,
    "pid": 13888,
    "index": 32
  },
  {
    "name": "Load extend/context.js",
    "start": 1572056490341,
    "end": 1572056490410,
    "duration": 69,
    "pid": 13888,
    "index": 33
  },
  {
    "name": "Require(27) node_modules/egg-security/app/extend/context.js",
    "start": 1572056490341,
    "end": 1572056490350,
    "duration": 9,
    "pid": 13888,
    "index": 34
  },
  {
    "name": "Require(28) node_modules/egg-jsonp/app/extend/context.js",
    "start": 1572056490351,
    "end": 1572056490352,
    "duration": 1,
    "pid": 13888,
    "index": 35
  },
  {
    "name": "Require(29) node_modules/egg-i18n/app/extend/context.js",
    "start": 1572056490354,
    "end": 1572056490355,
    "duration": 1,
    "pid": 13888,
    "index": 36
  },
  {
    "name": "Require(30) node_modules/egg-multipart/app/extend/context.js",
    "start": 1572056490355,
    "end": 1572056490404,
    "duration": 49,
    "pid": 13888,
    "index": 37
  },
  {
    "name": "Require(31) node_modules/egg-view/app/extend/context.js",
    "start": 1572056490405,
    "end": 1572056490407,
    "duration": 2,
    "pid": 13888,
    "index": 38
  },
  {
    "name": "Require(32) node_modules/egg/app/extend/context.js",
    "start": 1572056490407,
    "end": 1572056490409,
    "duration": 2,
    "pid": 13888,
    "index": 39
  },
  {
    "name": "Load extend/helper.js",
    "start": 1572056490410,
    "end": 1572056490431,
    "duration": 21,
    "pid": 13888,
    "index": 40
  },
  {
    "name": "Require(33) node_modules/egg-security/app/extend/helper.js",
    "start": 1572056490410,
    "end": 1572056490428,
    "duration": 18,
    "pid": 13888,
    "index": 41
  },
  {
    "name": "Require(34) node_modules/egg/app/extend/helper.js",
    "start": 1572056490429,
    "end": 1572056490430,
    "duration": 1,
    "pid": 13888,
    "index": 42
  },
  {
    "name": "Load app.js",
    "start": 1572056490431,
    "end": 1572056490480,
    "duration": 49,
    "pid": 13888,
    "index": 43
  },
  {
    "name": "Require(35) node_modules/egg-session/app.js",
    "start": 1572056490431,
    "end": 1572056490432,
    "duration": 1,
    "pid": 13888,
    "index": 44
  },
  {
    "name": "Require(36) node_modules/egg-security/app.js",
    "start": 1572056490432,
    "end": 1572056490434,
    "duration": 2,
    "pid": 13888,
    "index": 45
  },
  {
    "name": "Require(37) node_modules/egg-onerror/app.js",
    "start": 1572056490434,
    "end": 1572056490441,
    "duration": 7,
    "pid": 13888,
    "index": 46
  },
  {
    "name": "Require(38) node_modules/egg-i18n/app.js",
    "start": 1572056490442,
    "end": 1572056490455,
    "duration": 13,
    "pid": 13888,
    "index": 47
  },
  {
    "name": "Require(39) node_modules/egg-watcher/app.js",
    "start": 1572056490455,
    "end": 1572056490458,
    "duration": 3,
    "pid": 13888,
    "index": 48
  },
  {
    "name": "Require(40) node_modules/egg-schedule/app.js",
    "start": 1572056490458,
    "end": 1572056490460,
    "duration": 2,
    "pid": 13888,
    "index": 49
  },
  {
    "name": "Require(41) node_modules/egg-multipart/app.js",
    "start": 1572056490460,
    "end": 1572056490462,
    "duration": 2,
    "pid": 13888,
    "index": 50
  },
  {
    "name": "Require(42) node_modules/egg-development/app.js",
    "start": 1572056490462,
    "end": 1572056490463,
    "duration": 1,
    "pid": 13888,
    "index": 51
  },
  {
    "name": "Require(43) node_modules/egg-logrotator/app.js",
    "start": 1572056490463,
    "end": 1572056490463,
    "duration": 0,
    "pid": 13888,
    "index": 52
  },
  {
    "name": "Require(44) node_modules/egg-static/app.js",
    "start": 1572056490463,
    "end": 1572056490464,
    "duration": 1,
    "pid": 13888,
    "index": 53
  },
  {
    "name": "Require(45) node_modules/egg-mysql/app.js",
    "start": 1572056490464,
    "end": 1572056490479,
    "duration": 15,
    "pid": 13888,
    "index": 54
  },
  {
    "name": "Before Start in node_modules/egg-watcher/lib/init.js:15:14",
    "start": 1572056490494,
    "end": 1572056490807,
    "duration": 313,
    "pid": 13888,
    "index": 55
  },
  {
    "name": "Before Start in node_modules/egg-mysql/lib/mysql.js:20:7",
    "start": 1572056490592,
    "end": 1572056490820,
    "duration": 228,
    "pid": 13888,
    "index": 56
  },
  {
    "name": "Load Service",
    "start": 1572056490592,
    "end": 1572056490595,
    "duration": 3,
    "pid": 13888,
    "index": 57
  },
  {
    "name": "Load \"service\" to Context",
    "start": 1572056490592,
    "end": 1572056490595,
    "duration": 3,
    "pid": 13888,
    "index": 58
  },
  {
    "name": "Load Middleware",
    "start": 1572056490595,
    "end": 1572056490683,
    "duration": 88,
    "pid": 13888,
    "index": 59
  },
  {
    "name": "Load \"middlewares\" to Application",
    "start": 1572056490595,
    "end": 1572056490675,
    "duration": 80,
    "pid": 13888,
    "index": 60
  },
  {
    "name": "Load Controller",
    "start": 1572056490684,
    "end": 1572056490774,
    "duration": 90,
    "pid": 13888,
    "index": 61
  },
  {
    "name": "Load \"controller\" to Application",
    "start": 1572056490684,
    "end": 1572056490774,
    "duration": 90,
    "pid": 13888,
    "index": 62
  },
  {
    "name": "Load Router",
    "start": 1572056490774,
    "end": 1572056490776,
    "duration": 2,
    "pid": 13888,
    "index": 63
  },
  {
    "name": "Require(46) app/router.js",
    "start": 1572056490775,
    "end": 1572056490775,
    "duration": 0,
    "pid": 13888,
    "index": 64
  },
  {
    "name": "Before Start in node_modules/egg-core/lib/egg.js:303:10",
    "start": 1572056490775,
    "end": 1572056490789,
    "duration": 14,
    "pid": 13888,
    "index": 65
  }
]