[
  {
    "name": "Application Start",
    "start": 1572056951797,
    "end": 1572056952259,
    "duration": 462,
    "pid": 18260,
    "index": 0
  },
  {
    "name": "Load Plugin",
    "start": 1572056951802,
    "end": 1572056951827,
    "duration": 25,
    "pid": 18260,
    "index": 1
  },
  {
    "name": "Load Config",
    "start": 1572056951828,
    "end": 1572056951855,
    "duration": 27,
    "pid": 18260,
    "index": 2
  },
  {
    "name": "Require(0) config/config.default.js",
    "start": 1572056951829,
    "end": 1572056951829,
    "duration": 0,
    "pid": 18260,
    "index": 3
  },
  {
    "name": "Require(1) node_modules/egg-session/config/config.default.js",
    "start": 1572056951831,
    "end": 1572056951831,
    "duration": 0,
    "pid": 18260,
    "index": 4
  },
  {
    "name": "Require(2) node_modules/egg-security/config/config.default.js",
    "start": 1572056951832,
    "end": 1572056951832,
    "duration": 0,
    "pid": 18260,
    "index": 5
  },
  {
    "name": "Require(3) node_modules/egg-jsonp/config/config.default.js",
    "start": 1572056951833,
    "end": 1572056951833,
    "duration": 0,
    "pid": 18260,
    "index": 6
  },
  {
    "name": "Require(4) node_modules/egg-onerror/config/config.default.js",
    "start": 1572056951835,
    "end": 1572056951835,
    "duration": 0,
    "pid": 18260,
    "index": 7
  },
  {
    "name": "Require(5) node_modules/egg-i18n/config/config.default.js",
    "start": 1572056951836,
    "end": 1572056951836,
    "duration": 0,
    "pid": 18260,
    "index": 8
  },
  {
    "name": "Require(6) node_modules/egg-watcher/config/config.default.js",
    "start": 1572056951838,
    "end": 1572056951838,
    "duration": 0,
    "pid": 18260,
    "index": 9
  },
  {
    "name": "Require(7) node_modules/egg-schedule/config/config.default.js",
    "start": 1572056951839,
    "end": 1572056951840,
    "duration": 1,
    "pid": 18260,
    "index": 10
  },
  {
    "name": "Require(8) node_modules/egg-multipart/config/config.default.js",
    "start": 1572056951840,
    "end": 1572056951841,
    "duration": 1,
    "pid": 18260,
    "index": 11
  },
  {
    "name": "Require(9) node_modules/egg-development/config/config.default.js",
    "start": 1572056951842,
    "end": 1572056951842,
    "duration": 0,
    "pid": 18260,
    "index": 12
  },
  {
    "name": "Require(10) node_modules/egg-logrotator/config/config.default.js",
    "start": 1572056951843,
    "end": 1572056951845,
    "duration": 2,
    "pid": 18260,
    "index": 13
  },
  {
    "name": "Require(11) node_modules/egg-static/config/config.default.js",
    "start": 1572056951846,
    "end": 1572056951846,
    "duration": 0,
    "pid": 18260,
    "index": 14
  },
  {
    "name": "Require(12) node_modules/egg-view/config/config.default.js",
    "start": 1572056951847,
    "end": 1572056951847,
    "duration": 0,
    "pid": 18260,
    "index": 15
  },
  {
    "name": "Require(13) node_modules/egg-mysql/config/config.default.js",
    "start": 1572056951848,
    "end": 1572056951848,
    "duration": 0,
    "pid": 18260,
    "index": 16
  },
  {
    "name": "Require(14) node_modules/egg/config/config.default.js",
    "start": 1572056951848,
    "end": 1572056951849,
    "duration": 1,
    "pid": 18260,
    "index": 17
  },
  {
    "name": "Require(15) config/config.default.js",
    "start": 1572056951850,
    "end": 1572056951850,
    "duration": 0,
    "pid": 18260,
    "index": 18
  },
  {
    "name": "Require(16) node_modules/egg-security/config/config.local.js",
    "start": 1572056951851,
    "end": 1572056951851,
    "duration": 0,
    "pid": 18260,
    "index": 19
  },
  {
    "name": "Require(17) node_modules/egg-watcher/config/config.local.js",
    "start": 1572056951852,
    "end": 1572056951853,
    "duration": 1,
    "pid": 18260,
    "index": 20
  },
  {
    "name": "Require(18) node_modules/egg-view/config/config.local.js",
    "start": 1572056951854,
    "end": 1572056951854,
    "duration": 0,
    "pid": 18260,
    "index": 21
  },
  {
    "name": "Require(19) node_modules/egg/config/config.local.js",
    "start": 1572056951854,
    "end": 1572056951855,
    "duration": 1,
    "pid": 18260,
    "index": 22
  },
  {
    "name": "Load extend/application.js",
    "start": 1572056951856,
    "end": 1572056951867,
    "duration": 11,
    "pid": 18260,
    "index": 23
  },
  {
    "name": "Require(20) node_modules/egg-session/app/extend/application.js",
    "start": 1572056951857,
    "end": 1572056951857,
    "duration": 0,
    "pid": 18260,
    "index": 24
  },
  {
    "name": "Require(21) node_modules/egg-security/app/extend/application.js",
    "start": 1572056951858,
    "end": 1572056951859,
    "duration": 1,
    "pid": 18260,
    "index": 25
  },
  {
    "name": "Require(22) node_modules/egg-jsonp/app/extend/application.js",
    "start": 1572056951859,
    "end": 1572056951860,
    "duration": 1,
    "pid": 18260,
    "index": 26
  },
  {
    "name": "Require(23) node_modules/egg-logrotator/app/extend/application.js",
    "start": 1572056951861,
    "end": 1572056951863,
    "duration": 2,
    "pid": 18260,
    "index": 27
  },
  {
    "name": "Require(24) node_modules/egg-view/app/extend/application.js",
    "start": 1572056951864,
    "end": 1572056951865,
    "duration": 1,
    "pid": 18260,
    "index": 28
  },
  {
    "name": "Load extend/request.js",
    "start": 1572056951867,
    "end": 1572056951870,
    "duration": 3,
    "pid": 18260,
    "index": 29
  },
  {
    "name": "Require(25) node_modules/egg/app/extend/request.js",
    "start": 1572056951868,
    "end": 1572056951869,
    "duration": 1,
    "pid": 18260,
    "index": 30
  },
  {
    "name": "Load extend/response.js",
    "start": 1572056951870,
    "end": 1572056951875,
    "duration": 5,
    "pid": 18260,
    "index": 31
  },
  {
    "name": "Require(26) node_modules/egg/app/extend/response.js",
    "start": 1572056951872,
    "end": 1572056951873,
    "duration": 1,
    "pid": 18260,
    "index": 32
  },
  {
    "name": "Load extend/context.js",
    "start": 1572056951875,
    "end": 1572056951934,
    "duration": 59,
    "pid": 18260,
    "index": 33
  },
  {
    "name": "Require(27) node_modules/egg-security/app/extend/context.js",
    "start": 1572056951875,
    "end": 1572056951884,
    "duration": 9,
    "pid": 18260,
    "index": 34
  },
  {
    "name": "Require(28) node_modules/egg-jsonp/app/extend/context.js",
    "start": 1572056951884,
    "end": 1572056951885,
    "duration": 1,
    "pid": 18260,
    "index": 35
  },
  {
    "name": "Require(29) node_modules/egg-i18n/app/extend/context.js",
    "start": 1572056951886,
    "end": 1572056951886,
    "duration": 0,
    "pid": 18260,
    "index": 36
  },
  {
    "name": "Require(30) node_modules/egg-multipart/app/extend/context.js",
    "start": 1572056951886,
    "end": 1572056951928,
    "duration": 42,
    "pid": 18260,
    "index": 37
  },
  {
    "name": "Require(31) node_modules/egg-view/app/extend/context.js",
    "start": 1572056951929,
    "end": 1572056951930,
    "duration": 1,
    "pid": 18260,
    "index": 38
  },
  {
    "name": "Require(32) node_modules/egg/app/extend/context.js",
    "start": 1572056951931,
    "end": 1572056951933,
    "duration": 2,
    "pid": 18260,
    "index": 39
  },
  {
    "name": "Load extend/helper.js",
    "start": 1572056951934,
    "end": 1572056951958,
    "duration": 24,
    "pid": 18260,
    "index": 40
  },
  {
    "name": "Require(33) node_modules/egg-security/app/extend/helper.js",
    "start": 1572056951934,
    "end": 1572056951952,
    "duration": 18,
    "pid": 18260,
    "index": 41
  },
  {
    "name": "Require(34) node_modules/egg/app/extend/helper.js",
    "start": 1572056951954,
    "end": 1572056951955,
    "duration": 1,
    "pid": 18260,
    "index": 42
  },
  {
    "name": "Load app.js",
    "start": 1572056951958,
    "end": 1572056952019,
    "duration": 61,
    "pid": 18260,
    "index": 43
  },
  {
    "name": "Require(35) node_modules/egg-session/app.js",
    "start": 1572056951959,
    "end": 1572056951959,
    "duration": 0,
    "pid": 18260,
    "index": 44
  },
  {
    "name": "Require(36) node_modules/egg-security/app.js",
    "start": 1572056951959,
    "end": 1572056951961,
    "duration": 2,
    "pid": 18260,
    "index": 45
  },
  {
    "name": "Require(37) node_modules/egg-onerror/app.js",
    "start": 1572056951961,
    "end": 1572056951971,
    "duration": 10,
    "pid": 18260,
    "index": 46
  },
  {
    "name": "Require(38) node_modules/egg-i18n/app.js",
    "start": 1572056951971,
    "end": 1572056951987,
    "duration": 16,
    "pid": 18260,
    "index": 47
  },
  {
    "name": "Require(39) node_modules/egg-watcher/app.js",
    "start": 1572056951987,
    "end": 1572056951991,
    "duration": 4,
    "pid": 18260,
    "index": 48
  },
  {
    "name": "Require(40) node_modules/egg-schedule/app.js",
    "start": 1572056951992,
    "end": 1572056951993,
    "duration": 1,
    "pid": 18260,
    "index": 49
  },
  {
    "name": "Require(41) node_modules/egg-multipart/app.js",
    "start": 1572056951994,
    "end": 1572056951997,
    "duration": 3,
    "pid": 18260,
    "index": 50
  },
  {
    "name": "Require(42) node_modules/egg-development/app.js",
    "start": 1572056951997,
    "end": 1572056951998,
    "duration": 1,
    "pid": 18260,
    "index": 51
  },
  {
    "name": "Require(43) node_modules/egg-logrotator/app.js",
    "start": 1572056951998,
    "end": 1572056951998,
    "duration": 0,
    "pid": 18260,
    "index": 52
  },
  {
    "name": "Require(44) node_modules/egg-static/app.js",
    "start": 1572056951999,
    "end": 1572056951999,
    "duration": 0,
    "pid": 18260,
    "index": 53
  },
  {
    "name": "Require(45) node_modules/egg-mysql/app.js",
    "start": 1572056951999,
    "end": 1572056952018,
    "duration": 19,
    "pid": 18260,
    "index": 54
  },
  {
    "name": "Before Start in node_modules/egg-watcher/lib/init.js:15:14",
    "start": 1572056952033,
    "end": 1572056952255,
    "duration": 222,
    "pid": 18260,
    "index": 55
  },
  {
    "name": "Before Start in node_modules/egg-mysql/lib/mysql.js:20:7",
    "start": 1572056952129,
    "end": 1572056952258,
    "duration": 129,
    "pid": 18260,
    "index": 56
  },
  {
    "name": "Load Service",
    "start": 1572056952129,
    "end": 1572056952131,
    "duration": 2,
    "pid": 18260,
    "index": 57
  },
  {
    "name": "Load \"service\" to Context",
    "start": 1572056952129,
    "end": 1572056952131,
    "duration": 2,
    "pid": 18260,
    "index": 58
  },
  {
    "name": "Load Middleware",
    "start": 1572056952132,
    "end": 1572056952210,
    "duration": 78,
    "pid": 18260,
    "index": 59
  },
  {
    "name": "Load \"middlewares\" to Application",
    "start": 1572056952132,
    "end": 1572056952197,
    "duration": 65,
    "pid": 18260,
    "index": 60
  },
  {
    "name": "Load Controller",
    "start": 1572056952210,
    "end": 1572056952216,
    "duration": 6,
    "pid": 18260,
    "index": 61
  },
  {
    "name": "Load \"controller\" to Application",
    "start": 1572056952210,
    "end": 1572056952216,
    "duration": 6,
    "pid": 18260,
    "index": 62
  },
  {
    "name": "Load Router",
    "start": 1572056952217,
    "end": 1572056952219,
    "duration": 2,
    "pid": 18260,
    "index": 63
  },
  {
    "name": "Require(46) app/router.js",
    "start": 1572056952217,
    "end": 1572056952217,
    "duration": 0,
    "pid": 18260,
    "index": 64
  },
  {
    "name": "Before Start in node_modules/egg-core/lib/egg.js:303:10",
    "start": 1572056952217,
    "end": 1572056952232,
    "duration": 15,
    "pid": 18260,
    "index": 65
  }
]