[
  {
    "name": "Application Start",
    "start": 1572056494966,
    "end": 1572056495414,
    "duration": 448,
    "pid": 5088,
    "index": 0
  },
  {
    "name": "Load Plugin",
    "start": 1572056494970,
    "end": 1572056494987,
    "duration": 17,
    "pid": 5088,
    "index": 1
  },
  {
    "name": "Load Config",
    "start": 1572056494987,
    "end": 1572056495010,
    "duration": 23,
    "pid": 5088,
    "index": 2
  },
  {
    "name": "Require(0) config/config.default.js",
    "start": 1572056494988,
    "end": 1572056494989,
    "duration": 1,
    "pid": 5088,
    "index": 3
  },
  {
    "name": "Require(1) node_modules/egg-session/config/config.default.js",
    "start": 1572056494991,
    "end": 1572056494991,
    "duration": 0,
    "pid": 5088,
    "index": 4
  },
  {
    "name": "Require(2) node_modules/egg-security/config/config.default.js",
    "start": 1572056494992,
    "end": 1572056494992,
    "duration": 0,
    "pid": 5088,
    "index": 5
  },
  {
    "name": "Require(3) node_modules/egg-jsonp/config/config.default.js",
    "start": 1572056494993,
    "end": 1572056494993,
    "duration": 0,
    "pid": 5088,
    "index": 6
  },
  {
    "name": "Require(4) node_modules/egg-onerror/config/config.default.js",
    "start": 1572056494993,
    "end": 1572056494994,
    "duration": 1,
    "pid": 5088,
    "index": 7
  },
  {
    "name": "Require(5) node_modules/egg-i18n/config/config.default.js",
    "start": 1572056494994,
    "end": 1572056494995,
    "duration": 1,
    "pid": 5088,
    "index": 8
  },
  {
    "name": "Require(6) node_modules/egg-watcher/config/config.default.js",
    "start": 1572056494995,
    "end": 1572056494996,
    "duration": 1,
    "pid": 5088,
    "index": 9
  },
  {
    "name": "Require(7) node_modules/egg-schedule/config/config.default.js",
    "start": 1572056494996,
    "end": 1572056494997,
    "duration": 1,
    "pid": 5088,
    "index": 10
  },
  {
    "name": "Require(8) node_modules/egg-multipart/config/config.default.js",
    "start": 1572056494997,
    "end": 1572056494997,
    "duration": 0,
    "pid": 5088,
    "index": 11
  },
  {
    "name": "Require(9) node_modules/egg-development/config/config.default.js",
    "start": 1572056494998,
    "end": 1572056494998,
    "duration": 0,
    "pid": 5088,
    "index": 12
  },
  {
    "name": "Require(10) node_modules/egg-logrotator/config/config.default.js",
    "start": 1572056494999,
    "end": 1572056495001,
    "duration": 2,
    "pid": 5088,
    "index": 13
  },
  {
    "name": "Require(11) node_modules/egg-static/config/config.default.js",
    "start": 1572056495002,
    "end": 1572056495002,
    "duration": 0,
    "pid": 5088,
    "index": 14
  },
  {
    "name": "Require(12) node_modules/egg-view/config/config.default.js",
    "start": 1572056495002,
    "end": 1572056495003,
    "duration": 1,
    "pid": 5088,
    "index": 15
  },
  {
    "name": "Require(13) node_modules/egg-mysql/config/config.default.js",
    "start": 1572056495003,
    "end": 1572056495003,
    "duration": 0,
    "pid": 5088,
    "index": 16
  },
  {
    "name": "Require(14) node_modules/egg/config/config.default.js",
    "start": 1572056495004,
    "end": 1572056495004,
    "duration": 0,
    "pid": 5088,
    "index": 17
  },
  {
    "name": "Require(15) config/config.default.js",
    "start": 1572056495005,
    "end": 1572056495005,
    "duration": 0,
    "pid": 5088,
    "index": 18
  },
  {
    "name": "Require(16) node_modules/egg-security/config/config.local.js",
    "start": 1572056495006,
    "end": 1572056495006,
    "duration": 0,
    "pid": 5088,
    "index": 19
  },
  {
    "name": "Require(17) node_modules/egg-watcher/config/config.local.js",
    "start": 1572056495007,
    "end": 1572056495008,
    "duration": 1,
    "pid": 5088,
    "index": 20
  },
  {
    "name": "Require(18) node_modules/egg-view/config/config.local.js",
    "start": 1572056495009,
    "end": 1572056495009,
    "duration": 0,
    "pid": 5088,
    "index": 21
  },
  {
    "name": "Require(19) node_modules/egg/config/config.local.js",
    "start": 1572056495009,
    "end": 1572056495009,
    "duration": 0,
    "pid": 5088,
    "index": 22
  },
  {
    "name": "Load extend/application.js",
    "start": 1572056495011,
    "end": 1572056495020,
    "duration": 9,
    "pid": 5088,
    "index": 23
  },
  {
    "name": "Require(20) node_modules/egg-session/app/extend/application.js",
    "start": 1572056495011,
    "end": 1572056495012,
    "duration": 1,
    "pid": 5088,
    "index": 24
  },
  {
    "name": "Require(21) node_modules/egg-security/app/extend/application.js",
    "start": 1572056495012,
    "end": 1572056495013,
    "duration": 1,
    "pid": 5088,
    "index": 25
  },
  {
    "name": "Require(22) node_modules/egg-jsonp/app/extend/application.js",
    "start": 1572056495014,
    "end": 1572056495015,
    "duration": 1,
    "pid": 5088,
    "index": 26
  },
  {
    "name": "Require(23) node_modules/egg-logrotator/app/extend/application.js",
    "start": 1572056495016,
    "end": 1572056495017,
    "duration": 1,
    "pid": 5088,
    "index": 27
  },
  {
    "name": "Require(24) node_modules/egg-view/app/extend/application.js",
    "start": 1572056495018,
    "end": 1572056495019,
    "duration": 1,
    "pid": 5088,
    "index": 28
  },
  {
    "name": "Load extend/request.js",
    "start": 1572056495020,
    "end": 1572056495025,
    "duration": 5,
    "pid": 5088,
    "index": 29
  },
  {
    "name": "Require(25) node_modules/egg/app/extend/request.js",
    "start": 1572056495021,
    "end": 1572056495023,
    "duration": 2,
    "pid": 5088,
    "index": 30
  },
  {
    "name": "Load extend/response.js",
    "start": 1572056495025,
    "end": 1572056495030,
    "duration": 5,
    "pid": 5088,
    "index": 31
  },
  {
    "name": "Require(26) node_modules/egg/app/extend/response.js",
    "start": 1572056495026,
    "end": 1572056495027,
    "duration": 1,
    "pid": 5088,
    "index": 32
  },
  {
    "name": "Load extend/context.js",
    "start": 1572056495030,
    "end": 1572056495103,
    "duration": 73,
    "pid": 5088,
    "index": 33
  },
  {
    "name": "Require(27) node_modules/egg-security/app/extend/context.js",
    "start": 1572056495030,
    "end": 1572056495043,
    "duration": 13,
    "pid": 5088,
    "index": 34
  },
  {
    "name": "Require(28) node_modules/egg-jsonp/app/extend/context.js",
    "start": 1572056495044,
    "end": 1572056495045,
    "duration": 1,
    "pid": 5088,
    "index": 35
  },
  {
    "name": "Require(29) node_modules/egg-i18n/app/extend/context.js",
    "start": 1572056495047,
    "end": 1572056495047,
    "duration": 0,
    "pid": 5088,
    "index": 36
  },
  {
    "name": "Require(30) node_modules/egg-multipart/app/extend/context.js",
    "start": 1572056495048,
    "end": 1572056495097,
    "duration": 49,
    "pid": 5088,
    "index": 37
  },
  {
    "name": "Require(31) node_modules/egg-view/app/extend/context.js",
    "start": 1572056495098,
    "end": 1572056495099,
    "duration": 1,
    "pid": 5088,
    "index": 38
  },
  {
    "name": "Require(32) node_modules/egg/app/extend/context.js",
    "start": 1572056495099,
    "end": 1572056495101,
    "duration": 2,
    "pid": 5088,
    "index": 39
  },
  {
    "name": "Load extend/helper.js",
    "start": 1572056495103,
    "end": 1572056495122,
    "duration": 19,
    "pid": 5088,
    "index": 40
  },
  {
    "name": "Require(33) node_modules/egg-security/app/extend/helper.js",
    "start": 1572056495103,
    "end": 1572056495119,
    "duration": 16,
    "pid": 5088,
    "index": 41
  },
  {
    "name": "Require(34) node_modules/egg/app/extend/helper.js",
    "start": 1572056495120,
    "end": 1572056495121,
    "duration": 1,
    "pid": 5088,
    "index": 42
  },
  {
    "name": "Load app.js",
    "start": 1572056495122,
    "end": 1572056495173,
    "duration": 51,
    "pid": 5088,
    "index": 43
  },
  {
    "name": "Require(35) node_modules/egg-session/app.js",
    "start": 1572056495123,
    "end": 1572056495123,
    "duration": 0,
    "pid": 5088,
    "index": 44
  },
  {
    "name": "Require(36) node_modules/egg-security/app.js",
    "start": 1572056495124,
    "end": 1572056495125,
    "duration": 1,
    "pid": 5088,
    "index": 45
  },
  {
    "name": "Require(37) node_modules/egg-onerror/app.js",
    "start": 1572056495126,
    "end": 1572056495133,
    "duration": 7,
    "pid": 5088,
    "index": 46
  },
  {
    "name": "Require(38) node_modules/egg-i18n/app.js",
    "start": 1572056495133,
    "end": 1572056495147,
    "duration": 14,
    "pid": 5088,
    "index": 47
  },
  {
    "name": "Require(39) node_modules/egg-watcher/app.js",
    "start": 1572056495147,
    "end": 1572056495150,
    "duration": 3,
    "pid": 5088,
    "index": 48
  },
  {
    "name": "Require(40) node_modules/egg-schedule/app.js",
    "start": 1572056495150,
    "end": 1572056495152,
    "duration": 2,
    "pid": 5088,
    "index": 49
  },
  {
    "name": "Require(41) node_modules/egg-multipart/app.js",
    "start": 1572056495152,
    "end": 1572056495154,
    "duration": 2,
    "pid": 5088,
    "index": 50
  },
  {
    "name": "Require(42) node_modules/egg-development/app.js",
    "start": 1572056495154,
    "end": 1572056495154,
    "duration": 0,
    "pid": 5088,
    "index": 51
  },
  {
    "name": "Require(43) node_modules/egg-logrotator/app.js",
    "start": 1572056495155,
    "end": 1572056495155,
    "duration": 0,
    "pid": 5088,
    "index": 52
  },
  {
    "name": "Require(44) node_modules/egg-static/app.js",
    "start": 1572056495155,
    "end": 1572056495156,
    "duration": 1,
    "pid": 5088,
    "index": 53
  },
  {
    "name": "Require(45) node_modules/egg-mysql/app.js",
    "start": 1572056495156,
    "end": 1572056495172,
    "duration": 16,
    "pid": 5088,
    "index": 54
  },
  {
    "name": "Before Start in node_modules/egg-watcher/lib/init.js:15:14",
    "start": 1572056495188,
    "end": 1572056495410,
    "duration": 222,
    "pid": 5088,
    "index": 55
  },
  {
    "name": "Before Start in node_modules/egg-mysql/lib/mysql.js:20:7",
    "start": 1572056495287,
    "end": 1572056495414,
    "duration": 127,
    "pid": 5088,
    "index": 56
  },
  {
    "name": "Load Service",
    "start": 1572056495287,
    "end": 1572056495290,
    "duration": 3,
    "pid": 5088,
    "index": 57
  },
  {
    "name": "Load \"service\" to Context",
    "start": 1572056495288,
    "end": 1572056495290,
    "duration": 2,
    "pid": 5088,
    "index": 58
  },
  {
    "name": "Load Middleware",
    "start": 1572056495290,
    "end": 1572056495366,
    "duration": 76,
    "pid": 5088,
    "index": 59
  },
  {
    "name": "Load \"middlewares\" to Application",
    "start": 1572056495290,
    "end": 1572056495358,
    "duration": 68,
    "pid": 5088,
    "index": 60
  },
  {
    "name": "Load Controller",
    "start": 1572056495366,
    "end": 1572056495373,
    "duration": 7,
    "pid": 5088,
    "index": 61
  },
  {
    "name": "Load \"controller\" to Application",
    "start": 1572056495366,
    "end": 1572056495373,
    "duration": 7,
    "pid": 5088,
    "index": 62
  },
  {
    "name": "Load Router",
    "start": 1572056495373,
    "end": 1572056495375,
    "duration": 2,
    "pid": 5088,
    "index": 63
  },
  {
    "name": "Require(46) app/router.js",
    "start": 1572056495373,
    "end": 1572056495374,
    "duration": 1,
    "pid": 5088,
    "index": 64
  },
  {
    "name": "Before Start in node_modules/egg-core/lib/egg.js:303:10",
    "start": 1572056495374,
    "end": 1572056495386,
    "duration": 12,
    "pid": 5088,
    "index": 65
  }
]