[
  {
    "name": "Application Start",
    "start": 1572055964217,
    "end": 1572055964664,
    "duration": 447,
    "pid": 19196,
    "index": 0
  },
  {
    "name": "Load Plugin",
    "start": 1572055964222,
    "end": 1572055964239,
    "duration": 17,
    "pid": 19196,
    "index": 1
  },
  {
    "name": "Load Config",
    "start": 1572055964240,
    "end": 1572055964262,
    "duration": 22,
    "pid": 19196,
    "index": 2
  },
  {
    "name": "Require(0) config/config.default.js",
    "start": 1572055964241,
    "end": 1572055964241,
    "duration": 0,
    "pid": 19196,
    "index": 3
  },
  {
    "name": "Require(1) node_modules/egg-session/config/config.default.js",
    "start": 1572055964243,
    "end": 1572055964243,
    "duration": 0,
    "pid": 19196,
    "index": 4
  },
  {
    "name": "Require(2) node_modules/egg-security/config/config.default.js",
    "start": 1572055964244,
    "end": 1572055964244,
    "duration": 0,
    "pid": 19196,
    "index": 5
  },
  {
    "name": "Require(3) node_modules/egg-jsonp/config/config.default.js",
    "start": 1572055964245,
    "end": 1572055964245,
    "duration": 0,
    "pid": 19196,
    "index": 6
  },
  {
    "name": "Require(4) node_modules/egg-onerror/config/config.default.js",
    "start": 1572055964245,
    "end": 1572055964246,
    "duration": 1,
    "pid": 19196,
    "index": 7
  },
  {
    "name": "Require(5) node_modules/egg-i18n/config/config.default.js",
    "start": 1572055964246,
    "end": 1572055964246,
    "duration": 0,
    "pid": 19196,
    "index": 8
  },
  {
    "name": "Require(6) node_modules/egg-watcher/config/config.default.js",
    "start": 1572055964247,
    "end": 1572055964247,
    "duration": 0,
    "pid": 19196,
    "index": 9
  },
  {
    "name": "Require(7) node_modules/egg-schedule/config/config.default.js",
    "start": 1572055964248,
    "end": 1572055964248,
    "duration": 0,
    "pid": 19196,
    "index": 10
  },
  {
    "name": "Require(8) node_modules/egg-multipart/config/config.default.js",
    "start": 1572055964249,
    "end": 1572055964249,
    "duration": 0,
    "pid": 19196,
    "index": 11
  },
  {
    "name": "Require(9) node_modules/egg-development/config/config.default.js",
    "start": 1572055964250,
    "end": 1572055964250,
    "duration": 0,
    "pid": 19196,
    "index": 12
  },
  {
    "name": "Require(10) node_modules/egg-logrotator/config/config.default.js",
    "start": 1572055964250,
    "end": 1572055964253,
    "duration": 3,
    "pid": 19196,
    "index": 13
  },
  {
    "name": "Require(11) node_modules/egg-static/config/config.default.js",
    "start": 1572055964253,
    "end": 1572055964253,
    "duration": 0,
    "pid": 19196,
    "index": 14
  },
  {
    "name": "Require(12) node_modules/egg-view/config/config.default.js",
    "start": 1572055964254,
    "end": 1572055964254,
    "duration": 0,
    "pid": 19196,
    "index": 15
  },
  {
    "name": "Require(13) node_modules/egg-mysql/config/config.default.js",
    "start": 1572055964255,
    "end": 1572055964255,
    "duration": 0,
    "pid": 19196,
    "index": 16
  },
  {
    "name": "Require(14) node_modules/egg/config/config.default.js",
    "start": 1572055964255,
    "end": 1572055964256,
    "duration": 1,
    "pid": 19196,
    "index": 17
  },
  {
    "name": "Require(15) config/config.default.js",
    "start": 1572055964258,
    "end": 1572055964258,
    "duration": 0,
    "pid": 19196,
    "index": 18
  },
  {
    "name": "Require(16) node_modules/egg-security/config/config.local.js",
    "start": 1572055964259,
    "end": 1572055964259,
    "duration": 0,
    "pid": 19196,
    "index": 19
  },
  {
    "name": "Require(17) node_modules/egg-watcher/config/config.local.js",
    "start": 1572055964260,
    "end": 1572055964260,
    "duration": 0,
    "pid": 19196,
    "index": 20
  },
  {
    "name": "Require(18) node_modules/egg-view/config/config.local.js",
    "start": 1572055964261,
    "end": 1572055964261,
    "duration": 0,
    "pid": 19196,
    "index": 21
  },
  {
    "name": "Require(19) node_modules/egg/config/config.local.js",
    "start": 1572055964261,
    "end": 1572055964262,
    "duration": 1,
    "pid": 19196,
    "index": 22
  },
  {
    "name": "Load extend/application.js",
    "start": 1572055964263,
    "end": 1572055964274,
    "duration": 11,
    "pid": 19196,
    "index": 23
  },
  {
    "name": "Require(20) node_modules/egg-session/app/extend/application.js",
    "start": 1572055964264,
    "end": 1572055964264,
    "duration": 0,
    "pid": 19196,
    "index": 24
  },
  {
    "name": "Require(21) node_modules/egg-security/app/extend/application.js",
    "start": 1572055964264,
    "end": 1572055964265,
    "duration": 1,
    "pid": 19196,
    "index": 25
  },
  {
    "name": "Require(22) node_modules/egg-jsonp/app/extend/application.js",
    "start": 1572055964266,
    "end": 1572055964267,
    "duration": 1,
    "pid": 19196,
    "index": 26
  },
  {
    "name": "Require(23) node_modules/egg-logrotator/app/extend/application.js",
    "start": 1572055964269,
    "end": 1572055964270,
    "duration": 1,
    "pid": 19196,
    "index": 27
  },
  {
    "name": "Require(24) node_modules/egg-view/app/extend/application.js",
    "start": 1572055964271,
    "end": 1572055964273,
    "duration": 2,
    "pid": 19196,
    "index": 28
  },
  {
    "name": "Load extend/request.js",
    "start": 1572055964274,
    "end": 1572055964278,
    "duration": 4,
    "pid": 19196,
    "index": 29
  },
  {
    "name": "Require(25) node_modules/egg/app/extend/request.js",
    "start": 1572055964276,
    "end": 1572055964277,
    "duration": 1,
    "pid": 19196,
    "index": 30
  },
  {
    "name": "Load extend/response.js",
    "start": 1572055964278,
    "end": 1572055964282,
    "duration": 4,
    "pid": 19196,
    "index": 31
  },
  {
    "name": "Require(26) node_modules/egg/app/extend/response.js",
    "start": 1572055964279,
    "end": 1572055964280,
    "duration": 1,
    "pid": 19196,
    "index": 32
  },
  {
    "name": "Load extend/context.js",
    "start": 1572055964282,
    "end": 1572055964342,
    "duration": 60,
    "pid": 19196,
    "index": 33
  },
  {
    "name": "Require(27) node_modules/egg-security/app/extend/context.js",
    "start": 1572055964283,
    "end": 1572055964292,
    "duration": 9,
    "pid": 19196,
    "index": 34
  },
  {
    "name": "Require(28) node_modules/egg-jsonp/app/extend/context.js",
    "start": 1572055964292,
    "end": 1572055964293,
    "duration": 1,
    "pid": 19196,
    "index": 35
  },
  {
    "name": "Require(29) node_modules/egg-i18n/app/extend/context.js",
    "start": 1572055964294,
    "end": 1572055964294,
    "duration": 0,
    "pid": 19196,
    "index": 36
  },
  {
    "name": "Require(30) node_modules/egg-multipart/app/extend/context.js",
    "start": 1572055964295,
    "end": 1572055964337,
    "duration": 42,
    "pid": 19196,
    "index": 37
  },
  {
    "name": "Require(31) node_modules/egg-view/app/extend/context.js",
    "start": 1572055964338,
    "end": 1572055964339,
    "duration": 1,
    "pid": 19196,
    "index": 38
  },
  {
    "name": "Require(32) node_modules/egg/app/extend/context.js",
    "start": 1572055964340,
    "end": 1572055964341,
    "duration": 1,
    "pid": 19196,
    "index": 39
  },
  {
    "name": "Load extend/helper.js",
    "start": 1572055964342,
    "end": 1572055964361,
    "duration": 19,
    "pid": 19196,
    "index": 40
  },
  {
    "name": "Require(33) node_modules/egg-security/app/extend/helper.js",
    "start": 1572055964343,
    "end": 1572055964358,
    "duration": 15,
    "pid": 19196,
    "index": 41
  },
  {
    "name": "Require(34) node_modules/egg/app/extend/helper.js",
    "start": 1572055964359,
    "end": 1572055964360,
    "duration": 1,
    "pid": 19196,
    "index": 42
  },
  {
    "name": "Load app.js",
    "start": 1572055964361,
    "end": 1572055964413,
    "duration": 52,
    "pid": 19196,
    "index": 43
  },
  {
    "name": "Require(35) node_modules/egg-session/app.js",
    "start": 1572055964361,
    "end": 1572055964362,
    "duration": 1,
    "pid": 19196,
    "index": 44
  },
  {
    "name": "Require(36) node_modules/egg-security/app.js",
    "start": 1572055964362,
    "end": 1572055964363,
    "duration": 1,
    "pid": 19196,
    "index": 45
  },
  {
    "name": "Require(37) node_modules/egg-onerror/app.js",
    "start": 1572055964364,
    "end": 1572055964372,
    "duration": 8,
    "pid": 19196,
    "index": 46
  },
  {
    "name": "Require(38) node_modules/egg-i18n/app.js",
    "start": 1572055964373,
    "end": 1572055964386,
    "duration": 13,
    "pid": 19196,
    "index": 47
  },
  {
    "name": "Require(39) node_modules/egg-watcher/app.js",
    "start": 1572055964386,
    "end": 1572055964389,
    "duration": 3,
    "pid": 19196,
    "index": 48
  },
  {
    "name": "Require(40) node_modules/egg-schedule/app.js",
    "start": 1572055964390,
    "end": 1572055964391,
    "duration": 1,
    "pid": 19196,
    "index": 49
  },
  {
    "name": "Require(41) node_modules/egg-multipart/app.js",
    "start": 1572055964391,
    "end": 1572055964393,
    "duration": 2,
    "pid": 19196,
    "index": 50
  },
  {
    "name": "Require(42) node_modules/egg-development/app.js",
    "start": 1572055964393,
    "end": 1572055964394,
    "duration": 1,
    "pid": 19196,
    "index": 51
  },
  {
    "name": "Require(43) node_modules/egg-logrotator/app.js",
    "start": 1572055964394,
    "end": 1572055964394,
    "duration": 0,
    "pid": 19196,
    "index": 52
  },
  {
    "name": "Require(44) node_modules/egg-static/app.js",
    "start": 1572055964395,
    "end": 1572055964395,
    "duration": 0,
    "pid": 19196,
    "index": 53
  },
  {
    "name": "Require(45) node_modules/egg-mysql/app.js",
    "start": 1572055964395,
    "end": 1572055964412,
    "duration": 17,
    "pid": 19196,
    "index": 54
  },
  {
    "name": "Before Start in node_modules/egg-watcher/lib/init.js:15:14",
    "start": 1572055964431,
    "end": 1572055964656,
    "duration": 225,
    "pid": 19196,
    "index": 55
  },
  {
    "name": "Before Start in node_modules/egg-mysql/lib/mysql.js:20:7",
    "start": 1572055964541,
    "end": 1572055964663,
    "duration": 122,
    "pid": 19196,
    "index": 56
  },
  {
    "name": "Load Service",
    "start": 1572055964541,
    "end": 1572055964544,
    "duration": 3,
    "pid": 19196,
    "index": 57
  },
  {
    "name": "Load \"service\" to Context",
    "start": 1572055964541,
    "end": 1572055964544,
    "duration": 3,
    "pid": 19196,
    "index": 58
  },
  {
    "name": "Load Middleware",
    "start": 1572055964544,
    "end": 1572055964617,
    "duration": 73,
    "pid": 19196,
    "index": 59
  },
  {
    "name": "Load \"middlewares\" to Application",
    "start": 1572055964544,
    "end": 1572055964609,
    "duration": 65,
    "pid": 19196,
    "index": 60
  },
  {
    "name": "Load Controller",
    "start": 1572055964617,
    "end": 1572055964624,
    "duration": 7,
    "pid": 19196,
    "index": 61
  },
  {
    "name": "Load \"controller\" to Application",
    "start": 1572055964617,
    "end": 1572055964624,
    "duration": 7,
    "pid": 19196,
    "index": 62
  },
  {
    "name": "Load Router",
    "start": 1572055964625,
    "end": 1572055964626,
    "duration": 1,
    "pid": 19196,
    "index": 63
  },
  {
    "name": "Require(46) app/router.js",
    "start": 1572055964625,
    "end": 1572055964625,
    "duration": 0,
    "pid": 19196,
    "index": 64
  },
  {
    "name": "Before Start in node_modules/egg-core/lib/egg.js:303:10",
    "start": 1572055964625,
    "end": 1572055964638,
    "duration": 13,
    "pid": 19196,
    "index": 65
  }
]